Name: CCTV-1, URL: http://php.jdshipin.com:8880/TVOD/iptv.php?id=rthk33, From: None, IPv_Type: ipv6, Location: 美国, ISP: CloudFlare Inc., Date: None, Delay: -1 ms, Speed: 0.00 M/s, Resolution: None
Name: CCTV-1, URL: http://iptv.huuc.edu.cn/hls/cctv1hd.m3u8, From: subscribe, IPv_Type: ipv6, Location: 中国, ISP: 教育网, Date: None, Delay: 0.1 ms, Speed: inf M/s, Resolution: 1920x1080
Name: CCTV-1, URL: https://smart.pendy.dpdns.org/Smart.php?id=cctv1, From: subscribe, IPv_Type: ipv6, Location: 美国, ISP: CloudFlare Inc., Date: None, Delay: 0.1 ms, Speed: inf M/s, Resolution: 1920x1080
Name: CCTV-1, URL: http://yc.myds.me:35455/gaoma/cctv1.m3u8, From: subscribe, IPv_Type: ipv6, Location: 中国, ISP: 中国电信, Date: None, Delay: 0.1 ms, Speed: inf M/s, Resolution: 1920x1080
Name: CCTV-1, URL: http://nas.suntao.online:35455/itv/6000000001000029752.m3u8?cdn=wasusyt, From: subscribe, IPv_Type: ipv6, Location: 中国, ISP: 中国联通, Date: None, Delay: 0.1 ms, Speed: inf M/s, Resolution: 1920x1080
Name: CCTV-1, URL: http://lu.wqwqwq.sbs/itv/1000000005000265001.m3u8?cdn=ystenlive, From: subscribe, IPv_Type: ipv6, Location: 美国, ISP: CloudFlare Inc., Date: None, Delay: 0.1 ms, Speed: inf M/s, Resolution: 1920x1080
Name: CCTV-1, URL: http://[2409:8087:5e01:34::21]:6610/ZTE_CMS/00000001000000060000000000000131/index.m3u8?IAS, From: subscribe, IPv_Type: ipv6, Location: 中国, ISP: 中国移动, Date: None, Delay: 0.1 ms, Speed: inf M/s, Resolution: 1920x1080
Name: CCTV-1, URL: http://[2409:8087:5e01:34::22]:6610/ZTE_CMS/00000001000000060000000000000131/index.m3u8?IAS, From: subscribe, IPv_Type: ipv6, Location: 中国, ISP: 中国移动, Date: None, Delay: 0.1 ms, Speed: inf M/s, Resolution: 1920x1080
Name: CCTV-1, URL: http://[2409:8087:5e01:34::23]:6610/ZTE_CMS/00000001000000060000000000000131/index.m3u8?IAS, From: subscribe, IPv_Type: ipv6, Location: 中国, ISP: 中国移动, Date: None, Delay: 0.1 ms, Speed: inf M/s, Resolution: 1920x1080
Name: CCTV-1, URL: http://[2409:8087:5e01:34::20]:6610/ZTE_CMS/00000001000000060000000000000131/index.m3u8?IAS, From: subscribe, IPv_Type: ipv6, Location: 中国, ISP: 中国移动, Date: None, Delay: 0.1 ms, Speed: inf M/s, Resolution: 1920x1080
Name: CCTV-1, URL: https://ldncctvwbndhwy.cntv.myhwcdn.cn/ldncctvwbnd/ldcctv1_2/index.m3u8, From: subscribe, IPv_Type: ipv6, Location: 中国, ISP: 中国联通, Date: None, Delay: 0.1 ms, Speed: inf M/s, Resolution: 1920x1080
Name: CCTV-1, URL: https://cdn5.163189.xyz/live/cctv1/stream.m3u8, From: subscribe, IPv_Type: ipv6, Location: 美国, ISP: CloudFlare Inc., Date: None, Delay: 0.1 ms, Speed: inf M/s, Resolution: 1920x1080
Name: CCTV-1, URL: http://[2409:8087:4c0a:22:1::11]:6410/170000001115/UmaiCHAN111128BESTVSMGSMG/index.m3u8?AuthInfo=9kOOdBn7MFF%2F2bWjKgahUU6FFmRK8Hl0ytyd5e5kWGEwoDIwMxbrlyyVy9x6ZDKnldIYKOjBOUjRyoym5n7Kg0yIYstFTUfqtC14fzxhy5Y, From: subscribe, IPv_Type: ipv6, Location: 中国, ISP: 中国移动, Date: None, Delay: 0.1 ms, Speed: inf M/s, Resolution: 1920x1080
Name: CCTV-1, URL: http://[2409:8087:5e00:24::1f]:6060/ZTE_CMS/00000001000000060000000000000131/index.m3u8, From: subscribe, IPv_Type: ipv6, Location: 中国, ISP: 中国移动, Date: None, Delay: 0.1 ms, Speed: inf M/s, Resolution: 1920x1080
Name: CCTV-1, URL: http://[2409:8087:74f0:22::4]:6610/270000001128/9900000501/index.m3u8, From: subscribe, IPv_Type: ipv6, Location: 中国, ISP: 中国移动, Date: None, Delay: 0.1 ms, Speed: inf M/s, Resolution: 1920x1080
Name: CCTV-1, URL: http://[2409:8087:3869:8021:1001::e5]:6610/PLTV/88888910/224/3221225642/index.m3u8, From: subscribe, IPv_Type: ipv6, Location: 中国, ISP: 中国移动, Date: None, Delay: -1 ms, Speed: 0.00 M/s, Resolution: None
Name: CCTV-1, URL: http://rrs01.hw.gmcc.net:8088/PLTV/81/224/3221226737/1.m3u8, From: subscribe, IPv_Type: ipv6, Location: 中国, ISP: 中国移动, Date: None, Delay: -1 ms, Speed: 0.00 M/s, Resolution: None
Name: CCTV-1, URL: http://k.061899.xyz/m.php?id=cctv1, From: subscribe, IPv_Type: ipv6, Location: 新加坡, ISP: Aceville Pte.Ltd., Date: None, Delay: -1 ms, Speed: 0.00 M/s, Resolution: None
Name: CCTV-1, URL: http://[2409:8087:5e00:24::1e]:6060/200000001898/460000089800010011/1.m3u8, From: subscribe, IPv_Type: ipv6, Location: 中国, ISP: 中国移动, Date: None, Delay: -1 ms, Speed: 0.00 M/s, Resolution: None
Name: CCTV-1, URL: http://[2409:8087:5e08:25::16]:6610/200000001898/460000089800010011/1.m3u8, From: subscribe, IPv_Type: ipv6, Location: 中国, ISP: 中国移动, Date: None, Delay: -1 ms, Speed: 0.00 M/s, Resolution: None
Name: CCTV-1, URL: https://migu.188766.xyz/?migutoken=aad6864c326f4bfd7b16cefd4097c870&id=CCTV1&type=yy, From: None, IPv_Type: ipv6, Location: 美国, ISP: CloudFlare Inc., Date: None, Delay: -1 ms, Speed: 0.00 M/s, Resolution: None
Name: CCTV-1, URL: https://cc06.tv12.xyz/1.m3u8, From: subscribe, IPv_Type: ipv6, Location: 美国, ISP: CloudFlare Inc., Date: None, Delay: -1 ms, Speed: 0.00 M/s, Resolution: None
Name: CCTV-1, URL: http://zjzcf.synology.me:35455/gaoma/cctv1.m3u8, From: subscribe, IPv_Type: ipv6, Location: 中国, ISP: 中国移动, Date: None, Delay: -1 ms, Speed: 0.00 M/s, Resolution: None
Name: CCTV-1, URL: https://jzb.wwkejishe.top/?id=578, From: subscribe, IPv_Type: ipv6, Location: 美国, ISP: CloudFlare Inc., Date: None, Delay: -1 ms, Speed: 0.00 M/s, Resolution: None
Name: CCTV-1, URL: https://hls-gateway.vpstv.net/streams/476879.m3u8, From: subscribe, IPv_Type: ipv6, Location: 美国, ISP: CloudFlare Inc., Date: None, Delay: -1 ms, Speed: 0.00 M/s, Resolution: None
Name: CCTV-1, URL: https://shyd.695847.xyz/cms001/ch00000090990000001388/index.m3u8?IASHttpSessionId=RR4967720251014100028031761&ispcode=12, From: subscribe, IPv_Type: ipv6, Location: 美国, ISP: CloudFlare Inc., Date: None, Delay: -1 ms, Speed: 0.00 M/s, Resolution: None
Name: CCTV-1, URL: https://iptv.catvod.com/live.php?id=CCTV1%E7%BB%BC%E5%90%88, From: subscribe, IPv_Type: ipv6, Location: 美国, ISP: CloudFlare Inc., Date: None, Delay: -1 ms, Speed: 0.00 M/s, Resolution: None
Name: CCTV-1, URL: https://live.chinacert.cftest5.cn/mg/?id=608807420, From: subscribe, IPv_Type: ipv6, Location: 中国, ISP: 中国移动, Date: None, Delay: -1 ms, Speed: 0.00 M/s, Resolution: None
Name: CCTV-2, URL: http://php.jdshipin.com/TVOD/hljyd.php?id=3221225588, From: subscribe, IPv_Type: ipv6, Location: 美国, ISP: CloudFlare Inc., Date: None, Delay: 0.1 ms, Speed: inf M/s, Resolution: 1920x1080
Name: CCTV-2, URL: http://goo.bkpcp.top/mg/CCTV2, From: subscribe, IPv_Type: ipv6, Location: 美国, ISP: CloudFlare Inc., Date: None, Delay: 0.1 ms, Speed: inf M/s, Resolution: 1920x1080
Name: CCTV-2, URL: http://iptv.huuc.edu.cn/hls/cctv2hd.m3u8, From: subscribe, IPv_Type: ipv6, Location: 中国, ISP: 教育网, Date: None, Delay: 0.1 ms, Speed: inf M/s, Resolution: 1920x1080
Name: CCTV-2, URL: https://smart.pendy.dpdns.org/Smart.php?id=cctv2, From: subscribe, IPv_Type: ipv6, Location: 美国, ISP: CloudFlare Inc., Date: None, Delay: 0.1 ms, Speed: inf M/s, Resolution: 1920x1080
Name: CCTV-2, URL: http://yc.myds.me:35455/gaoma/cctv2.m3u8, From: subscribe, IPv_Type: ipv6, Location: 中国, ISP: 中国电信, Date: None, Delay: 0.1 ms, Speed: inf M/s, Resolution: 1920x1080
Name: CCTV-2, URL: http://lu.wqwqwq.sbs/itv/1000000001000023315.m3u8?cdn=ystenlive, From: subscribe, IPv_Type: ipv6, Location: 美国, ISP: CloudFlare Inc., Date: None, Delay: 0.1 ms, Speed: inf M/s, Resolution: 1920x1080
Name: CCTV-2, URL: http://[2409:8087:5e01:34::22]:6610/ZTE_CMS/00000001000000060000000000000372/index.m3u8?IAS, From: subscribe, IPv_Type: ipv6, Location: 中国, ISP: 中国移动, Date: None, Delay: 0.1 ms, Speed: inf M/s, Resolution: 1920x1080
Name: CCTV-2, URL: http://[2409:8087:5e00:24::1f]:6060/ZTE_CMS/00000001000000060000000000000372/index.m3u8, From: subscribe, IPv_Type: ipv6, Location: 中国, ISP: 中国移动, Date: None, Delay: 0.1 ms, Speed: inf M/s, Resolution: 1920x1080
Name: CCTV-2, URL: http://[2409:8087:5e01:34::20]:6610/ZTE_CMS/00000001000000060000000000000372/index.m3u8?IAS, From: subscribe, IPv_Type: ipv6, Location: 中国, ISP: 中国移动, Date: None, Delay: 0.1 ms, Speed: inf M/s, Resolution: 1920x1080
Name: CCTV-2, URL: http://[2409:8087:5e01:34::21]:6610/ZTE_CMS/00000001000000060000000000000372/index.m3u8?IAS, From: subscribe, IPv_Type: ipv6, Location: 中国, ISP: 中国移动, Date: None, Delay: 0.1 ms, Speed: inf M/s, Resolution: 1920x1080
Name: CCTV-2, URL: http://[2409:8087:5e01:34::23]:6610/ZTE_CMS/00000001000000060000000000000372/index.m3u8?IAS, From: subscribe, IPv_Type: ipv6, Location: 中国, ISP: 中国移动, Date: None, Delay: 0.1 ms, Speed: inf M/s, Resolution: 1920x1080
Name: CCTV-2, URL: https://epg.pw/stream/f86540c126a751cc707e3805911549bd077fb5a7f0f53a824212d75addea3747.m3u8, From: subscribe, IPv_Type: ipv6, Location: 美国, ISP: CloudFlare Inc., Date: None, Delay: 0.1 ms, Speed: inf M/s, Resolution: 1920x1080
Name: CCTV-2, URL: http://[2409:8087:4c0a:22:1::11]:6410/170000001115/UmaiCHAN5000036BESTVSMGSMG/index.m3u8?AuthInfo=9kOOdBn7MFF%2F2bWjKgahUSpr1AVNI633ampcuzdN%2BfGVSARKsxkWGZw7vFUuOj2QZHeRzosIxVbl7i2QHFATHA3k5wDWG1qHkZQAleNv%2FbI, From: subscribe, IPv_Type: ipv6, Location: 中国, ISP: 中国移动, Date: None, Delay: 0.1 ms, Speed: inf M/s, Resolution: 1920x1080
Name: CCTV-2, URL: http://[2409:8087:5e01:34::38]:6610/ZTE_CMS/00000001000000060000000000000372/index.m3u8, From: subscribe, IPv_Type: ipv6, Location: 中国, ISP: 中国移动, Date: None, Delay: 0.1 ms, Speed: inf M/s, Resolution: 1920x1080
Name: CCTV-2, URL: http://[2409:8087:74f0:22::4]:6410/270000001128/9900000502/index.m3u8, From: subscribe, IPv_Type: ipv6, Location: 中国, ISP: 中国移动, Date: None, Delay: 0.1 ms, Speed: inf M/s, Resolution: 1920x1080
Name: CCTV-2, URL: http://[2409:8087:3869:8021:1001::e5]:6610/PLTV/88888910/224/3221225643/index.m3u8, From: subscribe, IPv_Type: ipv6, Location: 中国, ISP: 中国移动, Date: None, Delay: 0.1 ms, Speed: inf M/s, Resolution: 1920x1080
Name: CCTV-2, URL: http://rrs01.hw.gmcc.net:8088/PLTV/81/224/3221226739/1.m3u8, From: subscribe, IPv_Type: ipv6, Location: 中国, ISP: 中国移动, Date: None, Delay: -1 ms, Speed: 0.00 M/s, Resolution: None
Name: CCTV-2, URL: http://[2409:8087:1a01:df::4041]:80/TVOD/88888888/224/3221225799/main.m3u8, From: subscribe, IPv_Type: ipv6, Location: 中国, ISP: 中国移动, Date: None, Delay: -1 ms, Speed: 0.00 M/s, Resolution: None
Name: CCTV-2, URL: http://k.061899.xyz/m.php?id=cctv2, From: subscribe, IPv_Type: ipv6, Location: 新加坡, ISP: Aceville Pte.Ltd., Date: None, Delay: -1 ms, Speed: 0.00 M/s, Resolution: None
Name: CCTV-2, URL: http://[2409:8087:5e00:24::1e]:6060/200000001898/460000089800010050/1.m3u8, From: subscribe, IPv_Type: ipv6, Location: 中国, ISP: 中国移动, Date: None, Delay: -1 ms, Speed: 0.00 M/s, Resolution: None
Name: CCTV-2, URL: http://[2409:8087:5e08:25::16]:6610/200000001898/460000089800010050/1.m3u8, From: subscribe, IPv_Type: ipv6, Location: 中国, ISP: 中国移动, Date: None, Delay: -1 ms, Speed: 0.00 M/s, Resolution: None
Name: CCTV-2, URL: https://migu.188766.xyz/?migutoken=5e0e5e761e7e8e4393b2c59980fba0ae&id=CCTV2&type=yy, From: None, IPv_Type: ipv6, Location: 美国, ISP: CloudFlare Inc., Date: None, Delay: -1 ms, Speed: 0.00 M/s, Resolution: None
Name: CCTV-2, URL: https://cc06.tv12.xyz/2.m3u8, From: subscribe, IPv_Type: ipv6, Location: 美国, ISP: CloudFlare Inc., Date: None, Delay: -1 ms, Speed: 0.00 M/s, Resolution: None
Name: CCTV-2, URL: https://iptv.catvod.com/live.php?id=CCTV2%E8%B4%A2%E7%BB%8F, From: subscribe, IPv_Type: ipv6, Location: 美国, ISP: CloudFlare Inc., Date: None, Delay: -1 ms, Speed: 0.00 M/s, Resolution: None
Name: CCTV-2, URL: https://shyd.695847.xyz/cms001/ch00000090990000001220/index.m3u8?IASHttpSessionId=RR4967720251014100028031761&ispcode=12, From: subscribe, IPv_Type: ipv6, Location: 美国, ISP: CloudFlare Inc., Date: None, Delay: -1 ms, Speed: 0.00 M/s, Resolution: None
Name: CCTV-2, URL: https://live.chinacert.cftest5.cn/mg/?id=631780532, From: subscribe, IPv_Type: ipv6, Location: 中国, ISP: 中国移动, Date: None, Delay: -1 ms, Speed: 0.00 M/s, Resolution: None
Name: CCTV-3, URL: http://php.jdshipin.com/TVOD/hljyd.php?id=3221226021, From: subscribe, IPv_Type: ipv6, Location: 美国, ISP: CloudFlare Inc., Date: None, Delay: 0.1 ms, Speed: inf M/s, Resolution: 1920x1080
Name: CCTV-3, URL: http://iptv.huuc.edu.cn/hls/cctv3hd.m3u8, From: subscribe, IPv_Type: ipv6, Location: 中国, ISP: 教育网, Date: None, Delay: 0.1 ms, Speed: inf M/s, Resolution: 1920x1080
Name: CCTV-3, URL: http://[2409:8087:1a01:df::4041]:80/TVOD/88888888/224/3221225799/main.m3u8, From: subscribe, IPv_Type: ipv6, Location: 中国, ISP: 中国移动, Date: None, Delay: -1 ms, Speed: 0.00 M/s, Resolution: None
Name: CCTV-3, URL: https://smart.pendy.dpdns.org/Smart.php?id=cctv3, From: subscribe, IPv_Type: ipv6, Location: 美国, ISP: CloudFlare Inc., Date: None, Delay: 0.1 ms, Speed: inf M/s, Resolution: 1920x1080
Name: CCTV-3, URL: http://[2409:8087:4c0a:22:1::11]:6410/170000001115/UmaiCHAN638727c125355/index.m3u8?AuthInfo=9kOOdBn7MFF%2F2bWjKgahUSPTZ4CK5oLfjaEYe9dogNMUNNEYLCPUtKY62j1Wp5u04wipypKUQ1TTuR2lXvBl5YpHqBJmlA19x22TD9bUOjk, From: subscribe, IPv_Type: ipv6, Location: 中国, ISP: 中国移动, Date: None, Delay: 0.1 ms, Speed: inf M/s, Resolution: 1920x1080
Name: CCTV-3, URL: http://yc.myds.me:35455/gaoma/cctv3.m3u8, From: subscribe, IPv_Type: ipv6, Location: 中国, ISP: 中国电信, Date: None, Delay: 0.1 ms, Speed: inf M/s, Resolution: 1920x1080
Name: CCTV-3, URL: http://nas.suntao.online:35455/itv/6000000001000022313.m3u8?cdn=wasusyt, From: subscribe, IPv_Type: ipv6, Location: 中国, ISP: 中国联通, Date: None, Delay: 0.1 ms, Speed: inf M/s, Resolution: 1920x1080
Name: CCTV-3, URL: http://lu.wqwqwq.sbs/itv/1000000005000265003.m3u8?cdn=ystenlive, From: subscribe, IPv_Type: ipv6, Location: 美国, ISP: CloudFlare Inc., Date: None, Delay: 0.1 ms, Speed: inf M/s, Resolution: 1920x1080
Name: CCTV-3, URL: http://[2409:8087:2001:20:2800:0:df6e:eb20]/ott.mobaibox.com/PLTV/4/224/3221228499/index.m3u8, From: subscribe, IPv_Type: ipv6, Location: 中国, ISP: 中国移动, Date: None, Delay: 0.1 ms, Speed: inf M/s, Resolution: 1920x1080
Name: CCTV-3, URL: http://[2409:8087:5e00:24::1f]:6060/ZTE_CMS/00000001000000060000000000000382/index.m3u8, From: subscribe, IPv_Type: ipv6, Location: 中国, ISP: 中国移动, Date: None, Delay: 0.1 ms, Speed: inf M/s, Resolution: 1920x1080
Name: CCTV-3, URL: http://[2409:8087:74f0:22::4]:6410/270000001111/1110000303/index.m3u8, From: subscribe, IPv_Type: ipv6, Location: 中国, ISP: 中国移动, Date: None, Delay: 0.1 ms, Speed: inf M/s, Resolution: 1920x1080
Name: CCTV-3, URL: http://[2409:8087:3869:8021:1001::e5]:6610/PLTV/88888910/224/3221225634/index.m3u8, From: subscribe, IPv_Type: ipv6, Location: 中国, ISP: 中国移动, Date: None, Delay: -1 ms, Speed: 0.00 M/s, Resolution: None
Name: CCTV-3, URL: http://rrs01.hw.gmcc.net:8088/PLTV/81/224/3221226720/1.m3u8, From: subscribe, IPv_Type: ipv6, Location: 中国, ISP: 中国移动, Date: None, Delay: -1 ms, Speed: 0.00 M/s, Resolution: None
Name: CCTV-3, URL: http://k.061899.xyz/m.php?id=cctv3, From: subscribe, IPv_Type: ipv6, Location: 新加坡, ISP: Aceville Pte.Ltd., Date: None, Delay: -1 ms, Speed: 0.00 M/s, Resolution: None
Name: CCTV-3, URL: http://[2409:8087:5e00:24::1e]:6060/200000001898/460000089800010138/1.m3u8, From: subscribe, IPv_Type: ipv6, Location: 中国, ISP: 中国移动, Date: None, Delay: -1 ms, Speed: 0.00 M/s, Resolution: None
Name: CCTV-3, URL: http://[2409:8087:5e08:25::16]:6610/200000001898/460000089800010138/1.m3u8, From: subscribe, IPv_Type: ipv6, Location: 中国, ISP: 中国移动, Date: None, Delay: -1 ms, Speed: 0.00 M/s, Resolution: None
Name: CCTV-3, URL: https://migu.188766.xyz/?migutoken=ef2a15197bc630693e6dc7c5e9e4ff06&id=CCTV3&type=yy, From: None, IPv_Type: ipv6, Location: 美国, ISP: CloudFlare Inc., Date: None, Delay: -1 ms, Speed: 0.00 M/s, Resolution: None
Name: CCTV-3, URL: https://cc06.tv12.xyz/3.m3u8, From: subscribe, IPv_Type: ipv6, Location: 美国, ISP: CloudFlare Inc., Date: None, Delay: -1 ms, Speed: 0.00 M/s, Resolution: None
Name: CCTV-3, URL: http://zjzcf.synology.me:35455/gaoma/cctv3.m3u8, From: subscribe, IPv_Type: ipv6, Location: 中国, ISP: 中国移动, Date: None, Delay: -1 ms, Speed: 0.00 M/s, Resolution: None
Name: CCTV-3, URL: https://iptv.catvod.com/live.php?id=CCTV3%E7%BB%BC%E8%89%BA, From: subscribe, IPv_Type: ipv6, Location: 美国, ISP: CloudFlare Inc., Date: None, Delay: -1 ms, Speed: 0.00 M/s, Resolution: None
Name: CCTV-3, URL: https://shyd.695847.xyz/cms001/ch00000090990000001186/index.m3u8?IASHttpSessionId=RR4967720251014100028031761&ispcode=12, From: subscribe, IPv_Type: ipv6, Location: 美国, ISP: CloudFlare Inc., Date: None, Delay: -1 ms, Speed: 0.00 M/s, Resolution: None
Name: CCTV-3, URL: https://live.chinacert.cftest5.cn/mg/?id=624878271, From: subscribe, IPv_Type: ipv6, Location: 中国, ISP: 中国移动, Date: None, Delay: -1 ms, Speed: 0.00 M/s, Resolution: None
Name: CCTV-4, URL: http://php.jdshipin.com/TVOD/hljyd.php?id=3221226428, From: subscribe, IPv_Type: ipv6, Location: 美国, ISP: CloudFlare Inc., Date: None, Delay: 0.1 ms, Speed: inf M/s, Resolution: 1920x1080
Name: CCTV-4, URL: http://z.b.bkpcp.top/m.php?id=CCTV-4国际, From: subscribe, IPv_Type: ipv6, Location: 美国, ISP: CloudFlare Inc., Date: None, Delay: 0.1 ms, Speed: inf M/s, Resolution: 1920x1080
Name: CCTV-4, URL: http://iptv.huuc.edu.cn/hls/cctv4hd.m3u8, From: subscribe, IPv_Type: ipv6, Location: 中国, ISP: 教育网, Date: None, Delay: 0.1 ms, Speed: inf M/s, Resolution: 1920x1080
Name: CCTV-4, URL: https://smart.pendy.dpdns.org/Smart.php?id=cctv4, From: subscribe, IPv_Type: ipv6, Location: 美国, ISP: CloudFlare Inc., Date: None, Delay: 0.1 ms, Speed: inf M/s, Resolution: 1920x1080
Name: CCTV-4, URL: http://goo.bkpcp.top/mg/cctv4o, From: subscribe, IPv_Type: ipv6, Location: 美国, ISP: CloudFlare Inc., Date: None, Delay: 0.1 ms, Speed: inf M/s, Resolution: 1920x1080
Name: CCTV-4, URL: http://yc.myds.me:35455/gaoma/cctv4.m3u8, From: subscribe, IPv_Type: ipv6, Location: 中国, ISP: 中国电信, Date: None, Delay: 0.1 ms, Speed: inf M/s, Resolution: 1920x1080
Name: CCTV-4, URL: http://lu.wqwqwq.sbs/itv/1000000005000265004.m3u8?cdn=ystenlive, From: subscribe, IPv_Type: ipv6, Location: 美国, ISP: CloudFlare Inc., Date: None, Delay: 0.1 ms, Speed: inf M/s, Resolution: 1920x1080
Name: CCTV-4, URL: http://[2409:8087:5e01:34::22]:6610/ZTE_CMS/00000001000000060000000000000485/index.m3u8?IAS, From: subscribe, IPv_Type: ipv6, Location: 中国, ISP: 中国移动, Date: None, Delay: 0.1 ms, Speed: inf M/s, Resolution: 1920x1080
Name: CCTV-4, URL: http://[2409:8087:5e01:34::23]:6610/ZTE_CMS/00000001000000060000000000000485/index.m3u8?IAS, From: subscribe, IPv_Type: ipv6, Location: 中国, ISP: 中国移动, Date: None, Delay: 0.1 ms, Speed: inf M/s, Resolution: 1920x1080
Name: CCTV-4, URL: http://[2409:8087:5e01:34::21]:6610/ZTE_CMS/00000001000000060000000000000485/index.m3u8?IAS, From: subscribe, IPv_Type: ipv6, Location: 中国, ISP: 中国移动, Date: None, Delay: 0.1 ms, Speed: inf M/s, Resolution: 1920x1080
Name: CCTV-4, URL: http://[2409:8087:5e01:34::20]:6610/ZTE_CMS/00000001000000060000000000000485/index.m3u8?IAS, From: subscribe, IPv_Type: ipv6, Location: 中国, ISP: 中国移动, Date: None, Delay: 0.1 ms, Speed: inf M/s, Resolution: 1920x1080
Name: CCTV-4, URL: http://[2409:8087:4c0a:22:1::11]:6410/170000001115/UmaiCHAN5000037BESTVSMGSMG/index.m3u8?AuthInfo=9kOOdBn7MFF%2F2bWjKgahUSpr1AVNI633ampcuzdN%2BfH0ZQXwaiVktPr6ILPKXqwOUC2ZXft7ZULN6h9qLQPFOTSlVTfophiKaMb8h1kPV74, From: subscribe, IPv_Type: ipv6, Location: 中国, ISP: 中国移动, Date: None, Delay: 0.1 ms, Speed: inf M/s, Resolution: 1920x1080
Name: CCTV-4, URL: http://[2409:8087:2001:20:2800:0:df6e:eb21]:80/PLTV/1/224/3221231032/1.m3u8, From: subscribe, IPv_Type: ipv6, Location: 中国, ISP: 中国移动, Date: None, Delay: 0.1 ms, Speed: inf M/s, Resolution: 1920x1080
Name: CCTV-4, URL: http://[2409:8087:2001:20:2800:0:df6e:eb20]:80/PLTV/1/224/3221230948/1.m3u8, From: subscribe, IPv_Type: ipv6, Location: 中国, ISP: 中国移动, Date: None, Delay: 0.1 ms, Speed: inf M/s, Resolution: 1920x1080
Name: CCTV-4, URL: http://[2409:8087:5e01:34::38]:6610/ZTE_CMS/00000001000000060000000000000485/index.m3u8, From: subscribe, IPv_Type: ipv6, Location: 中国, ISP: 中国移动, Date: None, Delay: 0.1 ms, Speed: inf M/s, Resolution: 1920x1080
Name: CCTV-4, URL: http://[2409:8087:5e00:24::1e]:6060/200000001898/460000089800010017/index.m3u8, From: subscribe, IPv_Type: ipv6, Location: 中国, ISP: 中国移动, Date: None, Delay: 0.1 ms, Speed: inf M/s, Resolution: 1920x1080
Name: CCTV-4, URL: http://[2409:8087:5e00:24::1f]:6060/ZTE_CMS/00000001000000060000000000000485/index.m3u8, From: subscribe, IPv_Type: ipv6, Location: 中国, ISP: 中国移动, Date: None, Delay: 0.1 ms, Speed: inf M/s, Resolution: 1920x1080
Name: CCTV-4, URL: http://[2409:8087:74f0:22::4]:6410/270000001128/9900000503/index.m3u8, From: subscribe, IPv_Type: ipv6, Location: 中国, ISP: 中国移动, Date: None, Delay: 0.1 ms, Speed: inf M/s, Resolution: 1920x1080
Name: CCTV-4, URL: http://[2409:8087:3869:8021:1001::e5]:6610/PLTV/88888910/224/3221225621/index.m3u8, From: subscribe, IPv_Type: ipv6, Location: 中国, ISP: 中国移动, Date: None, Delay: -1 ms, Speed: 0.00 M/s, Resolution: None
Name: CCTV-4, URL: http://rrs01.hw.gmcc.net:8088/PLTV/81/224/3221226725/1.m3u8, From: subscribe, IPv_Type: ipv6, Location: 中国, ISP: 中国移动, Date: None, Delay: -1 ms, Speed: 0.00 M/s, Resolution: None
Name: CCTV-4, URL: http://k.061899.xyz/m.php?id=cctv4, From: subscribe, IPv_Type: ipv6, Location: 新加坡, ISP: Aceville Pte.Ltd., Date: None, Delay: -1 ms, Speed: 0.00 M/s, Resolution: None
Name: CCTV-4, URL: http://[2409:8087:5e08:25::16]:6610/200000001898/460000089800010017/1.m3u8, From: subscribe, IPv_Type: ipv6, Location: 中国, ISP: 中国移动, Date: None, Delay: -1 ms, Speed: 0.00 M/s, Resolution: None
Name: CCTV-4, URL: https://migu.188766.xyz/?migutoken=3d802213eab2a75785cb2ca72b1e6312&id=CCTV4%E7%BE%8E%E6%B4%B2&type=yy, From: subscribe, IPv_Type: ipv6, Location: 美国, ISP: CloudFlare Inc., Date: None, Delay: -1 ms, Speed: 0.00 M/s, Resolution: None
Name: CCTV-4, URL: https://mgtv.ottiptv.cc/migu/631780421.m3u8?migutoken=efbfeba358cdc62147983f23f7d8b32e00c8c065390d8311181a7f77e958b716e07fc64d85ebe0fcaadd44898d17ba4690cc11e3c0ce6fea4ef4261c897bd3cd601edfbee436a003ea29fa2dc5, From: subscribe, IPv_Type: ipv6, Location: 美国-新泽西州-巴赛克, ISP: DigitalOcean, Date: None, Delay: -1 ms, Speed: 0.00 M/s, Resolution: None
Name: CCTV-4, URL: https://cc06.tv12.xyz/4.m3u8, From: subscribe, IPv_Type: ipv6, Location: 美国, ISP: CloudFlare Inc., Date: None, Delay: -1 ms, Speed: 0.00 M/s, Resolution: None
Name: CCTV-4, URL: https://iptv.catvod.com/live.php?id=CCTV4%E6%AC%A7%E6%B4%B2, From: subscribe, IPv_Type: ipv6, Location: 美国, ISP: CloudFlare Inc., Date: None, Delay: -1 ms, Speed: 0.00 M/s, Resolution: None
Name: CCTV-4, URL: https://shyd.695847.xyz/cms001/ch00000090990000001221/index.m3u8?IASHttpSessionId=RR4967720251014100028031761&ispcode=12, From: subscribe, IPv_Type: ipv6, Location: 美国, ISP: CloudFlare Inc., Date: None, Delay: -1 ms, Speed: 0.00 M/s, Resolution: None
Name: CCTV-4, URL: https://live.chinacert.cftest5.cn/mg/?id=631780421, From: subscribe, IPv_Type: ipv6, Location: 中国, ISP: 中国移动, Date: None, Delay: -1 ms, Speed: 0.00 M/s, Resolution: None
Name: CCTV-4, URL: https://dash2.antik.sk/live/test_cctv_tizen/playlist.m3u8, From: subscribe, IPv_Type: ipv6, Location: 斯洛伐克, ISP: , Date: None, Delay: -1 ms, Speed: 0.00 M/s, Resolution: None
Name: CCTV-4, URL: http://183.220.107.138:4022/rtp/239.11.0.109:5140, From: subscribe, IPv_Type: ipv4, Location: 中国-四川-成都, ISP: 移动, Date: None, Delay: 410 ms, Speed: 0.97 M/s, Resolution: 1920x1080
Name: CCTV-5, URL: http://php.jdshipin.com/TVOD/hljyd.php?id=3221226019, From: subscribe, IPv_Type: ipv6, Location: 美国, ISP: CloudFlare Inc., Date: None, Delay: 0.1 ms, Speed: inf M/s, Resolution: 1920x1080
Name: CCTV-5, URL: http://iptv.huuc.edu.cn/hls/cctv5hd.m3u8, From: subscribe, IPv_Type: ipv6, Location: 中国, ISP: 教育网, Date: None, Delay: 0.1 ms, Speed: inf M/s, Resolution: 1920x1080
Name: CCTV-5, URL: https://smart.pendy.dpdns.org/Smart.php?id=cctv5, From: subscribe, IPv_Type: ipv6, Location: 美国, ISP: CloudFlare Inc., Date: None, Delay: 0.1 ms, Speed: inf M/s, Resolution: 1920x1080
Name: CCTV-5, URL: http://yc.myds.me:35455/gaoma/cctv5.m3u8, From: subscribe, IPv_Type: ipv6, Location: 中国, ISP: 中国电信, Date: None, Delay: 0.1 ms, Speed: inf M/s, Resolution: 1920x1080
Name: CCTV-5, URL: http://nas.suntao.online:35455/itv/1000000005000265005.m3u8?cdn=ystenlive, From: subscribe, IPv_Type: ipv6, Location: 中国, ISP: 中国联通, Date: None, Delay: 0.1 ms, Speed: inf M/s, Resolution: 1920x1080
Name: CCTV-5, URL: http://lu.wqwqwq.sbs/itv/1000000005000265005.m3u8?cdn=ystenlive, From: subscribe, IPv_Type: ipv6, Location: 美国, ISP: CloudFlare Inc., Date: None, Delay: 0.1 ms, Speed: inf M/s, Resolution: 1920x1080
Name: CCTV-5, URL: http://[2409:8087:4c0a:22:1::11]:6410/170000001115/UmaiCHAN63872908d48f9/index.m3u8?AuthInfo=9kOOdBn7MFF%2F2bWjKgahUSBx06ZL9Bo6JOM%2BSTjxZRK254G1jtietGzDaHvFNRtjXOvFnbf%2BTao33JqYlfMYYn2z3agOn9gvNMT9KmBaR9o, From: subscribe, IPv_Type: ipv6, Location: 中国, ISP: 中国移动, Date: None, Delay: 0.1 ms, Speed: inf M/s, Resolution: 1920x1080
Name: CCTV-5, URL: http://[2409:8087:5e01:34::21]:6610/ZTE_CMS/00000001000000060000000000000461/index.m3u8?IAS, From: subscribe, IPv_Type: ipv6, Location: 中国, ISP: 中国移动, Date: None, Delay: 0.1 ms, Speed: inf M/s, Resolution: 1920x1080
Name: CCTV-5, URL: http://[2409:8087:5e01:34::20]:6610/ZTE_CMS/00000001000000060000000000000461/index.m3u8?IAS, From: subscribe, IPv_Type: ipv6, Location: 中国, ISP: 中国移动, Date: None, Delay: 0.1 ms, Speed: inf M/s, Resolution: 1920x1080
Name: CCTV-5, URL: http://[2409:8087:2001:20:2800:0:df6e:eb21]:80/PLTV/1/224/3221230976/1.m3u8, From: subscribe, IPv_Type: ipv6, Location: 中国, ISP: 中国移动, Date: None, Delay: 0.1 ms, Speed: inf M/s, Resolution: 1920x1080
Name: CCTV-5, URL: http://[2409:8087:5e00:24::1f]:6060/ZTE_CMS/00000001000000060000000000000376/index.m3u8, From: subscribe, IPv_Type: ipv6, Location: 中国, ISP: 中国移动, Date: None, Delay: 0.1 ms, Speed: inf M/s, Resolution: 1920x1080
Name: CCTV-5, URL: http://[2409:8087:5e01:34::22]:6610/ZTE_CMS/00000001000000060000000000000461/index.m3u8?IAS, From: subscribe, IPv_Type: ipv6, Location: 中国, ISP: 中国移动, Date: None, Delay: 0.1 ms, Speed: inf M/s, Resolution: 1920x1080
Name: CCTV-5, URL: https://live.goodiptv.club/api/cqyx.php?id=cctv5HD, From: subscribe, IPv_Type: ipv6, Location: 美国, ISP: CloudFlare Inc., Date: None, Delay: 0.1 ms, Speed: inf M/s, Resolution: 1920x1080
Name: CCTV-5, URL: http://[2409:8087:74f0:22::4]:6410/270000001111/1110000305/index.m3u8, From: subscribe, IPv_Type: ipv6, Location: 中国, ISP: 中国移动, Date: None, Delay: 0.1 ms, Speed: inf M/s, Resolution: 1920x1080
Name: CCTV-5, URL: http://[2409:8087:3869:8021:1001::e5]:6610/PLTV/88888910/224/3221225633/index.m3u8, From: subscribe, IPv_Type: ipv6, Location: 中国, ISP: 中国移动, Date: None, Delay: 0.1 ms, Speed: inf M/s, Resolution: 1920x1080
Name: CCTV-5, URL: http://rrs01.hw.gmcc.net:8088/PLTV/81/224/3221226731/1.m3u8, From: subscribe, IPv_Type: ipv6, Location: 中国, ISP: 中国移动, Date: None, Delay: -1 ms, Speed: 0.00 M/s, Resolution: None
Name: CCTV-5, URL: http://k.061899.xyz/m.php?id=cctv5, From: subscribe, IPv_Type: ipv6, Location: 新加坡, ISP: Aceville Pte.Ltd., Date: None, Delay: -1 ms, Speed: 0.00 M/s, Resolution: None
Name: CCTV-5, URL: http://[2409:8087:5e00:24::1e]:6060/200000001898/460000089800010139/1.m3u8, From: subscribe, IPv_Type: ipv6, Location: 中国, ISP: 中国移动, Date: None, Delay: -1 ms, Speed: 0.00 M/s, Resolution: None
Name: CCTV-5, URL: http://[2409:8087:5e08:25::16]:6610/200000001898/460000089800010139/1.m3u8, From: subscribe, IPv_Type: ipv6, Location: 中国, ISP: 中国移动, Date: None, Delay: -1 ms, Speed: 0.00 M/s, Resolution: None
Name: CCTV-5, URL: https://migu.188766.xyz/?migutoken=113d1bc1010a3a1792cc8897fbc356c2&id=CCTV5p&type=yy, From: None, IPv_Type: ipv6, Location: 美国, ISP: CloudFlare Inc., Date: None, Delay: -1 ms, Speed: 0.00 M/s, Resolution: None
Name: CCTV-5, URL: https://mgtv.ottiptv.cc/migu/641886683.m3u8?migutoken=105533d9e150febd9afc8a38ff5ff74681604e105790d2f63a1b602fdcad270a56185c8023e22cd81c2dc4c1608e70f80e776552cfe7de78ba9631124adf6394a2084634a354fae51c75e880a8, From: subscribe, IPv_Type: ipv6, Location: 美国-新泽西州-巴赛克, ISP: DigitalOcean, Date: None, Delay: -1 ms, Speed: 0.00 M/s, Resolution: None
Name: CCTV-5, URL: https://cc06.tv12.xyz/5.m3u8, From: subscribe, IPv_Type: ipv6, Location: 美国, ISP: CloudFlare Inc., Date: None, Delay: -1 ms, Speed: 0.00 M/s, Resolution: None
Name: CCTV-5, URL: https://jzb.wwkejishe.top/?id=582, From: subscribe, IPv_Type: ipv6, Location: 美国, ISP: CloudFlare Inc., Date: None, Delay: -1 ms, Speed: 0.00 M/s, Resolution: None
Name: CCTV-5, URL: https://hls-gateway.vpstv.net/streams/476885.m3u8, From: subscribe, IPv_Type: ipv6, Location: 美国, ISP: CloudFlare Inc., Date: None, Delay: -1 ms, Speed: 0.00 M/s, Resolution: None
Name: CCTV-5, URL: https://iptv.catvod.com/live.php?id=CCTV5%E4%BD%93%E8%82%B2, From: subscribe, IPv_Type: ipv6, Location: 美国, ISP: CloudFlare Inc., Date: None, Delay: -1 ms, Speed: 0.00 M/s, Resolution: None
Name: CCTV-5, URL: https://shyd.695847.xyz/cms001/ch00000090990000001187/index.m3u8?IASHttpSessionId=RR4967720251014100028031761&ispcode=12, From: subscribe, IPv_Type: ipv6, Location: 美国, ISP: CloudFlare Inc., Date: None, Delay: -1 ms, Speed: 0.00 M/s, Resolution: None
Name: CCTV-5, URL: https://live.chinacert.cftest5.cn/mg/?id=641886683, From: subscribe, IPv_Type: ipv6, Location: 中国, ISP: 中国移动, Date: None, Delay: -1 ms, Speed: 0.00 M/s, Resolution: None
Name: CCTV-5, URL: https://zby.130519.xyz/PLTV/11/224/3221226146/index.m3u8, From: subscribe, IPv_Type: ipv6, Location: 美国, ISP: CloudFlare Inc., Date: None, Delay: -1 ms, Speed: 0.00 M/s, Resolution: None
Name: CCTV-5+, URL: http://php.jdshipin.com/TVOD/hljyd.php?id=3221225603, From: subscribe, IPv_Type: ipv6, Location: 美国, ISP: CloudFlare Inc., Date: None, Delay: 0.1 ms, Speed: inf M/s, Resolution: 1920x1080
Name: CCTV-5+, URL: https://smart.pendy.dpdns.org/Smart.php?id=cctv5plus, From: subscribe, IPv_Type: ipv6, Location: 美国, ISP: CloudFlare Inc., Date: None, Delay: 0.1 ms, Speed: inf M/s, Resolution: 1920x1080
Name: CCTV-5+, URL: http://yc.myds.me:35455/gaoma/cctv5p.m3u8, From: subscribe, IPv_Type: ipv6, Location: 中国, ISP: 中国电信, Date: None, Delay: 0.1 ms, Speed: inf M/s, Resolution: 1920x1080
Name: CCTV-5+, URL: http://nas.suntao.online:35455/itv/6000000001000015875.m3u8?cdn=wasusyt, From: subscribe, IPv_Type: ipv6, Location: 中国, ISP: 中国联通, Date: None, Delay: 0.1 ms, Speed: inf M/s, Resolution: 1920x1080
Name: CCTV-5+, URL: http://lu.wqwqwq.sbs/itv/1000000005000265016.m3u8?cdn=ystenlive, From: subscribe, IPv_Type: ipv6, Location: 美国, ISP: CloudFlare Inc., Date: None, Delay: 0.1 ms, Speed: inf M/s, Resolution: 1920x1080
Name: CCTV-5+, URL: http://[2409:8087:5e01:34::22]:6610/ZTE_CMS/00000001000000060000000000000132/index.m3u8?IAS, From: subscribe, IPv_Type: ipv6, Location: 中国, ISP: 中国移动, Date: None, Delay: 0.1 ms, Speed: inf M/s, Resolution: 1920x1080
Name: CCTV-5+, URL: http://[2409:8087:5e01:34::23]:6610/ZTE_CMS/00000001000000060000000000000132/index.m3u8?IAS, From: subscribe, IPv_Type: ipv6, Location: 中国, ISP: 中国移动, Date: None, Delay: 0.1 ms, Speed: inf M/s, Resolution: 1920x1080
Name: CCTV-5+, URL: http://[2409:8087:5e00:24::1f]:6060/ZTE_CMS/00000001000000060000000000000132/index.m3u8, From: subscribe, IPv_Type: ipv6, Location: 中国, ISP: 中国移动, Date: None, Delay: 0.1 ms, Speed: inf M/s, Resolution: 1920x1080
Name: CCTV-5+, URL: http://[2409:8087:5e01:34::20]:6610/ZTE_CMS/00000001000000060000000000000132/index.m3u8?IAS, From: subscribe, IPv_Type: ipv6, Location: 中国, ISP: 中国移动, Date: None, Delay: 0.1 ms, Speed: inf M/s, Resolution: 1920x1080
Name: CCTV-5+, URL: http://[2409:8087:5e01:34::21]:6610/ZTE_CMS/00000001000000060000000000000132/index.m3u8?IAS, From: subscribe, IPv_Type: ipv6, Location: 中国, ISP: 中国移动, Date: None, Delay: 0.1 ms, Speed: inf M/s, Resolution: 1920x1080
Name: CCTV-5+, URL: https://live.goodiptv.club/api/cqyx.php?id=cctv5SportHD, From: subscribe, IPv_Type: ipv6, Location: 美国, ISP: CloudFlare Inc., Date: None, Delay: 0.1 ms, Speed: inf M/s, Resolution: 1920x1080
Name: CCTV-5+, URL: http://[2409:8087:74f0:22::4]:6410/270000001111/1110000306/index.m3u8, From: subscribe, IPv_Type: ipv6, Location: 中国, ISP: 中国移动, Date: None, Delay: 0.1 ms, Speed: inf M/s, Resolution: 1920x1080
Name: CCTV-5+, URL: http://[2409:8087:3869:8021:1001::e5]:6610/PLTV/88888910/224/3221225706/index.m3u8, From: subscribe, IPv_Type: ipv6, Location: 中国, ISP: 中国移动, Date: None, Delay: -1 ms, Speed: 0.00 M/s, Resolution: None
Name: CCTV-5+, URL: http://rrs01.hw.gmcc.net:8088/PLTV/81/224/3221226711/1.m3u8, From: subscribe, IPv_Type: ipv6, Location: 中国, ISP: 中国移动, Date: None, Delay: -1 ms, Speed: 0.00 M/s, Resolution: None
Name: CCTV-5+, URL: https://hls-gateway.vpstv.net/streams/476888.m3u8, From: subscribe, IPv_Type: ipv6, Location: 美国, ISP: CloudFlare Inc., Date: None, Delay: -1 ms, Speed: 0.00 M/s, Resolution: None
Name: CCTV-5+, URL: http://k.061899.xyz/m.php?id=cctv5p, From: subscribe, IPv_Type: ipv6, Location: 新加坡, ISP: Aceville Pte.Ltd., Date: None, Delay: -1 ms, Speed: 0.00 M/s, Resolution: None
Name: CCTV-5+, URL: http://[2409:8087:5e00:24::1e]:6060/200000001898/460000089800010044/1.m3u8, From: subscribe, IPv_Type: ipv6, Location: 中国, ISP: 中国移动, Date: None, Delay: -1 ms, Speed: 0.00 M/s, Resolution: None
Name: CCTV-5+, URL: http://[2409:8087:5e08:25::16]:6610/200000001898/460000089800010044/1.m3u8, From: subscribe, IPv_Type: ipv6, Location: 中国, ISP: 中国移动, Date: None, Delay: -1 ms, Speed: 0.00 M/s, Resolution: None
Name: CCTV-5+, URL: https://migu.188766.xyz/?migutoken=28a852d7ffcb5f5b43b1d944afd198eb&id=CCTV5p&pp=1, From: subscribe, IPv_Type: ipv6, Location: 美国, ISP: CloudFlare Inc., Date: None, Delay: -1 ms, Speed: 0.00 M/s, Resolution: None
Name: CCTV-5+, URL: https://cc06.tv12.xyz/6.m3u8, From: subscribe, IPv_Type: ipv6, Location: 美国, ISP: CloudFlare Inc., Date: None, Delay: -1 ms, Speed: 0.00 M/s, Resolution: None
Name: CCTV-5+, URL: https://jzb.wwkejishe.top/?id=583, From: subscribe, IPv_Type: ipv6, Location: 美国, ISP: CloudFlare Inc., Date: None, Delay: -1 ms, Speed: 0.00 M/s, Resolution: None
Name: CCTV-5+, URL: https://iptv.catvod.com/live.php?id=CCTV5%2B%E4%BD%93%E8%82%B2%E8%B5%9B%E4%BA%8B, From: subscribe, IPv_Type: ipv6, Location: 美国, ISP: CloudFlare Inc., Date: None, Delay: -1 ms, Speed: 0.00 M/s, Resolution: None
Name: CCTV-5+, URL: https://live.chinacert.cftest5.cn/mg/?id=641886773, From: subscribe, IPv_Type: ipv6, Location: 中国, ISP: 中国移动, Date: None, Delay: -1 ms, Speed: 0.00 M/s, Resolution: None
Name: CCTV-6, URL: http://php.jdshipin.com/TVOD/hljyd.php?id=3221226010, From: subscribe, IPv_Type: ipv6, Location: 美国, ISP: CloudFlare Inc., Date: None, Delay: 0.1 ms, Speed: inf M/s, Resolution: 1920x1080
Name: CCTV-6, URL: http://iptv.huuc.edu.cn/hls/cctv6hd.m3u8, From: subscribe, IPv_Type: ipv6, Location: 中国, ISP: 教育网, Date: None, Delay: 0.1 ms, Speed: inf M/s, Resolution: 1920x1080
Name: CCTV-6, URL: https://smart.pendy.dpdns.org/Smart.php?id=cctv6, From: subscribe, IPv_Type: ipv6, Location: 美国, ISP: CloudFlare Inc., Date: None, Delay: 0.1 ms, Speed: inf M/s, Resolution: 1920x1080
Name: CCTV-6, URL: http://yc.myds.me:35455/itv/6000000001000004574.m3u8?cdn=wasusyt, From: subscribe, IPv_Type: ipv6, Location: 中国, ISP: 中国电信, Date: None, Delay: 0.1 ms, Speed: inf M/s, Resolution: 1920x1080
Name: CCTV-6, URL: http://nas.suntao.online:35455/itv/1000000005000265006.m3u8?cdn=ystenlive, From: subscribe, IPv_Type: ipv6, Location: 中国, ISP: 中国联通, Date: None, Delay: 0.1 ms, Speed: inf M/s, Resolution: 1920x1080
Name: CCTV-6, URL: http://cdn.jdshipin.com:8880/ysp.php?id=cctv6, From: subscribe, IPv_Type: ipv6, Location: 美国, ISP: CloudFlare Inc., Date: None, Delay: 0.1 ms, Speed: inf M/s, Resolution: 1920x1080
Name: CCTV-6, URL: http://mobilelive-ds.ysp.cctv.cn/ysp/2013693901.m3u8, From: subscribe, IPv_Type: ipv6, Location: 新加坡, ISP: Aceville Pte.Ltd., Date: None, Delay: 0.1 ms, Speed: inf M/s, Resolution: 1920x1080
Name: CCTV-6, URL: http://lu.wqwqwq.sbs/itv/1000000005000265006.m3u8?cdn=ystenlive, From: subscribe, IPv_Type: ipv6, Location: 美国, ISP: CloudFlare Inc., Date: None, Delay: 0.1 ms, Speed: inf M/s, Resolution: 1920x1080
Name: CCTV-6, URL: http://[2409:8087:5e00:24::1e]:6060/200000001898/460000089800010214/1.m3u8, From: subscribe, IPv_Type: ipv6, Location: 中国, ISP: 中国移动, Date: None, Delay: 0.1 ms, Speed: inf M/s, Resolution: 1920x1080
Name: CCTV-6, URL: https://epg.pw/stream/c2a78d34141bd7ad12b19b2ab7f3f60f2b8a4c3bdd5c573889aad5bc3b331fe1.m3u8, From: subscribe, IPv_Type: ipv6, Location: 美国, ISP: CloudFlare Inc., Date: None, Delay: 0.1 ms, Speed: inf M/s, Resolution: 1920x1080
Name: CCTV-6, URL: http://[2409:8087:4c0a:22:1::11]:6410/170000001115/UmaiCHAN638728804b1f9/index.m3u8?AuthInfo=9kOOdBn7MFF%2F2bWjKgahUdDh4EPdDnvGlSBkYaxFdazJhFQmuq4XUiks9ZrIlJN%2BknLs8H%2BSxcDXy%2BTesEc8Q0KCN89MjYoj85Sol1kbKI4, From: subscribe, IPv_Type: ipv6, Location: 中国, ISP: 中国移动, Date: None, Delay: 0.1 ms, Speed: inf M/s, Resolution: 1920x1080
Name: CCTV-6, URL: http://[2409:8087:5e00:24::1f]:6060/ZTE_CMS/00000001000000060000000000000379/index.m3u8, From: subscribe, IPv_Type: ipv6, Location: 中国, ISP: 中国移动, Date: None, Delay: 0.1 ms, Speed: inf M/s, Resolution: 1920x1080
Name: CCTV-6, URL: http://[2409:8087:74f0:22::4]:6410/270000001111/1110000307/index.m3u8, From: subscribe, IPv_Type: ipv6, Location: 中国, ISP: 中国移动, Date: None, Delay: 0.1 ms, Speed: inf M/s, Resolution: 1920x1080
Name: CCTV-6, URL: http://[2409:8087:3869:8021:1001::e5]:6610/PLTV/88888910/224/3221225632/index.m3u8, From: subscribe, IPv_Type: ipv6, Location: 中国, ISP: 中国移动, Date: None, Delay: -1 ms, Speed: 0.00 M/s, Resolution: None
Name: CCTV-6, URL: http://rrs01.hw.gmcc.net:8088/PLTV/81/224/3221226699/1.m3u8, From: subscribe, IPv_Type: ipv6, Location: 中国, ISP: 中国移动, Date: None, Delay: -1 ms, Speed: 0.00 M/s, Resolution: None
Name: CCTV-6, URL: https://migu.188766.xyz/?migutoken=ffb14128dbcab1611486aefb94b63f08&id=CCTV6&type=yy, From: None, IPv_Type: ipv6, Location: 美国, ISP: CloudFlare Inc., Date: None, Delay: -1 ms, Speed: 0.00 M/s, Resolution: None
Name: CCTV-6, URL: http://k.061899.xyz/m.php?id=cctv6, From: subscribe, IPv_Type: ipv6, Location: 新加坡, ISP: Aceville Pte.Ltd., Date: None, Delay: -1 ms, Speed: 0.00 M/s, Resolution: None
Name: CCTV-6, URL: http://[2409:8087:5e08:25::16]:6610/200000001898/460000089800010214/1.m3u8, From: subscribe, IPv_Type: ipv6, Location: 中国, ISP: 中国移动, Date: None, Delay: -1 ms, Speed: 0.00 M/s, Resolution: None
Name: CCTV-6, URL: https://cc06.tv12.xyz/7.m3u8, From: subscribe, IPv_Type: ipv6, Location: 美国, ISP: CloudFlare Inc., Date: None, Delay: -1 ms, Speed: 0.00 M/s, Resolution: None
Name: CCTV-6, URL: http://zjzcf.synology.me:35455/bptv/10000100000000050000000003870749.m3u8, From: subscribe, IPv_Type: ipv6, Location: 中国, ISP: 中国移动, Date: None, Delay: -1 ms, Speed: 0.00 M/s, Resolution: None
Name: CCTV-6, URL: https://jzb.wwkejishe.top/?id=584, From: subscribe, IPv_Type: ipv6, Location: 美国, ISP: CloudFlare Inc., Date: None, Delay: -1 ms, Speed: 0.00 M/s, Resolution: None
Name: CCTV-6, URL: https://hls-gateway.vpstv.net/streams/476890.m3u8, From: subscribe, IPv_Type: ipv6, Location: 美国, ISP: CloudFlare Inc., Date: None, Delay: -1 ms, Speed: 0.00 M/s, Resolution: None
Name: CCTV-6, URL: https://iptv.catvod.com/live.php?id=CCTV6%E7%94%B5%E5%BD%B1, From: subscribe, IPv_Type: ipv6, Location: 美国, ISP: CloudFlare Inc., Date: None, Delay: -1 ms, Speed: 0.00 M/s, Resolution: None
Name: CCTV-6, URL: https://shyd.695847.xyz/cms001/ch00000090990000001188/index.m3u8?IASHttpSessionId=RR4967720251014100028031761&ispcode=12, From: subscribe, IPv_Type: ipv6, Location: 美国, ISP: CloudFlare Inc., Date: None, Delay: -1 ms, Speed: 0.00 M/s, Resolution: None
Name: CCTV-6, URL: https://live.chinacert.cftest5.cn/mg/?id=624878396, From: subscribe, IPv_Type: ipv6, Location: 中国, ISP: 中国移动, Date: None, Delay: -1 ms, Speed: 0.00 M/s, Resolution: None
Name: CCTV-7, URL: http://php.jdshipin.com/TVOD/hljyd.php?id=3221225733, From: subscribe, IPv_Type: ipv6, Location: 美国, ISP: CloudFlare Inc., Date: None, Delay: 0.1 ms, Speed: inf M/s, Resolution: 1920x1080
Name: CCTV-7, URL: http://goo.bkpcp.top/mg/CCTV7, From: subscribe, IPv_Type: ipv6, Location: 美国, ISP: CloudFlare Inc., Date: None, Delay: 0.1 ms, Speed: inf M/s, Resolution: 1920x1080
Name: CCTV-7, URL: http://iptv.huuc.edu.cn/hls/cctv7hd.m3u8, From: subscribe, IPv_Type: ipv6, Location: 中国, ISP: 教育网, Date: None, Delay: 0.1 ms, Speed: inf M/s, Resolution: 1920x1080
Name: CCTV-7, URL: https://smart.pendy.dpdns.org/Smart.php?id=cctv7, From: subscribe, IPv_Type: ipv6, Location: 美国, ISP: CloudFlare Inc., Date: None, Delay: 0.1 ms, Speed: inf M/s, Resolution: 1920x1080
Name: CCTV-7, URL: http://yc.myds.me:35455/gaoma/cctv7.m3u8, From: subscribe, IPv_Type: ipv6, Location: 中国, ISP: 中国电信, Date: None, Delay: 0.1 ms, Speed: inf M/s, Resolution: 1920x1080
Name: CCTV-7, URL: http://nas.suntao.online:35455/itv/1000000005000265007.m3u8?cdn=ystenlive, From: subscribe, IPv_Type: ipv6, Location: 中国, ISP: 中国联通, Date: None, Delay: 0.1 ms, Speed: inf M/s, Resolution: 1920x1080
Name: CCTV-7, URL: http://lu.wqwqwq.sbs/itv/1000000005000265007.m3u8?cdn=ystenlive, From: subscribe, IPv_Type: ipv6, Location: 美国, ISP: CloudFlare Inc., Date: None, Delay: 0.1 ms, Speed: inf M/s, Resolution: 1920x1080
Name: CCTV-7, URL: http://[2409:8087:5e01:34::23]:6610/ZTE_CMS/00000001000000060000000000000380/index.m3u8?IAS, From: subscribe, IPv_Type: ipv6, Location: 中国, ISP: 中国移动, Date: None, Delay: 0.1 ms, Speed: inf M/s, Resolution: 1920x1080
Name: CCTV-7, URL: http://[2409:8087:5e01:34::21]:6610/ZTE_CMS/00000001000000060000000000000380/index.m3u8?IAS, From: subscribe, IPv_Type: ipv6, Location: 中国, ISP: 中国移动, Date: None, Delay: 0.1 ms, Speed: inf M/s, Resolution: 1920x1080
Name: CCTV-7, URL: http://[2409:8087:5e01:34::22]:6610/ZTE_CMS/00000001000000060000000000000380/index.m3u8?IAS, From: subscribe, IPv_Type: ipv6, Location: 中国, ISP: 中国移动, Date: None, Delay: 0.1 ms, Speed: inf M/s, Resolution: 1920x1080
Name: CCTV-7, URL: http://[2409:8087:4c0a:22:1::11]:6410/170000001115/UmaiCHAN5000038BESTVSMGSMG/index.m3u8?AuthInfo=9kOOdBn7MFF%2F2bWjKgahUSpr1AVNI633ampcuzdN%2BfHYKFve4MwNzRa0jPXeHjqnBjPmzSdKDNWNHhnZSaMGCXKmdx8d%2BnYdhVK5ge22ot4, From: subscribe, IPv_Type: ipv6, Location: 中国, ISP: 中国移动, Date: None, Delay: 0.1 ms, Speed: inf M/s, Resolution: 1920x1080
Name: CCTV-7, URL: http://[2409:8087:5e01:34::38]:6610/ZTE_CMS/00000001000000060000000000000380/index.m3u8, From: subscribe, IPv_Type: ipv6, Location: 中国, ISP: 中国移动, Date: None, Delay: 0.1 ms, Speed: inf M/s, Resolution: 1920x1080
Name: CCTV-7, URL: http://[2409:8087:5e00:24::1f]:6060/ZTE_CMS/00000001000000060000000000000380/index.m3u8, From: subscribe, IPv_Type: ipv6, Location: 中国, ISP: 中国移动, Date: None, Delay: 0.1 ms, Speed: inf M/s, Resolution: 1920x1080
Name: CCTV-7, URL: http://[2409:8087:5e00:24::1e]:6060/200000001898/460000089800010215/index.m3u8, From: subscribe, IPv_Type: ipv6, Location: 中国, ISP: 中国移动, Date: None, Delay: 0.1 ms, Speed: inf M/s, Resolution: 1920x1080
Name: CCTV-7, URL: http://[2409:8087:5e01:34::20]:6610/ZTE_CMS/00000001000000060000000000000380/index.m3u8?IAS, From: subscribe, IPv_Type: ipv6, Location: 中国, ISP: 中国移动, Date: None, Delay: 0.1 ms, Speed: inf M/s, Resolution: 1920x1080
Name: CCTV-7, URL: http://[2409:8087:74f0:22::4]:6410/270000001128/9900000504/index.m3u8, From: subscribe, IPv_Type: ipv6, Location: 中国, ISP: 中国移动, Date: None, Delay: 0.1 ms, Speed: inf M/s, Resolution: 1920x1080
Name: CCTV-7, URL: http://[2409:8087:3869:8021:1001::e5]:6610/PLTV/88888910/224/3221225624/index.m3u8, From: subscribe, IPv_Type: ipv6, Location: 中国, ISP: 中国移动, Date: None, Delay: -1 ms, Speed: 0.00 M/s, Resolution: None
Name: CCTV-7, URL: http://rrs01.hw.gmcc.net:8088/PLTV/81/224/3221226721/1.m3u8, From: subscribe, IPv_Type: ipv6, Location: 中国, ISP: 中国移动, Date: None, Delay: -1 ms, Speed: 0.00 M/s, Resolution: None
Name: CCTV-7, URL: http://k.061899.xyz/m.php?id=cctv7, From: subscribe, IPv_Type: ipv6, Location: 新加坡, ISP: Aceville Pte.Ltd., Date: None, Delay: -1 ms, Speed: 0.00 M/s, Resolution: None
Name: CCTV-7, URL: http://[2409:8087:5e08:25::16]:6610/200000001898/460000089800010051/1.m3u8, From: subscribe, IPv_Type: ipv6, Location: 中国, ISP: 中国移动, Date: None, Delay: -1 ms, Speed: 0.00 M/s, Resolution: None
Name: CCTV-7, URL: https://migu.188766.xyz/?migutoken=5ab0a5add179b00b9bd6c9b4daa248ce&id=CCTV7&type=yy, From: None, IPv_Type: ipv6, Location: 美国, ISP: CloudFlare Inc., Date: None, Delay: -1 ms, Speed: 0.00 M/s, Resolution: None
Name: CCTV-7, URL: https://cc06.tv12.xyz/8.m3u8, From: subscribe, IPv_Type: ipv6, Location: 美国, ISP: CloudFlare Inc., Date: None, Delay: -1 ms, Speed: 0.00 M/s, Resolution: None
Name: CCTV-7, URL: https://iptv.catvod.com/live.php?id=CCTV7%E5%9B%BD%E9%98%B2%E5%86%9B%E4%BA%8B, From: subscribe, IPv_Type: ipv6, Location: 美国, ISP: CloudFlare Inc., Date: None, Delay: -1 ms, Speed: 0.00 M/s, Resolution: None
Name: CCTV-7, URL: https://shyd.695847.xyz/cms001/ch00000090990000001236/index.m3u8?IASHttpSessionId=RR4967720251014100028031761&ispcode=12, From: subscribe, IPv_Type: ipv6, Location: 美国, ISP: CloudFlare Inc., Date: None, Delay: -1 ms, Speed: 0.00 M/s, Resolution: None
Name: CCTV-7, URL: https://live.chinacert.cftest5.cn/mg/?id=673168121, From: subscribe, IPv_Type: ipv6, Location: 中国, ISP: 中国移动, Date: None, Delay: -1 ms, Speed: 0.00 M/s, Resolution: None
Name: CCTV-7, URL: https://zby.130519.xyz/PLTV/11/224/3221226137/index.m3u8, From: subscribe, IPv_Type: ipv6, Location: 美国, ISP: CloudFlare Inc., Date: None, Delay: -1 ms, Speed: 0.00 M/s, Resolution: None
Name: CCTV-7, URL: http://183.220.107.138:4022/rtp/239.11.0.110:5140, From: subscribe, IPv_Type: ipv4, Location: 中国-四川-成都, ISP: 移动, Date: None, Delay: 418 ms, Speed: 0.96 M/s, Resolution: 1920x1080
Name: CCTV-8, URL: http://php.jdshipin.com/TVOD/hljyd.php?id=3221226008, From: subscribe, IPv_Type: ipv6, Location: 美国, ISP: CloudFlare Inc., Date: None, Delay: 0.1 ms, Speed: inf M/s, Resolution: 1920x1080
Name: CCTV-8, URL: http://goo.bkpcp.top/mg/cctv8, From: subscribe, IPv_Type: ipv6, Location: 美国, ISP: CloudFlare Inc., Date: None, Delay: 0.1 ms, Speed: inf M/s, Resolution: 1920x1080
Name: CCTV-8, URL: http://iptv.huuc.edu.cn/hls/cctv8hd.m3u8, From: subscribe, IPv_Type: ipv6, Location: 中国, ISP: 教育网, Date: None, Delay: 0.1 ms, Speed: inf M/s, Resolution: 1920x1080
Name: CCTV-8, URL: http://[2409:8087:1a01:df::4051]:80/TVOD/88888888/224/3221225795/main.m3u8, From: subscribe, IPv_Type: ipv6, Location: 中国, ISP: 中国移动, Date: None, Delay: 0.1 ms, Speed: inf M/s, Resolution: 1920x1080
Name: CCTV-8, URL: https://smart.pendy.dpdns.org/Smart.php?id=cctv8hd, From: subscribe, IPv_Type: ipv6, Location: 美国, ISP: CloudFlare Inc., Date: None, Delay: 0.1 ms, Speed: inf M/s, Resolution: 1920x1080
Name: CCTV-8, URL: http://yc.myds.me:35455/gaoma/cctv8.m3u8, From: subscribe, IPv_Type: ipv6, Location: 中国, ISP: 中国电信, Date: None, Delay: 0.1 ms, Speed: inf M/s, Resolution: 1920x1080
Name: CCTV-8, URL: http://nas.suntao.online:35455/itv/6000000001000001070.m3u8?cdn=wasusyt, From: subscribe, IPv_Type: ipv6, Location: 中国, ISP: 中国联通, Date: None, Delay: 0.1 ms, Speed: inf M/s, Resolution: 1920x1080
Name: CCTV-8, URL: http://lu.wqwqwq.sbs/itv/1000000005000265008.m3u8?cdn=ystenlive, From: subscribe, IPv_Type: ipv6, Location: 美国, ISP: CloudFlare Inc., Date: None, Delay: 0.1 ms, Speed: inf M/s, Resolution: 1920x1080
Name: CCTV-8, URL: http://[2409:8087:4c0a:22:1::11]:6410/170000001115/UmaiCHAN638728970aa82/index.m3u8?AuthInfo=9kOOdBn7MFF%2F2bWjKgahUdDh4EPdDnvGlSBkYaxFdaymid9ta2tVUW0%2FdVrFqszC1EVEkAbpip1IYxn%2Ba2aA%2BVAihIiw9D8ejUsDbfU0K68, From: subscribe, IPv_Type: ipv6, Location: 中国, ISP: 中国移动, Date: None, Delay: 0.1 ms, Speed: inf M/s, Resolution: 1920x1080
Name: CCTV-8, URL: http://[2409:8087:5e00:24::1f]:6060/ZTE_CMS/00000001000000060000000000000371/index.m3u8, From: subscribe, IPv_Type: ipv6, Location: 中国, ISP: 中国移动, Date: None, Delay: 0.1 ms, Speed: inf M/s, Resolution: 1920x1080
Name: CCTV-8, URL: http://[2409:8087:74f0:22::9]:6410/270000001111/1110000309/index.m3u8, From: subscribe, IPv_Type: ipv6, Location: 中国, ISP: 中国移动, Date: None, Delay: 0.1 ms, Speed: inf M/s, Resolution: 1920x1080
Name: CCTV-8, URL: http://[2409:8087:3869:8021:1001::e5]:6610/PLTV/88888910/224/3221225631/index.m3u8, From: subscribe, IPv_Type: ipv6, Location: 中国, ISP: 中国移动, Date: None, Delay: 0.1 ms, Speed: inf M/s, Resolution: 1920x1080
Name: CCTV-8, URL: http://rrs01.hw.gmcc.net:8088/PLTV/81/224/3221226715/1.m3u8, From: subscribe, IPv_Type: ipv6, Location: 中国, ISP: 中国移动, Date: None, Delay: -1 ms, Speed: 0.00 M/s, Resolution: None
Name: CCTV-8, URL: https://hls-gateway.vpstv.net/streams/476892.m3u8, From: subscribe, IPv_Type: ipv6, Location: 美国, ISP: CloudFlare Inc., Date: None, Delay: -1 ms, Speed: 0.00 M/s, Resolution: None
Name: CCTV-8, URL: http://k.061899.xyz/m.php?id=cctv8, From: subscribe, IPv_Type: ipv6, Location: 新加坡, ISP: Aceville Pte.Ltd., Date: None, Delay: -1 ms, Speed: 0.00 M/s, Resolution: None
Name: CCTV-8, URL: http://[2409:8087:5e00:24::1e]:6060/200000001898/460000089800010216/1.m3u8, From: subscribe, IPv_Type: ipv6, Location: 中国, ISP: 中国移动, Date: None, Delay: -1 ms, Speed: 0.00 M/s, Resolution: None
Name: CCTV-8, URL: http://[2409:8087:5e08:25::16]:6610/200000001898/460000089800010216/1.m3u8, From: subscribe, IPv_Type: ipv6, Location: 中国, ISP: 中国移动, Date: None, Delay: -1 ms, Speed: 0.00 M/s, Resolution: None
Name: CCTV-8, URL: https://migu.188766.xyz/?migutoken=20dfb981b7f247ddbe0061b4bffcd425&id=CCTV8&type=yy, From: None, IPv_Type: ipv6, Location: 美国, ISP: CloudFlare Inc., Date: None, Delay: -1 ms, Speed: 0.00 M/s, Resolution: None
Name: CCTV-8, URL: https://cc06.tv12.xyz/9.m3u8, From: subscribe, IPv_Type: ipv6, Location: 美国, ISP: CloudFlare Inc., Date: None, Delay: -1 ms, Speed: 0.00 M/s, Resolution: None
Name: CCTV-8, URL: https://jzb.wwkejishe.top/?id=586, From: subscribe, IPv_Type: ipv6, Location: 美国, ISP: CloudFlare Inc., Date: None, Delay: -1 ms, Speed: 0.00 M/s, Resolution: None
Name: CCTV-8, URL: https://iptv.catvod.com/live.php?id=CCTV8%E7%94%B5%E8%A7%86%E5%89%A7, From: subscribe, IPv_Type: ipv6, Location: 美国, ISP: CloudFlare Inc., Date: None, Delay: -1 ms, Speed: 0.00 M/s, Resolution: None
Name: CCTV-8, URL: https://shyd.695847.xyz/cms001/ch00000090990000001189/index.m3u8?IASHttpSessionId=RR4967720251014100028031761&ispcode=12, From: subscribe, IPv_Type: ipv6, Location: 美国, ISP: CloudFlare Inc., Date: None, Delay: -1 ms, Speed: 0.00 M/s, Resolution: None
Name: CCTV-8, URL: https://live.chinacert.cftest5.cn/mg/?id=624878356, From: subscribe, IPv_Type: ipv6, Location: 中国, ISP: 中国移动, Date: None, Delay: -1 ms, Speed: 0.00 M/s, Resolution: None
Name: CCTV-9, URL: http://php.jdshipin.com/TVOD/hljyd.php?id=3221225734, From: subscribe, IPv_Type: ipv6, Location: 美国, ISP: CloudFlare Inc., Date: None, Delay: 0.1 ms, Speed: inf M/s, Resolution: 1920x1080
Name: CCTV-9, URL: http://iptv.huuc.edu.cn/hls/cctv9hd.m3u8, From: subscribe, IPv_Type: ipv6, Location: 中国, ISP: 教育网, Date: None, Delay: 0.1 ms, Speed: inf M/s, Resolution: 1920x1080
Name: CCTV-9, URL: https://smart.pendy.dpdns.org/Smart.php?id=cctv9hd, From: subscribe, IPv_Type: ipv6, Location: 美国, ISP: CloudFlare Inc., Date: None, Delay: 0.1 ms, Speed: inf M/s, Resolution: 1920x1080
Name: CCTV-9, URL: http://yc.myds.me:35455/gaoma/cctv9.m3u8, From: subscribe, IPv_Type: ipv6, Location: 中国, ISP: 中国电信, Date: None, Delay: 0.1 ms, Speed: inf M/s, Resolution: 1920x1080
Name: CCTV-9, URL: http://nas.suntao.online:35455/itv/1000000005000265009.m3u8?cdn=ystenlive, From: subscribe, IPv_Type: ipv6, Location: 中国, ISP: 中国联通, Date: None, Delay: 0.1 ms, Speed: inf M/s, Resolution: 1920x1080
Name: CCTV-9, URL: http://lu.wqwqwq.sbs/itv/1000000005000265009.m3u8?cdn=ystenlive, From: subscribe, IPv_Type: ipv6, Location: 美国, ISP: CloudFlare Inc., Date: None, Delay: 0.1 ms, Speed: inf M/s, Resolution: 1920x1080
Name: CCTV-9, URL: http://[2409:8087:5e01:34::23]:6610/ZTE_CMS/00000001000000060000000000000373/index.m3u8?IAS, From: subscribe, IPv_Type: ipv6, Location: 中国, ISP: 中国移动, Date: None, Delay: 0.1 ms, Speed: inf M/s, Resolution: 1920x1080
Name: CCTV-9, URL: http://[2409:8087:5e01:34::20]:6610/ZTE_CMS/00000001000000060000000000000373/index.m3u8?IAS, From: subscribe, IPv_Type: ipv6, Location: 中国, ISP: 中国移动, Date: None, Delay: 0.1 ms, Speed: inf M/s, Resolution: 1920x1080
Name: CCTV-9, URL: http://[2409:8087:4c0a:22:1::11]:6410/170000001115/UmaiCHAN5000039BESTVSMGSMG/index.m3u8?AuthInfo=9kOOdBn7MFF%2F2bWjKgahUSpr1AVNI633ampcuzdN%2BfHArfvJF2pWpm4RxcBNhZ7j9vEUeCQte%2BbQaOGNIUEEK%2B3RBE1BC9EUsM18gnb%2FyAA, From: subscribe, IPv_Type: ipv6, Location: 中国, ISP: 中国移动, Date: None, Delay: 0.1 ms, Speed: inf M/s, Resolution: 1920x1080
Name: CCTV-9, URL: http://[2409:8087:5e01:34::38]:6610/ZTE_CMS/00000001000000060000000000000373/index.m3u8, From: subscribe, IPv_Type: ipv6, Location: 中国, ISP: 中国移动, Date: None, Delay: 0.1 ms, Speed: inf M/s, Resolution: 1920x1080
Name: CCTV-9, URL: http://[2409:8087:5e00:24::1f]:6060/ZTE_CMS/00000001000000060000000000000373/index.m3u8, From: subscribe, IPv_Type: ipv6, Location: 中国, ISP: 中国移动, Date: None, Delay: 0.1 ms, Speed: inf M/s, Resolution: 1920x1080
Name: CCTV-9, URL: http://[2409:8087:5e01:34::21]:6610/ZTE_CMS/00000001000000060000000000000373/index.m3u8?IAS, From: subscribe, IPv_Type: ipv6, Location: 中国, ISP: 中国移动, Date: None, Delay: 0.1 ms, Speed: inf M/s, Resolution: 1920x1080
Name: CCTV-9, URL: http://[2409:8087:5e01:34::22]:6610/ZTE_CMS/00000001000000060000000000000373/index.m3u8?IAS, From: subscribe, IPv_Type: ipv6, Location: 中国, ISP: 中国移动, Date: None, Delay: 0.1 ms, Speed: inf M/s, Resolution: 1920x1080
Name: CCTV-9, URL: http://[2409:8087:74f0:22::4]:6410/270000001128/9900000505/index.m3u8, From: subscribe, IPv_Type: ipv6, Location: 中国, ISP: 中国移动, Date: None, Delay: 0.1 ms, Speed: inf M/s, Resolution: 1920x1080
Name: CCTV-9, URL: http://[2409:8087:3869:8021:1001::e5]:6610/PLTV/88888910/224/3221225646/index.m3u8, From: subscribe, IPv_Type: ipv6, Location: 中国, ISP: 中国移动, Date: None, Delay: 0.1 ms, Speed: inf M/s, Resolution: 1920x1080
Name: CCTV-9, URL: http://rrs01.hw.gmcc.net:8088/PLTV/81/224/3221226651/1.m3u8, From: subscribe, IPv_Type: ipv6, Location: 中国, ISP: 中国移动, Date: None, Delay: -1 ms, Speed: 0.00 M/s, Resolution: None
Name: CCTV-9, URL: https://hls-gateway.vpstv.net/streams/476893.m3u8, From: subscribe, IPv_Type: ipv6, Location: 美国, ISP: CloudFlare Inc., Date: None, Delay: -1 ms, Speed: 0.00 M/s, Resolution: None
Name: CCTV-9, URL: http://k.061899.xyz/m.php?id=cctv9, From: subscribe, IPv_Type: ipv6, Location: 新加坡, ISP: Aceville Pte.Ltd., Date: None, Delay: -1 ms, Speed: 0.00 M/s, Resolution: None
Name: CCTV-9, URL: http://[2409:8087:5e00:24::1e]:6060/200000001898/460000089800010052/1.m3u8, From: subscribe, IPv_Type: ipv6, Location: 中国, ISP: 中国移动, Date: None, Delay: -1 ms, Speed: 0.00 M/s, Resolution: None
Name: CCTV-9, URL: http://[2409:8087:5e08:25::16]:6610/200000001898/460000089800010052/1.m3u8, From: subscribe, IPv_Type: ipv6, Location: 中国, ISP: 中国移动, Date: None, Delay: -1 ms, Speed: 0.00 M/s, Resolution: None
Name: CCTV-9, URL: https://migu.188766.xyz/?migutoken=7179545e9a922b31c82459173bfbf8f0&id=CCTV9&type=yy, From: None, IPv_Type: ipv6, Location: 美国, ISP: CloudFlare Inc., Date: None, Delay: -1 ms, Speed: 0.00 M/s, Resolution: None
Name: CCTV-9, URL: https://cc06.tv12.xyz/10.m3u8, From: subscribe, IPv_Type: ipv6, Location: 美国, ISP: CloudFlare Inc., Date: None, Delay: -1 ms, Speed: 0.00 M/s, Resolution: None
Name: CCTV-9, URL: https://jzb.wwkejishe.top/?id=587, From: subscribe, IPv_Type: ipv6, Location: 美国, ISP: CloudFlare Inc., Date: None, Delay: -1 ms, Speed: 0.00 M/s, Resolution: None
Name: CCTV-9, URL: https://iptv.catvod.com/live.php?id=CCTV9%E7%BA%AA%E5%BD%95, From: subscribe, IPv_Type: ipv6, Location: 美国, ISP: CloudFlare Inc., Date: None, Delay: -1 ms, Speed: 0.00 M/s, Resolution: None
Name: CCTV-9, URL: https://live.chinacert.cftest5.cn/mg/?id=673168140, From: subscribe, IPv_Type: ipv6, Location: 中国, ISP: 中国移动, Date: None, Delay: -1 ms, Speed: 0.00 M/s, Resolution: None
Name: CCTV-10, URL: http://z.b.bkpcp.top/m.php?id=CCTV-10科教科教, From: subscribe, IPv_Type: ipv6, Location: 美国, ISP: CloudFlare Inc., Date: None, Delay: 0.1 ms, Speed: inf M/s, Resolution: 1920x1080
Name: CCTV-10, URL: http://goo.bkpcp.top/mg/cctv10, From: subscribe, IPv_Type: ipv6, Location: 美国, ISP: CloudFlare Inc., Date: None, Delay: 0.1 ms, Speed: inf M/s, Resolution: 1920x1080
Name: CCTV-10, URL: http://iptv.huuc.edu.cn/hls/cctv10hd.m3u8, From: subscribe, IPv_Type: ipv6, Location: 中国, ISP: 教育网, Date: None, Delay: 0.1 ms, Speed: inf M/s, Resolution: 1920x1080
Name: CCTV-10, URL: https://smart.pendy.dpdns.org/Smart.php?id=cctv10hd, From: subscribe, IPv_Type: ipv6, Location: 美国, ISP: CloudFlare Inc., Date: None, Delay: 0.1 ms, Speed: inf M/s, Resolution: 1920x1080
Name: CCTV-10, URL: http://yc.myds.me:35455/gaoma/cctv10.m3u8, From: subscribe, IPv_Type: ipv6, Location: 中国, ISP: 中国电信, Date: None, Delay: 0.1 ms, Speed: inf M/s, Resolution: 1920x1080
Name: CCTV-10, URL: http://nas.suntao.online:35455/itv/1000000005000265010.m3u8?cdn=ystenlive, From: subscribe, IPv_Type: ipv6, Location: 中国, ISP: 中国联通, Date: None, Delay: 0.1 ms, Speed: inf M/s, Resolution: 1920x1080
Name: CCTV-10, URL: http://lu.wqwqwq.sbs/itv/1000000005000265010.m3u8?cdn=ystenlive, From: subscribe, IPv_Type: ipv6, Location: 美国, ISP: CloudFlare Inc., Date: None, Delay: 0.1 ms, Speed: inf M/s, Resolution: 1920x1080
Name: CCTV-10, URL: http://[2409:8087:5e01:34::20]:6610/ZTE_CMS/00000001000000060000000000000375/index.m3u8?IAS, From: subscribe, IPv_Type: ipv6, Location: 中国, ISP: 中国移动, Date: None, Delay: 0.1 ms, Speed: inf M/s, Resolution: 1920x1080
Name: CCTV-10, URL: http://[2409:8087:5e01:34::22]:6610/ZTE_CMS/00000001000000060000000000000375/index.m3u8?IAS, From: subscribe, IPv_Type: ipv6, Location: 中国, ISP: 中国移动, Date: None, Delay: 0.1 ms, Speed: inf M/s, Resolution: 1920x1080
Name: CCTV-10, URL: http://[2409:8087:5e01:34::23]:6610/ZTE_CMS/00000001000000060000000000000375/index.m3u8?IAS, From: subscribe, IPv_Type: ipv6, Location: 中国, ISP: 中国移动, Date: None, Delay: 0.1 ms, Speed: inf M/s, Resolution: 1920x1080
Name: CCTV-10, URL: http://[2409:8087:4c0a:22:1::11]:6410/170000001115/UmaiCHAN3949784BESTVSMGSMG/index.m3u8?AuthInfo=9kOOdBn7MFF%2F2bWjKgahUXt3TPFwzzdHCkOT9AjSv5OuXozn3alq9%2BUx7ZLG1w9aOfkLjZvYj56D3xkOAtSOIoLsdw8c1%2BCwLDg1aS4esN4, From: subscribe, IPv_Type: ipv6, Location: 中国, ISP: 中国移动, Date: None, Delay: 0.1 ms, Speed: inf M/s, Resolution: 1920x1080
Name: CCTV-10, URL: http://[2409:8087:5e01:34::38]:6610/ZTE_CMS/00000001000000060000000000000375/index.m3u8, From: subscribe, IPv_Type: ipv6, Location: 中国, ISP: 中国移动, Date: None, Delay: 0.1 ms, Speed: inf M/s, Resolution: 1920x1080
Name: CCTV-10, URL: http://[2409:8087:5e00:24::1f]:6060/ZTE_CMS/00000001000000060000000000000375/index.m3u8, From: subscribe, IPv_Type: ipv6, Location: 中国, ISP: 中国移动, Date: None, Delay: 0.1 ms, Speed: inf M/s, Resolution: 1920x1080
Name: CCTV-10, URL: http://[2409:8087:5e01:34::21]:6610/ZTE_CMS/00000001000000060000000000000375/index.m3u8?IAS, From: subscribe, IPv_Type: ipv6, Location: 中国, ISP: 中国移动, Date: None, Delay: 0.1 ms, Speed: inf M/s, Resolution: 1920x1080
Name: CCTV-10, URL: http://[2409:8087:74f0:22::4]:6410/270000001128/9900000506/index.m3u8, From: subscribe, IPv_Type: ipv6, Location: 中国, ISP: 中国移动, Date: None, Delay: 0.1 ms, Speed: inf M/s, Resolution: 1920x1080
Name: CCTV-10, URL: http://[2409:8087:3869:8021:1001::e5]:6610/PLTV/88888910/224/3221225636/index.m3u8, From: subscribe, IPv_Type: ipv6, Location: 中国, ISP: 中国移动, Date: None, Delay: -1 ms, Speed: 0.00 M/s, Resolution: None
Name: CCTV-10, URL: http://rrs01.hw.gmcc.net:8088/PLTV/81/224/3221226708/1.m3u8, From: subscribe, IPv_Type: ipv6, Location: 中国, ISP: 中国移动, Date: None, Delay: -1 ms, Speed: 0.00 M/s, Resolution: None
Name: CCTV-10, URL: http://k.061899.xyz/m.php?id=cctv10, From: subscribe, IPv_Type: ipv6, Location: 新加坡, ISP: Aceville Pte.Ltd., Date: None, Delay: -1 ms, Speed: 0.00 M/s, Resolution: None
Name: CCTV-10, URL: http://[2409:8087:5e00:24::1e]:6060/200000001898/460000089800010046/1.m3u8, From: subscribe, IPv_Type: ipv6, Location: 中国, ISP: 中国移动, Date: None, Delay: -1 ms, Speed: 0.00 M/s, Resolution: None
Name: CCTV-10, URL: http://[2409:8087:5e08:25::16]:6610/200000001898/460000089800010046/1.m3u8, From: subscribe, IPv_Type: ipv6, Location: 中国, ISP: 中国移动, Date: None, Delay: -1 ms, Speed: 0.00 M/s, Resolution: None
Name: CCTV-10, URL: https://migu.188766.xyz/?migutoken=cf6a18edbb9249bf81373ae27d37b763&id=CCTV10&type=yy, From: None, IPv_Type: ipv6, Location: 美国, ISP: CloudFlare Inc., Date: None, Delay: -1 ms, Speed: 0.00 M/s, Resolution: None
Name: CCTV-10, URL: https://cc06.tv12.xyz/11.m3u8, From: subscribe, IPv_Type: ipv6, Location: 美国, ISP: CloudFlare Inc., Date: None, Delay: -1 ms, Speed: 0.00 M/s, Resolution: None
Name: CCTV-10, URL: https://jzb.wwkejishe.top/?id=588, From: subscribe, IPv_Type: ipv6, Location: 美国, ISP: CloudFlare Inc., Date: None, Delay: -1 ms, Speed: 0.00 M/s, Resolution: None
Name: CCTV-10, URL: https://iptv.catvod.com/live.php?id=CCTV-10%20%E7%A7%91%E6%95%99, From: subscribe, IPv_Type: ipv6, Location: 美国, ISP: CloudFlare Inc., Date: None, Delay: -1 ms, Speed: 0.00 M/s, Resolution: None
Name: CCTV-10, URL: https://zby.130519.xyz/PLTV/11/224/3221226169/index.m3u8, From: subscribe, IPv_Type: ipv6, Location: 美国, ISP: CloudFlare Inc., Date: None, Delay: -1 ms, Speed: 0.00 M/s, Resolution: None
Name: CCTV-10, URL: https://live.chinacert.cftest5.cn/mg/?id=624878405, From: subscribe, IPv_Type: ipv6, Location: 中国, ISP: 中国移动, Date: None, Delay: -1 ms, Speed: 0.00 M/s, Resolution: None
Name: CCTV-11, URL: http://php.jdshipin.com/TVOD/hljyd.php?id=3221226565, From: subscribe, IPv_Type: ipv6, Location: 美国, ISP: CloudFlare Inc., Date: None, Delay: 0.1 ms, Speed: inf M/s, Resolution: 1920x1080
Name: CCTV-11, URL: http://iptv.huuc.edu.cn/hls/cctv11hd.m3u8, From: subscribe, IPv_Type: ipv6, Location: 中国, ISP: 教育网, Date: None, Delay: 0.1 ms, Speed: inf M/s, Resolution: 1920x1080
Name: CCTV-11, URL: https://smart.pendy.dpdns.org/Smart.php?id=cctv11, From: subscribe, IPv_Type: ipv6, Location: 美国, ISP: CloudFlare Inc., Date: None, Delay: 0.1 ms, Speed: inf M/s, Resolution: 1920x1080
Name: CCTV-11, URL: http://yc.myds.me:35455/gaoma/cctv11.m3u8, From: subscribe, IPv_Type: ipv6, Location: 中国, ISP: 中国电信, Date: None, Delay: 0.1 ms, Speed: inf M/s, Resolution: 1920x1080
Name: CCTV-11, URL: http://lu.wqwqwq.sbs/itv/1000000005000265011.m3u8?cdn=ystenlive, From: subscribe, IPv_Type: ipv6, Location: 美国, ISP: CloudFlare Inc., Date: None, Delay: 0.1 ms, Speed: inf M/s, Resolution: 1920x1080
Name: CCTV-11, URL: http://[2409:8087:5e01:34::20]:6610/ZTE_CMS/00000001000000060000000000000497/index.m3u8?IAS, From: subscribe, IPv_Type: ipv6, Location: 中国, ISP: 中国移动, Date: None, Delay: 0.1 ms, Speed: inf M/s, Resolution: 1920x1080
Name: CCTV-11, URL: http://[2409:8087:4c0a:22:1::11]:6410/170000001115/UmaiCHAN6000053BESTVSMGSMG/index.m3u8?AuthInfo=9kOOdBn7MFF%2F2bWjKgahUTWDyIgRkFJBAHMhA2ayG0Qj2xHA4vdPGsjBbxSL3p%2FmAObVTfznR%2Fpc%2B76QYmLRMuL3Lj9iabhv8arW7kJe6%2F4, From: subscribe, IPv_Type: ipv6, Location: 中国, ISP: 中国移动, Date: None, Delay: 0.1 ms, Speed: inf M/s, Resolution: 1920x1080
Name: CCTV-11, URL: http://[2409:8087:5e01:34::38]:6610/ZTE_CMS/00000001000000060000000000000497/index.m3u8, From: subscribe, IPv_Type: ipv6, Location: 中国, ISP: 中国移动, Date: None, Delay: 0.1 ms, Speed: inf M/s, Resolution: 1920x1080
Name: CCTV-11, URL: http://[2409:8087:5e00:24::1f]:6060/ZTE_CMS/00000001000000060000000000000497/index.m3u8, From: subscribe, IPv_Type: ipv6, Location: 中国, ISP: 中国移动, Date: None, Delay: 0.1 ms, Speed: inf M/s, Resolution: 1920x1080
Name: CCTV-11, URL: http://[2409:8087:5e01:34::22]:6610/ZTE_CMS/00000001000000060000000000000497/index.m3u8?IAS, From: subscribe, IPv_Type: ipv6, Location: 中国, ISP: 中国移动, Date: None, Delay: 0.1 ms, Speed: inf M/s, Resolution: 1920x1080
Name: CCTV-11, URL: http://[2409:8087:5e01:34::21]:6610/ZTE_CMS/00000001000000060000000000000497/index.m3u8?IAS, From: subscribe, IPv_Type: ipv6, Location: 中国, ISP: 中国移动, Date: None, Delay: 0.1 ms, Speed: inf M/s, Resolution: 1920x1080
Name: CCTV-11, URL: http://[2409:8087:5e01:34::23]:6610/ZTE_CMS/00000001000000060000000000000497/index.m3u8?IAS, From: subscribe, IPv_Type: ipv6, Location: 中国, ISP: 中国移动, Date: None, Delay: 0.1 ms, Speed: inf M/s, Resolution: 1920x1080
Name: CCTV-11, URL: http://[2409:8087:74f0:22::4]:6410/270000001128/9900000508/index.m3u8, From: subscribe, IPv_Type: ipv6, Location: 中国, ISP: 中国移动, Date: None, Delay: 0.1 ms, Speed: inf M/s, Resolution: 1920x1080
Name: CCTV-11, URL: http://[2409:8087:3869:8021:1001::e5]:6610/PLTV/88888910/224/3221225628/index.m3u8, From: subscribe, IPv_Type: ipv6, Location: 中国, ISP: 中国移动, Date: None, Delay: -1 ms, Speed: 0.00 M/s, Resolution: None
Name: CCTV-11, URL: http://rrs01.hw.gmcc.net:8088/PLTV/81/224/3221226714/1.m3u8, From: subscribe, IPv_Type: ipv6, Location: 中国, ISP: 中国移动, Date: None, Delay: -1 ms, Speed: 0.00 M/s, Resolution: None
Name: CCTV-11, URL: http://k.061899.xyz/m.php?id=cctv11, From: subscribe, IPv_Type: ipv6, Location: 新加坡, ISP: Aceville Pte.Ltd., Date: None, Delay: -1 ms, Speed: 0.00 M/s, Resolution: None
Name: CCTV-11, URL: http://[2409:8087:5e00:24::1e]:6060/200000001898/460000089800010092/1.m3u8, From: subscribe, IPv_Type: ipv6, Location: 中国, ISP: 中国移动, Date: None, Delay: -1 ms, Speed: 0.00 M/s, Resolution: None
Name: CCTV-11, URL: http://[2409:8087:5e08:25::16]:6610/200000001898/460000089800010092/1.m3u8, From: subscribe, IPv_Type: ipv6, Location: 中国, ISP: 中国移动, Date: None, Delay: -1 ms, Speed: 0.00 M/s, Resolution: None
Name: CCTV-11, URL: https://migu.188766.xyz/?migutoken=8e7b1f54290f6eb27b9254c2d01774ca&id=CCTV11&type=yy, From: None, IPv_Type: ipv6, Location: 美国, ISP: CloudFlare Inc., Date: None, Delay: -1 ms, Speed: 0.00 M/s, Resolution: None
Name: CCTV-11, URL: https://cc06.tv12.xyz/12.m3u8, From: subscribe, IPv_Type: ipv6, Location: 美国, ISP: CloudFlare Inc., Date: None, Delay: -1 ms, Speed: 0.00 M/s, Resolution: None
Name: CCTV-11, URL: https://jzb.wwkejishe.top/?id=589, From: subscribe, IPv_Type: ipv6, Location: 美国, ISP: CloudFlare Inc., Date: None, Delay: -1 ms, Speed: 0.00 M/s, Resolution: None
Name: CCTV-11, URL: https://iptv.catvod.com/live.php?id=CCTV11%E6%88%8F%E6%9B%B2, From: subscribe, IPv_Type: ipv6, Location: 美国, ISP: CloudFlare Inc., Date: None, Delay: -1 ms, Speed: 0.00 M/s, Resolution: None
Name: CCTV-11, URL: https://shyd.695847.xyz/cms001/ch00000090990000001309/index.m3u8?IASHttpSessionId=RR4967720251014100028031761&ispcode=12, From: subscribe, IPv_Type: ipv6, Location: 美国, ISP: CloudFlare Inc., Date: None, Delay: -1 ms, Speed: 0.00 M/s, Resolution: None
Name: CCTV-11, URL: https://live.chinacert.cftest5.cn/mg/?id=667987558, From: subscribe, IPv_Type: ipv6, Location: 中国, ISP: 中国移动, Date: None, Delay: -1 ms, Speed: 0.00 M/s, Resolution: None
Name: CCTV-12, URL: http://php.jdshipin.com/TVOD/hljyd.php?id=3221225731, From: subscribe, IPv_Type: ipv6, Location: 美国, ISP: CloudFlare Inc., Date: None, Delay: 0.1 ms, Speed: inf M/s, Resolution: 1920x1080
Name: CCTV-12, URL: http://z.b.bkpcp.top/m.php?id=CCTV-12社会与法社会与法, From: subscribe, IPv_Type: ipv6, Location: 美国, ISP: CloudFlare Inc., Date: None, Delay: 0.1 ms, Speed: inf M/s, Resolution: 1920x1080
Name: CCTV-12, URL: http://iptv.huuc.edu.cn/hls/cctv12hd.m3u8, From: subscribe, IPv_Type: ipv6, Location: 中国, ISP: 教育网, Date: None, Delay: 0.1 ms, Speed: inf M/s, Resolution: 1920x1080
Name: CCTV-12, URL: https://smart.pendy.dpdns.org/Smart.php?id=cctv12, From: subscribe, IPv_Type: ipv6, Location: 美国, ISP: CloudFlare Inc., Date: None, Delay: 0.1 ms, Speed: inf M/s, Resolution: 1920x1080
Name: CCTV-12, URL: http://yc.myds.me:35455/gaoma/cctv12.m3u8, From: subscribe, IPv_Type: ipv6, Location: 中国, ISP: 中国电信, Date: None, Delay: 0.1 ms, Speed: inf M/s, Resolution: 1920x1080
Name: CCTV-12, URL: http://nas.suntao.online:35455/itv/1000000005000265012.m3u8?cdn=ystenlive, From: subscribe, IPv_Type: ipv6, Location: 中国, ISP: 中国联通, Date: None, Delay: 0.1 ms, Speed: inf M/s, Resolution: 1920x1080
Name: CCTV-12, URL: http://lu.wqwqwq.sbs/itv/1000000005000265012.m3u8?cdn=ystenlive, From: subscribe, IPv_Type: ipv6, Location: 美国, ISP: CloudFlare Inc., Date: None, Delay: 0.1 ms, Speed: inf M/s, Resolution: 1920x1080
Name: CCTV-12, URL: http://[2409:8087:74F1:0021::0008]:80/270000001322/69900158041111100000002147/1.m3u8, From: subscribe, IPv_Type: ipv6, Location: 中国, ISP: 中国移动, Date: None, Delay: 0.1 ms, Speed: inf M/s, Resolution: 1920x1080
Name: CCTV-12, URL: http://[2409:8087:5e00:24::1e]:6060/200000001898/460000089800010205/1.m3u8, From: subscribe, IPv_Type: ipv6, Location: 中国, ISP: 中国移动, Date: None, Delay: 0.1 ms, Speed: inf M/s, Resolution: 1920x1080
Name: CCTV-12, URL: http://[2409:8087:5e01:34::21]:6610/ZTE_CMS/00000001000000060000000000000377/index.m3u8?IAS, From: subscribe, IPv_Type: ipv6, Location: 中国, ISP: 中国移动, Date: None, Delay: 0.1 ms, Speed: inf M/s, Resolution: 1920x1080
Name: CCTV-12, URL: http://[2409:8087:5e01:34::23]:6610/ZTE_CMS/00000001000000060000000000000377/index.m3u8?IAS, From: subscribe, IPv_Type: ipv6, Location: 中国, ISP: 中国移动, Date: None, Delay: 0.1 ms, Speed: inf M/s, Resolution: 1920x1080
Name: CCTV-12, URL: http://[2409:8087:5e01:34::22]:6610/ZTE_CMS/00000001000000060000000000000377/index.m3u8?IAS, From: subscribe, IPv_Type: ipv6, Location: 中国, ISP: 中国移动, Date: None, Delay: 0.1 ms, Speed: inf M/s, Resolution: 1920x1080
Name: CCTV-12, URL: http://[2409:8087:5e01:34::20]:6610/ZTE_CMS/00000001000000060000000000000377/index.m3u8?IAS, From: subscribe, IPv_Type: ipv6, Location: 中国, ISP: 中国移动, Date: None, Delay: 0.1 ms, Speed: inf M/s, Resolution: 1920x1080
Name: CCTV-12, URL: https://epg.pw/stream/aedb71e61961cd2a5a5b9a8a83b8ae489c9408e6b420593aecb92cc36de628fe.m3u8, From: subscribe, IPv_Type: ipv6, Location: 美国, ISP: CloudFlare Inc., Date: None, Delay: 0.1 ms, Speed: inf M/s, Resolution: 1920x1080
Name: CCTV-12, URL: http://[2409:8087:4c0a:22:1::11]:6410/170000001115/UmaiCHAN5000040BESTVSMGSMG/index.m3u8?AuthInfo=9kOOdBn7MFF%2F2bWjKgahUd3JM2PCgDefrKOVZLNt0QMAmpLefguRLiOPXiDRWhxHg8yim2giTBA8RILsb%2B8Y5pkFUyZBE%2FkNJAbwncEegkU, From: subscribe, IPv_Type: ipv6, Location: 中国, ISP: 中国移动, Date: None, Delay: 0.1 ms, Speed: inf M/s, Resolution: 1920x1080
Name: CCTV-12, URL: http://[2409:8087:5e01:34::38]:6610/ZTE_CMS/00000001000000060000000000000377/index.m3u8, From: subscribe, IPv_Type: ipv6, Location: 中国, ISP: 中国移动, Date: None, Delay: 0.1 ms, Speed: inf M/s, Resolution: 1920x1080
Name: CCTV-12, URL: http://[2409:8087:5e00:24::1f]:6060/ZTE_CMS/00000001000000060000000000000377/index.m3u8, From: subscribe, IPv_Type: ipv6, Location: 中国, ISP: 中国移动, Date: None, Delay: 0.1 ms, Speed: inf M/s, Resolution: 1920x1080
Name: CCTV-12, URL: http://[2409:8087:74f0:22::4]:6410/270000001128/9900000509/index.m3u8, From: subscribe, IPv_Type: ipv6, Location: 中国, ISP: 中国移动, Date: None, Delay: 0.1 ms, Speed: inf M/s, Resolution: 1920x1080
Name: CCTV-12, URL: http://[2409:8087:3869:8021:1001::e5]:6610/PLTV/88888910/224/3221225637/index.m3u8, From: subscribe, IPv_Type: ipv6, Location: 中国, ISP: 中国移动, Date: None, Delay: -1 ms, Speed: 0.00 M/s, Resolution: None
Name: CCTV-12, URL: http://rrs01.hw.gmcc.net:8088/PLTV/81/224/3221226723/1.m3u8, From: subscribe, IPv_Type: ipv6, Location: 中国, ISP: 中国移动, Date: None, Delay: -1 ms, Speed: 0.00 M/s, Resolution: None
Name: CCTV-12, URL: https://migu.188766.xyz/?migutoken=a132e52962b2804e3cbdbdaa44d377d5&id=CCTV12&type=yy, From: None, IPv_Type: ipv6, Location: 美国, ISP: CloudFlare Inc., Date: None, Delay: -1 ms, Speed: 0.00 M/s, Resolution: None
Name: CCTV-12, URL: http://k.061899.xyz/m.php?id=cctv12, From: subscribe, IPv_Type: ipv6, Location: 新加坡, ISP: Aceville Pte.Ltd., Date: None, Delay: -1 ms, Speed: 0.00 M/s, Resolution: None
Name: CCTV-12, URL: http://[2409:8087:5e08:25::16]:6610/200000001898/460000089800010205/1.m3u8, From: subscribe, IPv_Type: ipv6, Location: 中国, ISP: 中国移动, Date: None, Delay: -1 ms, Speed: 0.00 M/s, Resolution: None
Name: CCTV-12, URL: https://mgtv.ottiptv.cc/migu/673168185.m3u8?migutoken=fc7337f383350fbb1ad2e26060782fb1429267aa9085aba00b3212b25d33265b7a00a505a972cd564f5c810010f3d1984c96dcfde712a2171468fb650e80e2d47ade21b53872a5c4cf89ab15a5, From: subscribe, IPv_Type: ipv6, Location: 美国-新泽西州-巴赛克, ISP: DigitalOcean, Date: None, Delay: -1 ms, Speed: 0.00 M/s, Resolution: None
Name: CCTV-12, URL: https://cc06.tv12.xyz/13.m3u8, From: subscribe, IPv_Type: ipv6, Location: 美国, ISP: CloudFlare Inc., Date: None, Delay: -1 ms, Speed: 0.00 M/s, Resolution: None
Name: CCTV-12, URL: https://iptv.catvod.com/live.php?id=CCTV12%E7%A4%BE%E4%BC%9A%E4%B8%8E%E6%B3%95, From: subscribe, IPv_Type: ipv6, Location: 美国, ISP: CloudFlare Inc., Date: None, Delay: -1 ms, Speed: 0.00 M/s, Resolution: None
Name: CCTV-12, URL: https://live.chinacert.cftest5.cn/mg/?id=673168185, From: subscribe, IPv_Type: ipv6, Location: 中国, ISP: 中国移动, Date: None, Delay: -1 ms, Speed: 0.00 M/s, Resolution: None
Name: CCTV-13, URL: https://event.pull.hebtv.com/jishi/cp1.m3u8, From: subscribe, IPv_Type: ipv6, Location: 中国, ISP: 中国电信, Date: None, Delay: 0.1 ms, Speed: inf M/s, Resolution: 1920x1080
Name: CCTV-13, URL: http://z.b.bkpcp.top/m.php?id=cctv13, From: subscribe, IPv_Type: ipv6, Location: 美国, ISP: CloudFlare Inc., Date: None, Delay: 0.1 ms, Speed: inf M/s, Resolution: 1920x1080
Name: CCTV-13, URL: http://ali-m-l.cztv.com/channels/lantian/channel21/1080p.m3u8, From: subscribe, IPv_Type: ipv6, Location: 中国-广西-防城港, ISP: 电信, Date: None, Delay: 0.1 ms, Speed: inf M/s, Resolution: 1920x1080
Name: CCTV-13, URL: http://jwplay.hebyun.com.cn/live/cctv13/1500k/tzwj_video.m3u8, From: subscribe, IPv_Type: ipv6, Location: 中国, ISP: 中国联通, Date: None, Delay: 0.1 ms, Speed: inf M/s, Resolution: 1920x1080
Name: CCTV-13, URL: https://ldncctvwbcdcnc.v.wscdns.com/ldncctvwbcd/cdrmldcctv13_1/index.m3u8, From: subscribe, IPv_Type: ipv6, Location: 中国, ISP: 中国电信, Date: None, Delay: 0.1 ms, Speed: inf M/s, Resolution: 1920x1080
Name: CCTV-13, URL: http://iptv.huuc.edu.cn/hls/cctv13hd.m3u8, From: subscribe, IPv_Type: ipv6, Location: 中国, ISP: 教育网, Date: None, Delay: 0.1 ms, Speed: inf M/s, Resolution: 1920x1080
Name: CCTV-13, URL: https://smart.pendy.dpdns.org/Smart.php?id=cctv13, From: subscribe, IPv_Type: ipv6, Location: 美国, ISP: CloudFlare Inc., Date: None, Delay: 0.1 ms, Speed: inf M/s, Resolution: 1920x1080
Name: CCTV-13, URL: https://epg.pw/stream/5d3d047c64e44d0a24dc33e5700e579457201d2960036b43819bd930a0bb76a7.m3u8, From: subscribe, IPv_Type: ipv6, Location: 美国, ISP: CloudFlare Inc., Date: None, Delay: 0.1 ms, Speed: inf M/s, Resolution: 1920x1080
Name: CCTV-13, URL: http://yc.myds.me:35455/gaoma/cctv13.m3u8, From: subscribe, IPv_Type: ipv6, Location: 中国, ISP: 中国电信, Date: None, Delay: 0.1 ms, Speed: inf M/s, Resolution: 1920x1080
Name: CCTV-13, URL: http://[2409:8087:5e01:34::22]:6610/ZTE_CMS/00000001000000060000000000000516/index.m3u8?IAS, From: subscribe, IPv_Type: ipv6, Location: 中国, ISP: 中国移动, Date: None, Delay: 0.1 ms, Speed: inf M/s, Resolution: 1920x1080
Name: CCTV-13, URL: http://[2409:8087:5e01:34::20]:6610/ZTE_CMS/00000001000000060000000000000516/index.m3u8?IAS, From: subscribe, IPv_Type: ipv6, Location: 中国, ISP: 中国移动, Date: None, Delay: 0.1 ms, Speed: inf M/s, Resolution: 1920x1080
Name: CCTV-13, URL: http://[2409:8087:5e01:34::21]:6610/ZTE_CMS/00000001000000060000000000000516/index.m3u8?IAS, From: subscribe, IPv_Type: ipv6, Location: 中国, ISP: 中国移动, Date: None, Delay: 0.1 ms, Speed: inf M/s, Resolution: 1920x1080
Name: CCTV-13, URL: http://[2409:8087:4c0a:22:1::11]:6410/170000001115/UmaiCHAN6000054BESTVSMGSMG/index.m3u8?AuthInfo=9kOOdBn7MFF%2F2bWjKgahUTWDyIgRkFJBAHMhA2ayG0SuXozn3alq9%2BUx7ZLG1w9awc14iEUxQ5VsTsr5pEBsmF56tXUfsukRUpygmTCKvAI, From: subscribe, IPv_Type: ipv6, Location: 中国, ISP: 中国移动, Date: None, Delay: 0.1 ms, Speed: inf M/s, Resolution: 1920x1080
Name: CCTV-13, URL: http://[2409:8087:5e01:34::38]:6610/ZTE_CMS/00000001000000060000000000000516/index.m3u8, From: subscribe, IPv_Type: ipv6, Location: 中国, ISP: 中国移动, Date: None, Delay: 0.1 ms, Speed: inf M/s, Resolution: 1920x1080
Name: CCTV-13, URL: http://[2409:8087:5e01:34::23]:6610/ZTE_CMS/00000001000000060000000000000516/index.m3u8?IAS, From: subscribe, IPv_Type: ipv6, Location: 中国, ISP: 中国移动, Date: None, Delay: 0.1 ms, Speed: inf M/s, Resolution: 1920x1080
Name: CCTV-13, URL: http://[2409:8087:74f0:22::4]:6410/270000001128/9900000510/index.m3u8, From: subscribe, IPv_Type: ipv6, Location: 中国, ISP: 中国移动, Date: None, Delay: 0.1 ms, Speed: inf M/s, Resolution: 1920x1080
Name: CCTV-13, URL: http://[2409:8087:3869:8021:1001::e5]:6610/PLTV/88888910/224/3221225638/index.m3u8, From: subscribe, IPv_Type: ipv6, Location: 中国, ISP: 中国移动, Date: None, Delay: -1 ms, Speed: 0.00 M/s, Resolution: None
Name: CCTV-13, URL: http://rrs01.hw.gmcc.net:8088/PLTV/81/224/3221226717/1.m3u8, From: subscribe, IPv_Type: ipv6, Location: 中国, ISP: 中国移动, Date: None, Delay: -1 ms, Speed: 0.00 M/s, Resolution: None
Name: CCTV-13, URL: https://hls-gateway.vpstv.net/streams/476899.m3u8, From: subscribe, IPv_Type: ipv6, Location: 美国, ISP: CloudFlare Inc., Date: None, Delay: -1 ms, Speed: 0.00 M/s, Resolution: None
Name: CCTV-13, URL: http://k.061899.xyz/m.php?id=cctv13, From: subscribe, IPv_Type: ipv6, Location: 新加坡, ISP: Aceville Pte.Ltd., Date: None, Delay: -1 ms, Speed: 0.00 M/s, Resolution: None
Name: CCTV-13, URL: http://[2409:8087:5e00:24::1e]:6060/200000001898/460000089800010093/1.m3u8, From: subscribe, IPv_Type: ipv6, Location: 中国, ISP: 中国移动, Date: None, Delay: -1 ms, Speed: 0.00 M/s, Resolution: None
Name: CCTV-13, URL: http://[2409:8087:5e08:25::16]:6610/200000001898/460000089800010093/1.m3u8, From: subscribe, IPv_Type: ipv6, Location: 中国, ISP: 中国移动, Date: None, Delay: -1 ms, Speed: 0.00 M/s, Resolution: None
Name: CCTV-13, URL: https://migu.188766.xyz/?migutoken=95ee7848924b43fc1fbec41e0e38725b&id=CCTV13&type=yy, From: None, IPv_Type: ipv6, Location: 美国, ISP: CloudFlare Inc., Date: None, Delay: -1 ms, Speed: 0.00 M/s, Resolution: None
Name: CCTV-13, URL: https://cc06.tv12.xyz/14.m3u8, From: subscribe, IPv_Type: ipv6, Location: 美国, ISP: CloudFlare Inc., Date: None, Delay: -1 ms, Speed: 0.00 M/s, Resolution: None
Name: CCTV-13, URL: https://jzb.wwkejishe.top/?id=591, From: subscribe, IPv_Type: ipv6, Location: 美国, ISP: CloudFlare Inc., Date: None, Delay: -1 ms, Speed: 0.00 M/s, Resolution: None
Name: CCTV-13, URL: https://iptv.catvod.com/live.php?id=CCTV13%E6%96%B0%E9%97%BB, From: subscribe, IPv_Type: ipv6, Location: 美国, ISP: CloudFlare Inc., Date: None, Delay: -1 ms, Speed: 0.00 M/s, Resolution: None
Name: CCTV-13, URL: https://shyd.695847.xyz/cms001/ch00000090990000001328/index.m3u8?IASHttpSessionId=RR4967720251014100028031761&ispcode=12, From: subscribe, IPv_Type: ipv6, Location: 美国, ISP: CloudFlare Inc., Date: None, Delay: -1 ms, Speed: 0.00 M/s, Resolution: None
Name: CCTV-13, URL: https://live.chinacert.cftest5.cn/mg/?id=608807423, From: subscribe, IPv_Type: ipv6, Location: 中国, ISP: 中国移动, Date: None, Delay: -1 ms, Speed: 0.00 M/s, Resolution: None
Name: CCTV-13, URL: https://cdn3.163189.xyz/163189/cctv13, From: subscribe, IPv_Type: ipv6, Location: 美国, ISP: CloudFlare Inc., Date: None, Delay: -1 ms, Speed: 0.00 M/s, Resolution: None
Name: CCTV-14, URL: https://event.pull.hebtv.com/jishi/cp2.m3u8#rtsp://103.251.96.71/PLTV/88888888/224/3221225783/10000100000000060000000000726027_0.smil?icpid=SSPID&amp;accounttype=1&amp;limitflux=-1&amp;limitdur=-1&amp;accountinfo=:20240213104135, From: subscribe, IPv_Type: ipv6, Location: 中国, ISP: 中国电信, Date: None, Delay: -1 ms, Speed: 0.00 M/s, Resolution: None
Name: CCTV-14, URL: http://php.jdshipin.com/TVOD/hljyd.php?id=3221225732, From: subscribe, IPv_Type: ipv6, Location: 美国, ISP: CloudFlare Inc., Date: None, Delay: 0.1 ms, Speed: inf M/s, Resolution: 1920x1080
Name: CCTV-14, URL: http://iptv.huuc.edu.cn/hls/cctv14hd.m3u8, From: subscribe, IPv_Type: ipv6, Location: 中国, ISP: 教育网, Date: None, Delay: 0.1 ms, Speed: inf M/s, Resolution: 1920x1080
Name: CCTV-14, URL: https://smart.pendy.dpdns.org/Smart.php?id=cctv14, From: subscribe, IPv_Type: ipv6, Location: 美国, ISP: CloudFlare Inc., Date: None, Delay: 0.1 ms, Speed: inf M/s, Resolution: 1920x1080
Name: CCTV-14, URL: http://yc.myds.me:35455/gaoma/cctv14.m3u8, From: subscribe, IPv_Type: ipv6, Location: 中国, ISP: 中国电信, Date: None, Delay: 0.1 ms, Speed: inf M/s, Resolution: 1920x1080
Name: CCTV-14, URL: http://nas.suntao.online:35455/itv/1000000005000265013.m3u8?cdn=ystenlive, From: subscribe, IPv_Type: ipv6, Location: 中国, ISP: 中国联通, Date: None, Delay: 0.1 ms, Speed: inf M/s, Resolution: 1920x1080
Name: CCTV-14, URL: http://lu.wqwqwq.sbs/itv/1000000005000265013.m3u8?cdn=ystenlive, From: subscribe, IPv_Type: ipv6, Location: 美国, ISP: CloudFlare Inc., Date: None, Delay: 0.1 ms, Speed: inf M/s, Resolution: 1920x1080
Name: CCTV-14, URL: http://[2409:8087:5e01:34::23]:6610/ZTE_CMS/00000001000000060000000000000378/index.m3u8?IAS, From: subscribe, IPv_Type: ipv6, Location: 中国, ISP: 中国移动, Date: None, Delay: 0.1 ms, Speed: inf M/s, Resolution: 1920x1080
Name: CCTV-14, URL: http://[2409:8087:5e01:34::21]:6610/ZTE_CMS/00000001000000060000000000000378/index.m3u8?IAS, From: subscribe, IPv_Type: ipv6, Location: 中国, ISP: 中国移动, Date: None, Delay: 0.1 ms, Speed: inf M/s, Resolution: 1920x1080
Name: CCTV-14, URL: http://[2409:8087:5e01:34::20]:6610/ZTE_CMS/00000001000000060000000000000378/index.m3u8?IAS, From: subscribe, IPv_Type: ipv6, Location: 中国, ISP: 中国移动, Date: None, Delay: 0.1 ms, Speed: inf M/s, Resolution: 1920x1080
Name: CCTV-14, URL: http://[2409:8087:4c0a:22:1::11]:6410/170000001115/UmaiCHAN3949788BESTVSMGSMG/index.m3u8?AuthInfo=9kOOdBn7MFF%2F2bWjKgahUXt3TPFwzzdHCkOT9AjSv5PYKFve4MwNzRa0jPXeHjqnp7khdLaCMP6L4QpTf84Oz6DvCG1%2BJ81QvStkxO%2FoGm8, From: subscribe, IPv_Type: ipv6, Location: 中国, ISP: 中国移动, Date: None, Delay: 0.1 ms, Speed: inf M/s, Resolution: 1920x1080
Name: CCTV-14, URL: http://[2409:8087:5e01:34::38]:6610/ZTE_CMS/00000001000000060000000000000378/index.m3u8, From: subscribe, IPv_Type: ipv6, Location: 中国, ISP: 中国移动, Date: None, Delay: 0.1 ms, Speed: inf M/s, Resolution: 1920x1080
Name: CCTV-14, URL: http://[2409:8087:5e01:34::22]:6610/ZTE_CMS/00000001000000060000000000000378/index.m3u8?IAS, From: subscribe, IPv_Type: ipv6, Location: 中国, ISP: 中国移动, Date: None, Delay: 0.1 ms, Speed: inf M/s, Resolution: 1920x1080
Name: CCTV-14, URL: http://[2409:8087:74f0:22::4]:6410/270000001128/9900000511/index.m3u8, From: subscribe, IPv_Type: ipv6, Location: 中国, ISP: 中国移动, Date: None, Delay: 0.1 ms, Speed: inf M/s, Resolution: 1920x1080
Name: CCTV-14, URL: http://[2409:8087:3869:8021:1001::e5]:6610/PLTV/88888910/224/3221225640/index.m3u8, From: subscribe, IPv_Type: ipv6, Location: 中国, ISP: 中国移动, Date: None, Delay: -1 ms, Speed: 0.00 M/s, Resolution: None
Name: CCTV-14, URL: http://rrs01.hw.gmcc.net:8088/PLTV/81/224/3221226645/1.m3u8, From: subscribe, IPv_Type: ipv6, Location: 中国, ISP: 中国移动, Date: None, Delay: -1 ms, Speed: 0.00 M/s, Resolution: None
Name: CCTV-14, URL: http://[2409:8087:1a01:df::4033]:80/TVOD/88888888/224/3221226127/main.m3u8, From: subscribe, IPv_Type: ipv6, Location: 中国, ISP: 中国移动, Date: None, Delay: -1 ms, Speed: 0.00 M/s, Resolution: None
Name: CCTV-14, URL: https://hls-gateway.vpstv.net/streams/476900.m3u8, From: subscribe, IPv_Type: ipv6, Location: 美国, ISP: CloudFlare Inc., Date: None, Delay: -1 ms, Speed: 0.00 M/s, Resolution: None
Name: CCTV-14, URL: http://k.061899.xyz/m.php?id=cctv14, From: subscribe, IPv_Type: ipv6, Location: 新加坡, ISP: Aceville Pte.Ltd., Date: None, Delay: -1 ms, Speed: 0.00 M/s, Resolution: None
Name: CCTV-14, URL: http://[2409:8087:5e00:24::1e]:6060/200000001898/460000089800010207/1.m3u8, From: subscribe, IPv_Type: ipv6, Location: 中国, ISP: 中国移动, Date: None, Delay: -1 ms, Speed: 0.00 M/s, Resolution: None
Name: CCTV-14, URL: http://[2409:8087:5e08:25::16]:6610/200000001898/460000089800010207/1.m3u8, From: subscribe, IPv_Type: ipv6, Location: 中国, ISP: 中国移动, Date: None, Delay: -1 ms, Speed: 0.00 M/s, Resolution: None
Name: CCTV-14, URL: https://migu.188766.xyz/?migutoken=86ca55a21b1649a1edda8d6ada0c69a7&id=CCTV14&type=yy, From: None, IPv_Type: ipv6, Location: 美国, ISP: CloudFlare Inc., Date: None, Delay: -1 ms, Speed: 0.00 M/s, Resolution: None
Name: CCTV-14, URL: https://cc06.tv12.xyz/15.m3u8, From: subscribe, IPv_Type: ipv6, Location: 美国, ISP: CloudFlare Inc., Date: None, Delay: -1 ms, Speed: 0.00 M/s, Resolution: None
Name: CCTV-14, URL: https://jzb.wwkejishe.top/?id=592, From: subscribe, IPv_Type: ipv6, Location: 美国, ISP: CloudFlare Inc., Date: None, Delay: -1 ms, Speed: 0.00 M/s, Resolution: None
Name: CCTV-14, URL: https://iptv.catvod.com/live.php?id=CCTV14%E5%B0%91%E5%84%BF, From: subscribe, IPv_Type: ipv6, Location: 美国, ISP: CloudFlare Inc., Date: None, Delay: -1 ms, Speed: 0.00 M/s, Resolution: None
Name: CCTV-14, URL: https://shyd.695847.xyz/cms001/ch00000090990000001240/index.m3u8?IASHttpSessionId=RR4967720251014100028031761&ispcode=12, From: subscribe, IPv_Type: ipv6, Location: 美国, ISP: CloudFlare Inc., Date: None, Delay: -1 ms, Speed: 0.00 M/s, Resolution: None
Name: CCTV-14, URL: https://live.chinacert.cftest5.cn/mg/?id=624878440, From: subscribe, IPv_Type: ipv6, Location: 中国, ISP: 中国移动, Date: None, Delay: -1 ms, Speed: 0.00 M/s, Resolution: None
Name: CCTV-14, URL: https://zby.130519.xyz/PLTV/11/224/3221226150/index.m3u8, From: subscribe, IPv_Type: ipv6, Location: 美国, ISP: CloudFlare Inc., Date: None, Delay: -1 ms, Speed: 0.00 M/s, Resolution: None
Name: CCTV-15, URL: https://smart.pendy.dpdns.org/Smart.php?id=cctv15, From: subscribe, IPv_Type: ipv6, Location: 美国, ISP: CloudFlare Inc., Date: None, Delay: 0.1 ms, Speed: inf M/s, Resolution: 1920x1080
Name: CCTV-15, URL: http://[2409:8087:1a01:df::4033]:80/TVOD/88888888/224/3221226127/main.m3u8, From: subscribe, IPv_Type: ipv6, Location: 中国, ISP: 中国移动, Date: None, Delay: 0.1 ms, Speed: inf M/s, Resolution: 1920x1080
Name: CCTV-15, URL: http://yc.myds.me:35455/gaoma/cctv15.m3u8, From: subscribe, IPv_Type: ipv6, Location: 中国, ISP: 中国电信, Date: None, Delay: 0.1 ms, Speed: inf M/s, Resolution: 1920x1080
Name: CCTV-15, URL: http://lu.wqwqwq.sbs/itv/1000000005000265014.m3u8?cdn=ystenlive, From: subscribe, IPv_Type: ipv6, Location: 美国, ISP: CloudFlare Inc., Date: None, Delay: 0.1 ms, Speed: inf M/s, Resolution: 1920x1080
Name: CCTV-15, URL: http://[2409:8087:5e00:24::1e]:6060/200000001898/460000089800010094/1.m3u8, From: subscribe, IPv_Type: ipv6, Location: 中国, ISP: 中国移动, Date: None, Delay: 0.1 ms, Speed: inf M/s, Resolution: 1920x1080
Name: CCTV-15, URL: http://[2409:8087:5e01:34::20]:6610/ZTE_CMS/00000001000000060000000000000501/index.m3u8?IAS, From: subscribe, IPv_Type: ipv6, Location: 中国, ISP: 中国移动, Date: None, Delay: 0.1 ms, Speed: inf M/s, Resolution: 1920x1080
Name: CCTV-15, URL: http://[2409:8087:4c0a:22:1::11]:6410/170000001115/UmaiCHAN6000055BESTVSMGSMG/index.m3u8?AuthInfo=9kOOdBn7MFF%2F2bWjKgahUTWDyIgRkFJBAHMhA2ayG0Tdo%2FUL80msfbhDYvoWpNl31Dy7jHvMl%2FzVUrNxhL1ek1YEGVDZ7lCg0LtKJY4Ku%2B8, From: subscribe, IPv_Type: ipv6, Location: 中国, ISP: 中国移动, Date: None, Delay: 0.1 ms, Speed: inf M/s, Resolution: 1920x1080
Name: CCTV-15, URL: http://[2409:8087:5e01:34::38]:6610/ZTE_CMS/00000001000000060000000000000501/index.m3u8, From: subscribe, IPv_Type: ipv6, Location: 中国, ISP: 中国移动, Date: None, Delay: 0.1 ms, Speed: inf M/s, Resolution: 1920x1080
Name: CCTV-15, URL: http://[2409:8087:5e01:34::23]:6610/ZTE_CMS/00000001000000060000000000000501/index.m3u8?IAS, From: subscribe, IPv_Type: ipv6, Location: 中国, ISP: 中国移动, Date: None, Delay: 0.1 ms, Speed: inf M/s, Resolution: 1920x1080
Name: CCTV-15, URL: http://[2409:8087:5e01:34::21]:6610/ZTE_CMS/00000001000000060000000000000501/index.m3u8?IAS, From: subscribe, IPv_Type: ipv6, Location: 中国, ISP: 中国移动, Date: None, Delay: 0.1 ms, Speed: inf M/s, Resolution: 1920x1080
Name: CCTV-15, URL: http://[2409:8087:5e01:34::22]:6610/ZTE_CMS/00000001000000060000000000000501/index.m3u8?IAS, From: subscribe, IPv_Type: ipv6, Location: 中国, ISP: 中国移动, Date: None, Delay: 0.1 ms, Speed: inf M/s, Resolution: 1920x1080
Name: CCTV-15, URL: http://[2409:8087:74f0:22::4]:6410/270000001128/9900000512/index.m3u8, From: subscribe, IPv_Type: ipv6, Location: 中国, ISP: 中国移动, Date: None, Delay: 0.1 ms, Speed: inf M/s, Resolution: 1920x1080
Name: CCTV-15, URL: http://[2409:8087:3869:8021:1001::e5]:6610/PLTV/88888910/224/3221225641/index.m3u8, From: subscribe, IPv_Type: ipv6, Location: 中国, ISP: 中国移动, Date: None, Delay: -1 ms, Speed: 0.00 M/s, Resolution: None
Name: CCTV-15, URL: http://rrs01.hw.gmcc.net:8088/PLTV/81/224/3221226648/1.m3u8, From: subscribe, IPv_Type: ipv6, Location: 中国, ISP: 中国移动, Date: None, Delay: -1 ms, Speed: 0.00 M/s, Resolution: None
Name: CCTV-15, URL: https://hls-gateway.vpstv.net/streams/476901.m3u8, From: subscribe, IPv_Type: ipv6, Location: 美国, ISP: CloudFlare Inc., Date: None, Delay: -1 ms, Speed: 0.00 M/s, Resolution: None
Name: CCTV-15, URL: http://k.061899.xyz/m.php?id=cctv15, From: subscribe, IPv_Type: ipv6, Location: 新加坡, ISP: Aceville Pte.Ltd., Date: None, Delay: -1 ms, Speed: 0.00 M/s, Resolution: None
Name: CCTV-15, URL: http://[2409:8087:5e08:25::16]:6610/200000001898/460000089800010094/1.m3u8, From: subscribe, IPv_Type: ipv6, Location: 中国, ISP: 中国移动, Date: None, Delay: -1 ms, Speed: 0.00 M/s, Resolution: None
Name: CCTV-15, URL: https://migu.188766.xyz/?migutoken=02abf76c572637b3004c6952453fdc6b&id=CCTV15&type=yy, From: None, IPv_Type: ipv6, Location: 美国, ISP: CloudFlare Inc., Date: None, Delay: -1 ms, Speed: 0.00 M/s, Resolution: None
Name: CCTV-15, URL: https://cc06.tv12.xyz/16.m3u8, From: subscribe, IPv_Type: ipv6, Location: 美国, ISP: CloudFlare Inc., Date: None, Delay: -1 ms, Speed: 0.00 M/s, Resolution: None
Name: CCTV-15, URL: https://jzb.wwkejishe.top/?id=593, From: subscribe, IPv_Type: ipv6, Location: 美国, ISP: CloudFlare Inc., Date: None, Delay: -1 ms, Speed: 0.00 M/s, Resolution: None
Name: CCTV-15, URL: https://iptv.catvod.com/live.php?id=CCTV-15%20%E9%9F%B3%E4%B9%90, From: subscribe, IPv_Type: ipv6, Location: 美国, ISP: CloudFlare Inc., Date: None, Delay: -1 ms, Speed: 0.00 M/s, Resolution: None
Name: CCTV-15, URL: https://shyd.695847.xyz/cms001/ch00000090990000001338/index.m3u8?IASHttpSessionId=RR4967720251014100028031761&ispcode=12, From: subscribe, IPv_Type: ipv6, Location: 美国, ISP: CloudFlare Inc., Date: None, Delay: -1 ms, Speed: 0.00 M/s, Resolution: None
Name: CCTV-15, URL: https://live.chinacert.cftest5.cn/mg/?id=673168223, From: subscribe, IPv_Type: ipv6, Location: 中国, ISP: 中国移动, Date: None, Delay: -1 ms, Speed: 0.00 M/s, Resolution: None
Name: CCTV-16, URL: http://php.jdshipin.com/TVOD/hljyd.php?id=3221226100, From: subscribe, IPv_Type: ipv6, Location: 美国, ISP: CloudFlare Inc., Date: None, Delay: 0.1 ms, Speed: inf M/s, Resolution: 1920x1080
Name: CCTV-16, URL: http://livetv.wqwqwq.sbs/gaoma/cctv4k16.m3u8, From: subscribe, IPv_Type: ipv6, Location: 美国, ISP: CloudFlare Inc., Date: None, Delay: 0.1 ms, Speed: inf M/s, Resolution: 1920x1080
Name: CCTV-16, URL: http://[2409:8087:74f0:22::4]:6410/270000001128/9900000016/index.m3u8, From: subscribe, IPv_Type: ipv6, Location: 中国, ISP: 中国移动, Date: None, Delay: 0.1 ms, Speed: inf M/s, Resolution: 1920x1080
Name: CCTV-16, URL: http://yc.myds.me:35455/gaoma/cctv16.m3u8, From: subscribe, IPv_Type: ipv6, Location: 中国, ISP: 中国电信, Date: None, Delay: 0.1 ms, Speed: inf M/s, Resolution: 1920x1080
Name: CCTV-16, URL: https://yunmei.tv/main/cctv-16.m3u8, From: subscribe, IPv_Type: ipv6, Location: 美国, ISP: CloudFlare Inc., Date: None, Delay: 0.1 ms, Speed: inf M/s, Resolution: 1920x1080
Name: CCTV-16, URL: http://lu.wqwqwq.sbs/itv/1000000006000233002.m3u8?cdn=ystenlive, From: subscribe, IPv_Type: ipv6, Location: 美国, ISP: CloudFlare Inc., Date: None, Delay: 0.1 ms, Speed: inf M/s, Resolution: 1920x1080
Name: CCTV-16, URL: https://epg.pw/stream/c1beb2abcba5aef09c2f58efc3ca84b76de2c7b9cf60762b0d79772d9e70d454.m3u8, From: subscribe, IPv_Type: ipv6, Location: 美国, ISP: CloudFlare Inc., Date: None, Delay: 0.1 ms, Speed: inf M/s, Resolution: 1920x1080
Name: CCTV-16, URL: http://nas.suntao.online:35455/itv/5000000008000023254.m3u8?cdn=bestzb, From: subscribe, IPv_Type: ipv6, Location: 中国, ISP: 中国联通, Date: None, Delay: 0.1 ms, Speed: inf M/s, Resolution: 1920x1080
Name: CCTV-16, URL: http://[2409:8087:3869:8021:1001::e5]:6610/PLTV/88888910/224/3221226230/index.m3u8, From: subscribe, IPv_Type: ipv6, Location: 中国, ISP: 中国移动, Date: None, Delay: -1 ms, Speed: 0.00 M/s, Resolution: None
Name: CCTV-16, URL: http://rrs01.hw.gmcc.net:8088/PLTV/81/224/3221226825/1.m3u8, From: subscribe, IPv_Type: ipv6, Location: 中国, ISP: 中国移动, Date: None, Delay: -1 ms, Speed: 0.00 M/s, Resolution: None
Name: CCTV-16, URL: https://migu.188766.xyz/?migutoken=eda82b340e2efaedc007fddfaf1c7c28&id=CCTV16&pp=1, From: subscribe, IPv_Type: ipv6, Location: 美国, ISP: CloudFlare Inc., Date: None, Delay: -1 ms, Speed: 0.00 M/s, Resolution: None
Name: CCTV-16, URL: https://hls-gateway.vpstv.net/streams/709089.m3u8, From: subscribe, IPv_Type: ipv6, Location: 美国, ISP: CloudFlare Inc., Date: None, Delay: -1 ms, Speed: 0.00 M/s, Resolution: None
Name: CCTV-16, URL: http://k.061899.xyz/m.php?id=cctv16, From: subscribe, IPv_Type: ipv6, Location: 新加坡, ISP: Aceville Pte.Ltd., Date: None, Delay: -1 ms, Speed: 0.00 M/s, Resolution: None
Name: CCTV-16, URL: http://[2409:8087:5e00:24::1e]:6060/200000001898/460000089800010142/1.m3u8, From: subscribe, IPv_Type: ipv6, Location: 中国, ISP: 中国移动, Date: None, Delay: -1 ms, Speed: 0.00 M/s, Resolution: None
Name: CCTV-16, URL: http://[2409:8087:5e08:25::16]:6610/200000001898/460000089800010142/1.m3u8, From: subscribe, IPv_Type: ipv6, Location: 中国, ISP: 中国移动, Date: None, Delay: -1 ms, Speed: 0.00 M/s, Resolution: None
Name: CCTV-16, URL: https://mursor.ottiptv.cc/mst/cctv16.m3u8, From: subscribe, IPv_Type: ipv6, Location: 美国, ISP: Oracle Corporation, Date: None, Delay: -1 ms, Speed: 0.00 M/s, Resolution: None
Name: CCTV-16, URL: https://shyd.695847.xyz/cms001/ch00000090990000001248/index.m3u8?IASHttpSessionId=RR4967720251014100028031761&ispcode=12, From: subscribe, IPv_Type: ipv6, Location: 美国, ISP: CloudFlare Inc., Date: None, Delay: -1 ms, Speed: 0.00 M/s, Resolution: None
Name: CCTV-16, URL: https://iptv.catvod.com/live.php?id=CCTV16, From: subscribe, IPv_Type: ipv6, Location: 美国, ISP: CloudFlare Inc., Date: None, Delay: -1 ms, Speed: 0.00 M/s, Resolution: None
Name: CCTV-17, URL: http://php.jdshipin.com/TVOD/hljyd.php?id=3221225765, From: subscribe, IPv_Type: ipv6, Location: 美国, ISP: CloudFlare Inc., Date: None, Delay: 0.1 ms, Speed: inf M/s, Resolution: 1920x1080
Name: CCTV-17, URL: http://[2409:8087:1a01:df::4025]:80/TVOD/88888888/224/3221225708/main.m3u8, From: subscribe, IPv_Type: ipv6, Location: 中国, ISP: 中国移动, Date: None, Delay: 0.1 ms, Speed: inf M/s, Resolution: 1920x1080
Name: CCTV-17, URL: http://yc.myds.me:35455/gaoma/cctv17.m3u8, From: subscribe, IPv_Type: ipv6, Location: 中国, ISP: 中国电信, Date: None, Delay: 0.1 ms, Speed: inf M/s, Resolution: 1920x1080
Name: CCTV-17, URL: http://nas.suntao.online:35455/itv/1000000005000265015.m3u8?cdn=ystenlive, From: subscribe, IPv_Type: ipv6, Location: 中国, ISP: 中国联通, Date: None, Delay: 0.1 ms, Speed: inf M/s, Resolution: 1920x1080
Name: CCTV-17, URL: http://lu.wqwqwq.sbs/itv/1000000005000265015.m3u8?cdn=ystenlive, From: subscribe, IPv_Type: ipv6, Location: 美国, ISP: CloudFlare Inc., Date: None, Delay: 0.1 ms, Speed: inf M/s, Resolution: 1920x1080
Name: CCTV-17, URL: http://[2409:8087:5e00:24::1e]:6060/200000001898/460000089800010210/1.m3u8, From: subscribe, IPv_Type: ipv6, Location: 中国, ISP: 中国移动, Date: None, Delay: 0.1 ms, Speed: inf M/s, Resolution: 1920x1080
Name: CCTV-17, URL: http://[2409:8087:5e01:34::22]:6610/ZTE_CMS/00000001000000060000000000000494/index.m3u8?IAS, From: subscribe, IPv_Type: ipv6, Location: 中国, ISP: 中国移动, Date: None, Delay: 0.1 ms, Speed: inf M/s, Resolution: 1920x1080
Name: CCTV-17, URL: http://[2409:8087:5e01:34::20]:6610/ZTE_CMS/00000001000000060000000000000494/index.m3u8?IAS, From: subscribe, IPv_Type: ipv6, Location: 中国, ISP: 中国移动, Date: None, Delay: 0.1 ms, Speed: inf M/s, Resolution: 1920x1080
Name: CCTV-17, URL: http://[2409:8087:4c0a:22:1::11]:6410/170000001115/UmaiCHAN638728afa13b4/index.m3u8?AuthInfo=9kOOdBn7MFF%2F2bWjKgahUdDh4EPdDnvGlSBkYaxFdaz%2FyAI9to%2FMBBt%2FivcdSfljJ1%2FqqamWUjAiBAxNssfyBlZUDSXAIMtStS86hRHFuJM, From: subscribe, IPv_Type: ipv6, Location: 中国, ISP: 中国移动, Date: None, Delay: 0.1 ms, Speed: inf M/s, Resolution: 1920x1080
Name: CCTV-17, URL: http://[2409:8087:5e01:34::38]:6610/ZTE_CMS/00000001000000060000000000000494/index.m3u8, From: subscribe, IPv_Type: ipv6, Location: 中国, ISP: 中国移动, Date: None, Delay: 0.1 ms, Speed: inf M/s, Resolution: 1920x1080
Name: CCTV-17, URL: http://[2409:8087:5e00:24::1f]:6060/ZTE_CMS/00000001000000060000000000000494/index.m3u8, From: subscribe, IPv_Type: ipv6, Location: 中国, ISP: 中国移动, Date: None, Delay: 0.1 ms, Speed: inf M/s, Resolution: 1920x1080
Name: CCTV-17, URL: http://[2409:8087:5e01:34::21]:6610/ZTE_CMS/00000001000000060000000000000494/index.m3u8?IAS, From: subscribe, IPv_Type: ipv6, Location: 中国, ISP: 中国移动, Date: None, Delay: 0.1 ms, Speed: inf M/s, Resolution: 1920x1080
Name: CCTV-17, URL: http://[2409:8087:5e01:34::23]:6610/ZTE_CMS/00000001000000060000000000000494/index.m3u8?IAS, From: subscribe, IPv_Type: ipv6, Location: 中国, ISP: 中国移动, Date: None, Delay: 0.1 ms, Speed: inf M/s, Resolution: 1920x1080
Name: CCTV-17, URL: http://[2409:8087:74f0:22::4]:6410/270000001128/9900000513/index.m3u8, From: subscribe, IPv_Type: ipv6, Location: 中国, ISP: 中国移动, Date: None, Delay: 0.1 ms, Speed: inf M/s, Resolution: 1920x1080
Name: CCTV-17, URL: http://[2409:8087:3869:8021:1001::e5]:6610/PLTV/88888910/224/3221225909/index.m3u8, From: subscribe, IPv_Type: ipv6, Location: 中国, ISP: 中国移动, Date: None, Delay: -1 ms, Speed: 0.00 M/s, Resolution: None
Name: CCTV-17, URL: http://rrs01.hw.gmcc.net:8088/PLTV/81/224/3221226660/1.m3u8, From: subscribe, IPv_Type: ipv6, Location: 中国, ISP: 中国移动, Date: None, Delay: -1 ms, Speed: 0.00 M/s, Resolution: None
Name: CCTV-17, URL: http://k.061899.xyz/m.php?id=cctv17, From: subscribe, IPv_Type: ipv6, Location: 新加坡, ISP: Aceville Pte.Ltd., Date: None, Delay: -1 ms, Speed: 0.00 M/s, Resolution: None
Name: CCTV-17, URL: http://[2409:8087:5e08:25::16]:6610/200000001898/460000089800010049/1.m3u8, From: subscribe, IPv_Type: ipv6, Location: 中国, ISP: 中国移动, Date: None, Delay: -1 ms, Speed: 0.00 M/s, Resolution: None
Name: CCTV-17, URL: https://migu.188766.xyz/?migutoken=27a9a7cdc136cdd9b7b2c7fbaecfe968&id=CCTV17&type=yy, From: None, IPv_Type: ipv6, Location: 美国, ISP: CloudFlare Inc., Date: None, Delay: -1 ms, Speed: 0.00 M/s, Resolution: None
Name: CCTV-17, URL: https://mgtv.ottiptv.cc/migu/673168256.m3u8?migutoken=3f353a2e7486efd95f8b3a2a3c008ce67713baac7a59b01b8d3ca384275df1e5a8e6b43bec97f53b6e5d8cb9744ae2db39d23ac4030d4e77e7b657182a28cd905572ee288c25f435f584dff4c0, From: subscribe, IPv_Type: ipv6, Location: 美国-新泽西州-巴赛克, ISP: DigitalOcean, Date: None, Delay: -1 ms, Speed: 0.00 M/s, Resolution: None
Name: CCTV-17, URL: https://cc06.tv12.xyz/17.m3u8, From: subscribe, IPv_Type: ipv6, Location: 美国, ISP: CloudFlare Inc., Date: None, Delay: -1 ms, Speed: 0.00 M/s, Resolution: None
Name: CCTV-17, URL: https://jzb.wwkejishe.top/?id=594, From: subscribe, IPv_Type: ipv6, Location: 美国, ISP: CloudFlare Inc., Date: None, Delay: -1 ms, Speed: 0.00 M/s, Resolution: None
Name: CCTV-17, URL: https://iptv.catvod.com/live.php?id=CCTV17%E5%86%9C%E4%B8%9A%E5%86%9C%E6%9D%91, From: subscribe, IPv_Type: ipv6, Location: 美国, ISP: CloudFlare Inc., Date: None, Delay: -1 ms, Speed: 0.00 M/s, Resolution: None
Name: CCTV-17, URL: https://shyd.695847.xyz/cms001/ch00000090990000001241/index.m3u8?IASHttpSessionId=RR4967720251014100028031761&ispcode=12, From: subscribe, IPv_Type: ipv6, Location: 美国, ISP: CloudFlare Inc., Date: None, Delay: -1 ms, Speed: 0.00 M/s, Resolution: None
Name: CCTV-17, URL: https://live.chinacert.cftest5.cn/mg/?id=673168256, From: subscribe, IPv_Type: ipv6, Location: 中国, ISP: 中国移动, Date: None, Delay: -1 ms, Speed: 0.00 M/s, Resolution: None
Name: 河北卫视, URL: http://php.jdshipin.com/TVOD/hnyd.php?id=200000001898/460000089800010101, From: subscribe, IPv_Type: ipv6, Location: 美国, ISP: CloudFlare Inc., Date: None, Delay: 0.1 ms, Speed: inf M/s, Resolution: 1920x1080
Name: 河北卫视, URL: http://z.b.bkpcp.top/m.php?id=hbws, From: subscribe, IPv_Type: ipv6, Location: 美国, ISP: CloudFlare Inc., Date: None, Delay: 0.1 ms, Speed: inf M/s, Resolution: 1920x1080
Name: 河北卫视, URL: https://jwplay.hebyun.com.cn/live/hbwstv/1500k/tzwj_video.m3u8, From: subscribe, IPv_Type: ipv6, Location: 中国, ISP: 中国联通, Date: None, Delay: 0.1 ms, Speed: inf M/s, Resolution: 1920x1080
Name: 河北卫视, URL: http://iptv.huuc.edu.cn/hls/hebhd.m3u8, From: subscribe, IPv_Type: ipv6, Location: 中国, ISP: 教育网, Date: None, Delay: 0.1 ms, Speed: inf M/s, Resolution: 1920x1080
Name: 河北卫视, URL: http://tv.pull.hebtv.com/jishi/weishipindao.m3u8?t=2510710360&k=3d44740039027301acf8341d7361ab59, From: subscribe, IPv_Type: ipv6, Location: 中国, ISP: 中国电信, Date: None, Delay: 0.1 ms, Speed: inf M/s, Resolution: 1920x1080
Name: 河北卫视, URL: http://[2409:8087:1a01:df::4035]:80/TVOD/88888888/224/3221225961/main.m3u8, From: subscribe, IPv_Type: ipv6, Location: 中国, ISP: 中国移动, Date: None, Delay: -1 ms, Speed: 0.00 M/s, Resolution: None
Name: 河北卫视, URL: http://dsj.motem.top:8880/bptv/10000100000000050000000003873460.m3u8, From: subscribe, IPv_Type: ipv6, Location: 美国, ISP: CloudFlare Inc., Date: None, Delay: 0.1 ms, Speed: inf M/s, Resolution: 1920x1080
Name: 河北卫视, URL: https://live.lalifeier.eu.org/hebtv/hbws.m3u8?t=1746372302&key=b89007ab1e7b4801eaa22ec0048feb91, From: subscribe, IPv_Type: ipv6, Location: 美国, ISP: CloudFlare Inc., Date: None, Delay: 0.1 ms, Speed: inf M/s, Resolution: 1920x1080
Name: 河北卫视, URL: https://tv.pull.hebtv.com/jishi/weishipindao.m3u8?t=1746316818&k=7e9b50f9b9b642ffd4ce1363bb6847ab, From: subscribe, IPv_Type: ipv6, Location: 中国, ISP: 中国电信, Date: None, Delay: 0.1 ms, Speed: inf M/s, Resolution: 1920x1080
Name: 河北卫视, URL: http://nas.suntao.online:35455/itv/5000000006000040016.m3u8?cdn=bestzb, From: subscribe, IPv_Type: ipv6, Location: 中国, ISP: 中国联通, Date: None, Delay: 0.1 ms, Speed: inf M/s, Resolution: 1920x1080
Name: 河北卫视, URL: http://lu.wqwqwq.sbs/itv/5000000006000040016.m3u8?cdn=bestzb, From: subscribe, IPv_Type: ipv6, Location: 美国, ISP: CloudFlare Inc., Date: None, Delay: 0.1 ms, Speed: inf M/s, Resolution: 1920x1080
Name: 河北卫视, URL: http://live.wqwqwq.sbs/itv/5000000006000040016.m3u8?cdn=bestzb, From: subscribe, IPv_Type: ipv6, Location: 美国, ISP: CloudFlare Inc., Date: None, Delay: 0.1 ms, Speed: inf M/s, Resolution: 1920x1080
Name: 河北卫视, URL: http://[2409:8087:3428:20:500::100f]:6610/PLTV/88888888/224/3221225837/index.m3u8?servicetype=1&IASHttpSessionId=RR423820220409134714119178, From: subscribe, IPv_Type: ipv6, Location: 中国, ISP: 中国移动, Date: None, Delay: 0.1 ms, Speed: inf M/s, Resolution: 1920x1080
Name: 河北卫视, URL: http://[2409:8087:3428:20:500::1009]:6610/PLTV/88888888/224/3221225837/index.m3u8?servicetype=1&IASHttpSessionId=RR423820220409134714119178, From: subscribe, IPv_Type: ipv6, Location: 中国, ISP: 中国移动, Date: None, Delay: 0.1 ms, Speed: inf M/s, Resolution: 1920x1080
Name: 河北卫视, URL: http://[2409:8087:5e01:34::21]:6610/ZTE_CMS/00000001000000060000000000000487/index.m3u8, From: subscribe, IPv_Type: ipv6, Location: 中国, ISP: 中国移动, Date: None, Delay: 0.1 ms, Speed: inf M/s, Resolution: 1920x1080
Name: 河北卫视, URL: http://[2409:8087:2001:20:2800:0:df6e:eb07]:80/wh7f454c46tw1567506605_718632069/ott.mobaibox.com/PLTV/3/224/3221227545/index.m3u8?icpid=3&RTS=1674385977&from=40&popid=40&hms_devid=2036&prioritypopid=40&vqe=3, From: subscribe, IPv_Type: ipv6, Location: 中国, ISP: 中国移动, Date: None, Delay: 0.1 ms, Speed: inf M/s, Resolution: 1920x1080
Name: 河北卫视, URL: http://[2409:8087:2001:20:2800:0:df6e:eb05]/ott.mobaibox.com/PLTV/3/224/3221228106/index.m3u8, From: subscribe, IPv_Type: ipv6, Location: 中国, ISP: 中国移动, Date: None, Delay: 0.1 ms, Speed: inf M/s, Resolution: 1920x1080
Name: 河北卫视, URL: http://[2409:8087:1e03:21::42]:6610/cms001/ch00000090990000001229/index.m3u8, From: subscribe, IPv_Type: ipv6, Location: 中国, ISP: 中国移动, Date: None, Delay: 0.1 ms, Speed: inf M/s, Resolution: 1920x1080
Name: 河北卫视, URL: http://[2409:8087:5e01:34::23]:6610/ZTE_CMS/00000001000000060000000000000487/index.m3u8, From: subscribe, IPv_Type: ipv6, Location: 中国, ISP: 中国移动, Date: None, Delay: 0.1 ms, Speed: inf M/s, Resolution: 1920x1080
Name: 河北卫视, URL: http://[2409:8087:5e01:34::38]:6610/ZTE_CMS/00000001000000060000000000000487/index.m3u8, From: subscribe, IPv_Type: ipv6, Location: 中国, ISP: 中国移动, Date: None, Delay: 0.1 ms, Speed: inf M/s, Resolution: 1920x1080
Name: 河北卫视, URL: http://[2409:8087:5e01:34::22]:6610/ZTE_CMS/00000001000000060000000000000487/index.m3u8, From: subscribe, IPv_Type: ipv6, Location: 中国, ISP: 中国移动, Date: None, Delay: 0.1 ms, Speed: inf M/s, Resolution: 1920x1080
Name: 河北卫视, URL: http://[2409:8087:5e00:24::1f]:6060/ZTE_CMS/00000001000000060000000000000487/1.m3u8, From: subscribe, IPv_Type: ipv6, Location: 中国, ISP: 中国移动, Date: None, Delay: 0.1 ms, Speed: inf M/s, Resolution: 1920x1080
Name: 河北卫视, URL: http://[2409:8087:5e01:34::20]:6610/ZTE_CMS/00000001000000060000000000000487/index.m3u8, From: subscribe, IPv_Type: ipv6, Location: 中国, ISP: 中国移动, Date: None, Delay: 0.1 ms, Speed: inf M/s, Resolution: 1920x1080
Name: 河北卫视, URL: http://[2409:8087:4c0a:22:1::11]:6410/170000001115/UmaiCHAN100000002BESTVSMGSMG9/index.m3u8?m3u8_level=2, From: subscribe, IPv_Type: ipv6, Location: 中国, ISP: 中国移动, Date: None, Delay: 0.1 ms, Speed: inf M/s, Resolution: 1920x1080
Name: 河北卫视, URL: http://[2409:8087:2001:20:2800:0:df6e:eb04]:80/ott.mobaibox.com/PLTV/4/224/3221228106/index.m3u8, From: subscribe, IPv_Type: ipv6, Location: 中国, ISP: 中国移动, Date: None, Delay: 0.1 ms, Speed: inf M/s, Resolution: 1920x1080
Name: 河北卫视, URL: http://[2409:8087:1e03:21::2]:6060/cms001/ch00000090990000001229/index.m3u8, From: subscribe, IPv_Type: ipv6, Location: 中国, ISP: 中国移动, Date: None, Delay: 0.1 ms, Speed: inf M/s, Resolution: 1920x1080
Name: 河北卫视, URL: http://[2409:8087:74f0:22::7]:6410/270000001128/9900000057/index.m3u8, From: subscribe, IPv_Type: ipv6, Location: 中国, ISP: 中国移动, Date: None, Delay: 0.1 ms, Speed: inf M/s, Resolution: 1920x1080
Name: 河北卫视, URL: http://[2409:8087:5e00:24::1e]:6060/200000001898/460000089800010101/1.m3u8, From: subscribe, IPv_Type: ipv6, Location: 中国, ISP: 中国移动, Date: None, Delay: 0.1 ms, Speed: inf M/s, Resolution: 1920x1080
Name: 河北卫视, URL: http://[2409:8087:3869:8021:1001::e5]:6610/PLTV/88888888/224/3221225610/2/index.m3u8, From: subscribe, IPv_Type: ipv6, Location: 中国, ISP: 中国移动, Date: None, Delay: -1 ms, Speed: 0.00 M/s, Resolution: None
Name: 河北卫视, URL: http://rrs01.hw.gmcc.net:8088/PLTV/81/224/3221226684/1.m3u8, From: subscribe, IPv_Type: ipv6, Location: 中国, ISP: 中国移动, Date: None, Delay: -1 ms, Speed: 0.00 M/s, Resolution: None
Name: 河北卫视, URL: http://[2409:8087:5e08:25::16]:6610/200000001898/460000089800010101/1.m3u8, From: subscribe, IPv_Type: ipv6, Location: 中国, ISP: 中国移动, Date: None, Delay: -1 ms, Speed: 0.00 M/s, Resolution: None
Name: 河北卫视, URL: https://mursor.ottiptv.cc/mcp/hebei.m3u8, From: subscribe, IPv_Type: ipv6, Location: 美国, ISP: Oracle Corporation, Date: None, Delay: -1 ms, Speed: 0.00 M/s, Resolution: None
Name: 河北卫视, URL: https://migu.188766.xyz/?migutoken=e7fad312b80132973eaf2630093b9c02&id=hbws_hd&type=yy, From: subscribe, IPv_Type: ipv6, Location: 美国, ISP: CloudFlare Inc., Date: None, Delay: -1 ms, Speed: 0.00 M/s, Resolution: None
Name: 河北卫视, URL: https://cc06.tv12.xyz/51.m3u8, From: subscribe, IPv_Type: ipv6, Location: 美国, ISP: CloudFlare Inc., Date: None, Delay: -1 ms, Speed: 0.00 M/s, Resolution: None
Name: 河北卫视, URL: https://jzb.wwkejishe.top/?id=615, From: subscribe, IPv_Type: ipv6, Location: 美国, ISP: CloudFlare Inc., Date: None, Delay: -1 ms, Speed: 0.00 M/s, Resolution: None
Name: 河北卫视, URL: https://shyd.695847.xyz/cms001/ch00000090990000001229/index.m3u8?IASHttpSessionId=RR4967720251014100028031761&ispcode=12, From: subscribe, IPv_Type: ipv6, Location: 美国, ISP: CloudFlare Inc., Date: None, Delay: -1 ms, Speed: 0.00 M/s, Resolution: None
Name: 河北卫视, URL: https://iptv.catvod.com/live.php?id=%E6%B2%B3%E5%8C%97%E5%8D%AB%E8%A7%86, From: subscribe, IPv_Type: ipv6, Location: 美国, ISP: CloudFlare Inc., Date: None, Delay: -1 ms, Speed: 0.00 M/s, Resolution: None
Name: 广东卫视, URL: http://php.jdshipin.com:8880/TVOD/gsyd.php?id=9900000520, From: subscribe, IPv_Type: ipv6, Location: 美国, ISP: CloudFlare Inc., Date: None, Delay: 0.1 ms, Speed: inf M/s, Resolution: 1920x1080
Name: 广东卫视, URL: http://z.b.bkpcp.top/m.php?id=gdws, From: subscribe, IPv_Type: ipv6, Location: 美国, ISP: CloudFlare Inc., Date: None, Delay: 0.1 ms, Speed: inf M/s, Resolution: 1920x1080
Name: 广东卫视, URL: http://goo.bkpcp.top/mg/gdws, From: subscribe, IPv_Type: ipv6, Location: 美国, ISP: CloudFlare Inc., Date: None, Delay: 0.1 ms, Speed: inf M/s, Resolution: 1920x1080
Name: 广东卫视, URL: http://iptv.huuc.edu.cn/hls/gdhd.m3u8, From: subscribe, IPv_Type: ipv6, Location: 中国, ISP: 教育网, Date: None, Delay: 0.1 ms, Speed: inf M/s, Resolution: 1920x1080
Name: 广东卫视, URL: http://dsj.motem.top:8880/bptv/10000100000000050000000003873459.m3u8, From: subscribe, IPv_Type: ipv6, Location: 美国, ISP: CloudFlare Inc., Date: None, Delay: 0.1 ms, Speed: inf M/s, Resolution: 1920x1080
Name: 广东卫视, URL: http://[2409:8087:2001:20:2800:0:df6e:eb03]:80/ott.mobaibox.com/PLTV/4/224/3221227476/index.m3u8, From: subscribe, IPv_Type: ipv6, Location: 中国, ISP: 中国移动, Date: None, Delay: 0.1 ms, Speed: inf M/s, Resolution: 1920x1080
Name: 广东卫视, URL: http://yc.myds.me:35455/itv/6000000001000031076.m3u8?cdn=wasusyt, From: subscribe, IPv_Type: ipv6, Location: 中国, ISP: 中国电信, Date: None, Delay: 0.1 ms, Speed: inf M/s, Resolution: 1920x1080
Name: 广东卫视, URL: http://nas.suntao.online:35455/itv/1000000001000014176.m3u8?cdn=ystenlive, From: subscribe, IPv_Type: ipv6, Location: 中国, ISP: 中国联通, Date: None, Delay: 0.1 ms, Speed: inf M/s, Resolution: 1920x1080
Name: 广东卫视, URL: http://lu.wqwqwq.sbs/itv/1000000005000265034.m3u8?cdn=ystenlive, From: subscribe, IPv_Type: ipv6, Location: 美国, ISP: CloudFlare Inc., Date: None, Delay: 0.1 ms, Speed: inf M/s, Resolution: 1920x1080
Name: 广东卫视, URL: http://[2409:8087:3428:20:500::100f]:6610/PLTV/88888888/224/3221227164/index.m3u8?servicetype=1&IASHttpSessionId=RR423820220409134714119178, From: subscribe, IPv_Type: ipv6, Location: 中国, ISP: 中国移动, Date: None, Delay: 0.1 ms, Speed: inf M/s, Resolution: 1920x1080
Name: 广东卫视, URL: http://[2409:8087:3428:20:500::1009]:6610/PLTV/88888888/224/3221227164/index.m3u8?servicetype=1&IASHttpSessionId=RR423820220409134714119178, From: subscribe, IPv_Type: ipv6, Location: 中国, ISP: 中国移动, Date: None, Delay: 0.1 ms, Speed: inf M/s, Resolution: 1920x1080
Name: 广东卫视, URL: http://[2409:8087:2001:20:2800:0:df6e:eb06]:80/wh7f454c46tw200922983_-1894712676/ott.mobaibox.com/PLTV/3/224/3221227591/index.m3u8?icpid=3&RTS=1674380316&from=40&popid=40&hms_devid=2036&prioritypopid=40&vqe=3, From: subscribe, IPv_Type: ipv6, Location: 中国, ISP: 中国移动, Date: None, Delay: 0.1 ms, Speed: inf M/s, Resolution: 1920x1080
Name: 广东卫视, URL: http://[2409:8087:2001:20:2800:0:df6e:eb0d]:80/wh7f454c46tw201073874_846642633/ott.mobaibox.com/PLTV/3/224/3221227673/index.m3u8?icpid=3&RTS=1674380316&from=40&popid=40&hms_devid=2040&prioritypopid=40&vqe=3, From: subscribe, IPv_Type: ipv6, Location: 中国, ISP: 中国移动, Date: None, Delay: 0.1 ms, Speed: inf M/s, Resolution: 1920x1080
Name: 广东卫视, URL: http://[2409:8087:2001:20:2800:0:df6e:eb02]:80/wh7f454c46tw1545504334_-1449102672/ott.mobaibox.com/PLTV/3/224/3221227691/index.m3u8?icpid=3&RTS=1674385955&from=40&popid=40&hms_devid=2039&prioritypopid=40&vqe=3, From: subscribe, IPv_Type: ipv6, Location: 中国, ISP: 中国移动, Date: None, Delay: 0.1 ms, Speed: inf M/s, Resolution: 1920x1080
Name: 广东卫视, URL: http://[2409:8087:2001:20:2800:0:df6e:eb17]:80/wh7f454c46tw1930705409_-1175138860/ott.mobaibox.com/PLTV/3/224/3221228230/index.m3u8?icpid=3&RTS=1674386341&from=40&popid=40&hms_devid=2114&prioritypopid=40&vqe=3, From: subscribe, IPv_Type: ipv6, Location: 中国, ISP: 中国移动, Date: None, Delay: 0.1 ms, Speed: inf M/s, Resolution: 1920x1080
Name: 广东卫视, URL: http://[2409:8087:1e03:21::42]:6610/cms001/ch00000090990000001032/index.m3u8, From: subscribe, IPv_Type: ipv6, Location: 中国, ISP: 中国移动, Date: None, Delay: 0.1 ms, Speed: inf M/s, Resolution: 1920x1080
Name: 广东卫视, URL: http://[2409:8087:5e01:34::38]:6610/ZTE_CMS/00000001000000060000000000000341/index.m3u8, From: subscribe, IPv_Type: ipv6, Location: 中国, ISP: 中国移动, Date: None, Delay: 0.1 ms, Speed: inf M/s, Resolution: 1920x1080
Name: 广东卫视, URL: http://[2409:8087:74F1:0021::0008]/000000001000PLTV/88888888/224/3221226180/index.m3u8?HlsProfileId=, From: subscribe, IPv_Type: ipv6, Location: 中国, ISP: 中国移动, Date: None, Delay: 0.1 ms, Speed: inf M/s, Resolution: 1920x1080
Name: 广东卫视, URL: http://[2409:8087:4c0a:22:1::11]:6410/170000001115/UmaiCHAN181359BESTVSMGSMG/index.m3u8?m3u8_level=2, From: subscribe, IPv_Type: ipv6, Location: 中国, ISP: 中国移动, Date: None, Delay: 0.1 ms, Speed: inf M/s, Resolution: 1920x1080
Name: 广东卫视, URL: http://[2409:8087:5e01:34::21]:6610/ZTE_CMS/00000001000000060000000000000341/index.m3u8?IAS, From: subscribe, IPv_Type: ipv6, Location: 中国, ISP: 中国移动, Date: None, Delay: 0.1 ms, Speed: inf M/s, Resolution: 1920x1080
Name: 广东卫视, URL: http://[2409:8087:5e01:34::20]:6610/ZTE_CMS/00000001000000060000000000000341/index.m3u8?IAS, From: subscribe, IPv_Type: ipv6, Location: 中国, ISP: 中国移动, Date: None, Delay: 0.1 ms, Speed: inf M/s, Resolution: 1920x1080
Name: 广东卫视, URL: http://[2409:8087:5e01:34::23]:6610/ZTE_CMS/00000001000000060000000000000341/index.m3u8?IAS, From: subscribe, IPv_Type: ipv6, Location: 中国, ISP: 中国移动, Date: None, Delay: 0.1 ms, Speed: inf M/s, Resolution: 1920x1080
Name: 广东卫视, URL: http://[2409:8087:5e01:34::22]:6610/ZTE_CMS/00000001000000060000000000000341/index.m3u8?IAS, From: subscribe, IPv_Type: ipv6, Location: 中国, ISP: 中国移动, Date: None, Delay: 0.1 ms, Speed: inf M/s, Resolution: 1920x1080
Name: 广东卫视, URL: http://[2409:8087:1e03:21::2]:6060/cms001/ch00000090990000001032/index.m3u8, From: subscribe, IPv_Type: ipv6, Location: 中国, ISP: 中国移动, Date: None, Delay: 0.1 ms, Speed: inf M/s, Resolution: 1920x1080
Name: 广东卫视, URL: http://[2409:8087:74f0:22::6]:6410/270000001128/9900000520/index.m3u8, From: subscribe, IPv_Type: ipv6, Location: 中国, ISP: 中国移动, Date: None, Delay: 0.1 ms, Speed: inf M/s, Resolution: 1920x1080
Name: 广东卫视, URL: http://[2409:8087:5e00:24::1e]:6060/200000001898/460000089800010055/1.m3u8, From: subscribe, IPv_Type: ipv6, Location: 中国, ISP: 中国移动, Date: None, Delay: 0.1 ms, Speed: inf M/s, Resolution: 1920x1080
Name: 广东卫视, URL: http://[2409:8087:3869:8021:1001::e5]:6610/PLTV/88888910/224/3221225701/index.m3u8, From: subscribe, IPv_Type: ipv6, Location: 中国, ISP: 中国移动, Date: None, Delay: 0.1 ms, Speed: inf M/s, Resolution: 1920x1080
Name: 广东卫视, URL: http://rrs01.hw.gmcc.net:8088/PLTV/81/224/3221227161/1.m3u8, From: subscribe, IPv_Type: ipv6, Location: 中国, ISP: 中国移动, Date: None, Delay: -1 ms, Speed: 0.00 M/s, Resolution: None
Name: 广东卫视, URL: http://[2409:8087:5e08:25::16]:6610/200000001898/460000089800010055/1.m3u8, From: subscribe, IPv_Type: ipv6, Location: 中国, ISP: 中国移动, Date: None, Delay: -1 ms, Speed: 0.00 M/s, Resolution: None
Name: 广东卫视, URL: https://mursor.ottiptv.cc/mcp/guangdong.m3u8, From: subscribe, IPv_Type: ipv6, Location: 美国, ISP: Oracle Corporation, Date: None, Delay: -1 ms, Speed: 0.00 M/s, Resolution: None
Name: 广东卫视, URL: https://migu.188766.xyz/?migutoken=f7dcf8923b99bdd2227c6595bfed0160&id=%E5%B9%BF%E4%B8%9C%E5%8D%AB%E8%A7%86&type=yy, From: None, IPv_Type: ipv6, Location: 美国, ISP: CloudFlare Inc., Date: None, Delay: -1 ms, Speed: 0.00 M/s, Resolution: None
Name: 广东卫视, URL: https://cc06.tv12.xyz/43.m3u8, From: subscribe, IPv_Type: ipv6, Location: 美国, ISP: CloudFlare Inc., Date: None, Delay: -1 ms, Speed: 0.00 M/s, Resolution: None
Name: 广东卫视, URL: https://jzb.wwkejishe.top/?id=598, From: subscribe, IPv_Type: ipv6, Location: 美国, ISP: CloudFlare Inc., Date: None, Delay: -1 ms, Speed: 0.00 M/s, Resolution: None
Name: 广东卫视, URL: https://iptv.catvod.com/live.php?id=%E5%B9%BF%E4%B8%9C%E5%8D%AB%E8%A7%86, From: subscribe, IPv_Type: ipv6, Location: 美国, ISP: CloudFlare Inc., Date: None, Delay: -1 ms, Speed: 0.00 M/s, Resolution: None
Name: 广东卫视, URL: https://shyd.695847.xyz/cms001/ch00000090990000001032/index.m3u8?IASHttpSessionId=RR4967720251014100028031761&ispcode=12, From: subscribe, IPv_Type: ipv6, Location: 美国, ISP: CloudFlare Inc., Date: None, Delay: -1 ms, Speed: 0.00 M/s, Resolution: None
Name: 广东卫视, URL: https://live.chinacert.cftest5.cn/mg/?id=608831231, From: subscribe, IPv_Type: ipv6, Location: 中国, ISP: 中国移动, Date: None, Delay: -1 ms, Speed: 0.00 M/s, Resolution: None
Name: 香港卫视, URL: http://cctvtxyh5c.liveplay.myqcloud.com/cstv/xianggangweishi_2/index.m3u8, From: subscribe, IPv_Type: ipv6, Location: 中国, ISP: 中国联通, Date: None, Delay: 0.1 ms, Speed: inf M/s, Resolution: 1920x1080
Name: 香港卫视, URL: https://yvxymm.tv12.xyz/175.m3u8, From: subscribe, IPv_Type: ipv6, Location: 美国, ISP: CloudFlare Inc., Date: None, Delay: -1 ms, Speed: 0.00 M/s, Resolution: None
Name: 香港卫视, URL: https://migu.188766.xyz/?migutoken=71c1dbe4568d6c43573e0f04671d588f&id=%E9%A6%99%E6%B8%AF%E5%8D%AB%E8%A7%86&pp=1, From: subscribe, IPv_Type: ipv6, Location: 美国, ISP: CloudFlare Inc., Date: None, Delay: -1 ms, Speed: 0.00 M/s, Resolution: None
Name: 香港卫视, URL: http://webcast.hkstv.tv/livestream/mutfysrq/playlist.m3u8, From: subscribe, IPv_Type: ipv6, Location: 美国, ISP: , Date: None, Delay: -1 ms, Speed: 0.00 M/s, Resolution: None
Name: 浙江卫视, URL: http://zwebl02.cztv.com/live/channel011080P.m3u8?auth_key=2524708799-0-0-9a1229d8b9d311024ebea08c3fb1d63f, From: subscribe, IPv_Type: ipv6, Location: 中国-广东-东莞, ISP: 电信, Date: None, Delay: 0.1 ms, Speed: inf M/s, Resolution: 1920x1080
Name: 浙江卫视, URL: http://zhfivel02.cztv.com/channel01/1080p.m3u8?auth_key=2524708799-0-0-adde67b1b344fdd5e512f30a4ae31915, From: subscribe, IPv_Type: ipv6, Location: 中国-广东-东莞, ISP: 电信, Date: None, Delay: 0.1 ms, Speed: inf M/s, Resolution: 1920x1080
Name: 浙江卫视, URL: http://php.jdshipin.com/TVOD/hnyd.php?id=200000001898/460000089800010070, From: subscribe, IPv_Type: ipv6, Location: 美国, ISP: CloudFlare Inc., Date: None, Delay: 0.1 ms, Speed: inf M/s, Resolution: 1920x1080
Name: 浙江卫视, URL: http://z.b.bkpcp.top/m.php?id=zjws, From: subscribe, IPv_Type: ipv6, Location: 美国, ISP: CloudFlare Inc., Date: None, Delay: 0.1 ms, Speed: inf M/s, Resolution: 1920x1080
Name: 浙江卫视, URL: https://ali-m-l.cztv.com/channels/lantian/channel001/1080p.m3u8, From: subscribe, IPv_Type: ipv6, Location: 中国-广西-防城港, ISP: 电信, Date: None, Delay: 0.1 ms, Speed: inf M/s, Resolution: 1920x1080
Name: 浙江卫视, URL: http://goo.bkpcp.top/mg/zjws, From: subscribe, IPv_Type: ipv6, Location: 美国, ISP: CloudFlare Inc., Date: None, Delay: 0.1 ms, Speed: inf M/s, Resolution: 1920x1080
Name: 浙江卫视, URL: http://l.cztvcloud.com/channels/lantian/SXpinghu3/720p.m3u8, From: subscribe, IPv_Type: ipv6, Location: 中国-江苏-常州, ISP: 电信, Date: None, Delay: 0.1 ms, Speed: inf M/s, Resolution: 1920x1080
Name: 浙江卫视, URL: http://iptv.huuc.edu.cn/hls/zjhd.m3u8, From: subscribe, IPv_Type: ipv6, Location: 中国, ISP: 教育网, Date: None, Delay: 0.1 ms, Speed: inf M/s, Resolution: 1920x1080
Name: 浙江卫视, URL: http://ikuai.zlsip.top:4022/rtp/239.3.1.137:8036, From: subscribe, IPv_Type: ipv6, Location: 美国, ISP: CloudFlare Inc., Date: None, Delay: 0.1 ms, Speed: inf M/s, Resolution: 1920x1080
Name: 浙江卫视, URL: http://ali-vl.cztv.com/channels/lantian/channel001/360p.m3u8, From: subscribe, IPv_Type: ipv6, Location: 中国, ISP: 中国电信, Date: None, Delay: 0.1 ms, Speed: inf M/s, Resolution: 1920x1080
Name: 浙江卫视, URL: http://[2409:8087:1a01:df::4043]:80/TVOD/88888888/224/3221225959/main.m3u8, From: subscribe, IPv_Type: ipv6, Location: 中国, ISP: 中国移动, Date: None, Delay: 0.1 ms, Speed: inf M/s, Resolution: 1920x1080
Name: 浙江卫视, URL: http://dsj.motem.top:8880/bptv/10000100000000050000000003873464.m3u8, From: subscribe, IPv_Type: ipv6, Location: 美国, ISP: CloudFlare Inc., Date: None, Delay: 0.1 ms, Speed: inf M/s, Resolution: 1920x1080
Name: 浙江卫视, URL: https://zwebl02.cztv.com/live/channel011080P.m3u8?auth_key=1746309623-0oh0wczjlthcs675z4v5o04eqlbj4e7p-0-f7567e57301970404dd8b1441f8b6662, From: subscribe, IPv_Type: ipv6, Location: 中国-广东-东莞, ISP: 电信, Date: None, Delay: 0.1 ms, Speed: inf M/s, Resolution: 1920x1080
Name: 浙江卫视, URL: http://ali-m-l.cztv.com/channels/lantian/channel01/1080p.m3u8, From: subscribe, IPv_Type: ipv6, Location: 中国-广西-防城港, ISP: 电信, Date: None, Delay: 0.1 ms, Speed: inf M/s, Resolution: 1920x1080
Name: 浙江卫视, URL: http://yc.myds.me:35455/itv/5000000004000007275.m3u8?cdn=bestzb, From: subscribe, IPv_Type: ipv6, Location: 中国, ISP: 中国电信, Date: None, Delay: 0.1 ms, Speed: inf M/s, Resolution: 1920x1080
Name: 浙江卫视, URL: http://nas.suntao.online:35455/itv/1000000001000014260.m3u8?cdn=ystenlive, From: subscribe, IPv_Type: ipv6, Location: 中国, ISP: 中国联通, Date: None, Delay: 0.1 ms, Speed: inf M/s, Resolution: 1920x1080
Name: 浙江卫视, URL: http://lu.wqwqwq.sbs/itv/1000000005000265031.m3u8?cdn=ystenlive, From: subscribe, IPv_Type: ipv6, Location: 美国, ISP: CloudFlare Inc., Date: None, Delay: 0.1 ms, Speed: inf M/s, Resolution: 1920x1080
Name: 浙江卫视, URL: http://[2409:8087:2001:20:2800:0:df6e:eb10]:80/ott.mobaibox.com/PLTV/4/224/3221227491/index.m3u8, From: subscribe, IPv_Type: ipv6, Location: 中国, ISP: 中国移动, Date: None, Delay: 0.1 ms, Speed: inf M/s, Resolution: 1920x1080
Name: 浙江卫视, URL: http://[2409:8087:1e03:21::2]:6060/cms001/ch00000090990000001023/index.m3u8, From: subscribe, IPv_Type: ipv6, Location: 中国, ISP: 中国移动, Date: None, Delay: 0.1 ms, Speed: inf M/s, Resolution: 1920x1080
Name: 浙江卫视, URL: http://[2409:8087:3428:20:500::100f]:6610/PLTV/88888888/224/3221225870/index.m3u8?servicetype=1&IASHttpSessionId=RR423820220409134714119178, From: subscribe, IPv_Type: ipv6, Location: 中国, ISP: 中国移动, Date: None, Delay: 0.1 ms, Speed: inf M/s, Resolution: 1920x1080
Name: 浙江卫视, URL: http://[2409:8087:3428:20:500::1009]:6610/PLTV/88888888/224/3221225870/index.m3u8?servicetype=1&IASHttpSessionId=RR423820220409134714119178, From: subscribe, IPv_Type: ipv6, Location: 中国, ISP: 中国移动, Date: None, Delay: 0.1 ms, Speed: inf M/s, Resolution: 1920x1080
Name: 浙江卫视, URL: http://[2409:8087:2001:20:2800:0:df6e:eb11]/ott.mobaibox.com/PLTV/3/224/3221227491/index.m3u8, From: subscribe, IPv_Type: ipv6, Location: 中国, ISP: 中国移动, Date: None, Delay: 0.1 ms, Speed: inf M/s, Resolution: 1920x1080
Name: 浙江卫视, URL: http://[2409:8087:2001:20:2800:0:df6e:eb06]:80/wh7f454c46tw1549378093_1832251100/ott.mobaibox.com/PLTV/3/224/3221227215/index.m3u8?icpid=3&RTS=1674385959&from=40&popid=40&hms_devid=2036&prioritypopid=40&vqe=3, From: subscribe, IPv_Type: ipv6, Location: 中国, ISP: 中国移动, Date: None, Delay: 0.1 ms, Speed: inf M/s, Resolution: 1920x1080
Name: 浙江卫视, URL: http://[2409:8087:2001:20:2800:0:df6e:eb0c]:80/wh7f454c46tw2054729514_1244097787/ott.mobaibox.com/PLTV/3/224/3221227744/index.m3u8?icpid=3&RTS=1674386465&from=40&popid=40&hms_devid=2040&prioritypopid=40&vqe=3, From: subscribe, IPv_Type: ipv6, Location: 中国, ISP: 中国移动, Date: None, Delay: 0.1 ms, Speed: inf M/s, Resolution: 1920x1080
Name: 浙江卫视, URL: http://[2409:8087:2001:20:2800:0:df6e:eb02]:80/wh7f454c46tw206093655_-1531148960/ott.mobaibox.com/PLTV/3/224/3221227692/index.m3u8?icpid=3&RTS=1674380321&from=40&popid=40&hms_devid=2039&prioritypopid=40&vqe=3, From: subscribe, IPv_Type: ipv6, Location: 中国, ISP: 中国移动, Date: None, Delay: 0.1 ms, Speed: inf M/s, Resolution: 1920x1080
Name: 浙江卫视, URL: http://[2409:8087:2001:20:2800:0:df6e:eb0a]:80/wh7f454c46tw206230567_-371393331/ott.mobaibox.com/PLTV/3/224/3221228147/index.m3u8?icpid=3&RTS=1674380321&from=40&popid=40&hms_devid=2038&prioritypopid=40&vqe=3, From: subscribe, IPv_Type: ipv6, Location: 中国, ISP: 中国移动, Date: None, Delay: 0.1 ms, Speed: inf M/s, Resolution: 1920x1080
Name: 浙江卫视, URL: http://[2409:8087:1e03:21::42]:6610/cms001/ch00000090990000001023/index.m3u8, From: subscribe, IPv_Type: ipv6, Location: 中国, ISP: 中国移动, Date: None, Delay: 0.1 ms, Speed: inf M/s, Resolution: 1920x1080
Name: 浙江卫视, URL: http://[2409:8087:4c0a:22:1::11]:6410/170000001115/UmaiCHAN111130BESTVSMGSMG/index.m3u8?m3u8_level=2, From: subscribe, IPv_Type: ipv6, Location: 中国, ISP: 中国移动, Date: None, Delay: 0.1 ms, Speed: inf M/s, Resolution: 1920x1080
Name: 浙江卫视, URL: http://[2409:8087:5e01:34::38]:6610/ZTE_CMS/00000001000000060000000000000248/index.m3u8, From: subscribe, IPv_Type: ipv6, Location: 中国, ISP: 中国移动, Date: None, Delay: 0.1 ms, Speed: inf M/s, Resolution: 1920x1080
Name: 浙江卫视, URL: http://[2409:8087:5e00:24::1e]:6060/200000001898/460000089800010070/1.m3u8, From: subscribe, IPv_Type: ipv6, Location: 中国, ISP: 中国移动, Date: None, Delay: 0.1 ms, Speed: inf M/s, Resolution: 1920x1080
Name: 浙江卫视, URL: http://[2409:8087:5e00:24::1f]:6060/ZTE_CMS/00000001000000060000000000000248/index.m3u8, From: subscribe, IPv_Type: ipv6, Location: 中国, ISP: 中国移动, Date: None, Delay: 0.1 ms, Speed: inf M/s, Resolution: 1920x1080
Name: 浙江卫视, URL: http://[2409:8087:5e01:34::21]:6610/ZTE_CMS/00000001000000060000000000000248/index.m3u8?IAS, From: subscribe, IPv_Type: ipv6, Location: 中国, ISP: 中国移动, Date: None, Delay: 0.1 ms, Speed: inf M/s, Resolution: 1920x1080
Name: 浙江卫视, URL: http://[2409:8087:5e01:34::20]:6610/ZTE_CMS/00000001000000060000000000000248/index.m3u8?IAS, From: subscribe, IPv_Type: ipv6, Location: 中国, ISP: 中国移动, Date: None, Delay: 0.1 ms, Speed: inf M/s, Resolution: 1920x1080
Name: 浙江卫视, URL: http://[2409:8087:5e01:34::23]:6610/ZTE_CMS/00000001000000060000000000000248/index.m3u8?IAS, From: subscribe, IPv_Type: ipv6, Location: 中国, ISP: 中国移动, Date: None, Delay: 0.1 ms, Speed: inf M/s, Resolution: 1920x1080
Name: 浙江卫视, URL: http://[2409:8087:5e01:34::22]:6610/ZTE_CMS/00000001000000060000000000000248/index.m3u8?IAS, From: subscribe, IPv_Type: ipv6, Location: 中国, ISP: 中国移动, Date: None, Delay: 0.1 ms, Speed: inf M/s, Resolution: 1920x1080
Name: 浙江卫视, URL: http://[2409:8087:74f0:22::5]:6410/270000001128/9900000531/index.m3u8, From: subscribe, IPv_Type: ipv6, Location: 中国, ISP: 中国移动, Date: None, Delay: 0.1 ms, Speed: inf M/s, Resolution: 1920x1080
Name: 浙江卫视, URL: http://[2409:8087:74f0:22::4]:6410/270000001128/9900000531/index.m3u8, From: subscribe, IPv_Type: ipv6, Location: 中国, ISP: 中国移动, Date: None, Delay: 0.1 ms, Speed: inf M/s, Resolution: 1920x1080
Name: 浙江卫视, URL: http://[2409:8087:5e08:24::12]:6610/200000001898/460000089800010070/1.m3u8, From: subscribe, IPv_Type: ipv6, Location: 中国, ISP: 中国移动, Date: None, Delay: 0.1 ms, Speed: inf M/s, Resolution: 1920x1080
Name: 浙江卫视, URL: http://[2409:8087:3869:8021:1001::e5]:6610/PLTV/88888910/224/3221225703/index.m3u8, From: subscribe, IPv_Type: ipv6, Location: 中国, ISP: 中国移动, Date: None, Delay: -1 ms, Speed: 0.00 M/s, Resolution: None
Name: 浙江卫视, URL: http://[2409:8087:5e08:25::16]:6610/200000001898/460000089800010070/1.m3u8, From: subscribe, IPv_Type: ipv6, Location: 中国, ISP: 中国移动, Date: None, Delay: -1 ms, Speed: 0.00 M/s, Resolution: None
Name: 浙江卫视, URL: https://mursor.ottiptv.cc/mcp/zhejiang.m3u8, From: subscribe, IPv_Type: ipv6, Location: 美国, ISP: Oracle Corporation, Date: None, Delay: -1 ms, Speed: 0.00 M/s, Resolution: None
Name: 浙江卫视, URL: https://migu.188766.xyz/?migutoken=754bb07c57383fc11a0257f77bf54149&id=%E6%B5%99%E6%B1%9F%E5%8D%AB%E8%A7%86&pp=1, From: subscribe, IPv_Type: ipv6, Location: 美国, ISP: CloudFlare Inc., Date: None, Delay: -1 ms, Speed: 0.00 M/s, Resolution: None
Name: 浙江卫视, URL: https://cc06.tv12.xyz/117.m3u8, From: subscribe, IPv_Type: ipv6, Location: 美国, ISP: CloudFlare Inc., Date: None, Delay: -1 ms, Speed: 0.00 M/s, Resolution: None
Name: 浙江卫视, URL: https://iptv.catvod.com/live.php?id=%E6%B5%99%E6%B1%9F%E5%8D%AB%E8%A7%86, From: subscribe, IPv_Type: ipv6, Location: 美国, ISP: CloudFlare Inc., Date: None, Delay: -1 ms, Speed: 0.00 M/s, Resolution: None
Name: 湖南卫视, URL: http://php.jdshipin.com/TVOD/hnyd.php?id=200000001898/460000089800010058, From: subscribe, IPv_Type: ipv6, Location: 美国, ISP: CloudFlare Inc., Date: None, Delay: 0.1 ms, Speed: inf M/s, Resolution: 1920x1080
Name: 湖南卫视, URL: http://z.b.bkpcp.top/m.php?id=hunws, From: subscribe, IPv_Type: ipv6, Location: 美国, ISP: CloudFlare Inc., Date: None, Delay: 0.1 ms, Speed: inf M/s, Resolution: 1920x1080
Name: 湖南卫视, URL: http://iptv.huuc.edu.cn/hls/hunanhd.m3u8, From: subscribe, IPv_Type: ipv6, Location: 中国, ISP: 教育网, Date: None, Delay: 0.1 ms, Speed: inf M/s, Resolution: 1920x1080
Name: 湖南卫视, URL: http://dsj.motem.top:8880/bptv/10000100000000050000000003873458.m3u8, From: subscribe, IPv_Type: ipv6, Location: 美国, ISP: CloudFlare Inc., Date: None, Delay: 0.1 ms, Speed: inf M/s, Resolution: 1920x1080
Name: 湖南卫视, URL: http://[2409:8087:1e03:21::42]:6610/cms001/ch00000090990000001026/index.m3u8, From: subscribe, IPv_Type: ipv6, Location: 中国, ISP: 中国移动, Date: None, Delay: 0.1 ms, Speed: inf M/s, Resolution: 1920x1080
Name: 湖南卫视, URL: http://[2409:8087:1e03:21::2]:6060/cms001/ch00000090990000001026/index.m3u8, From: subscribe, IPv_Type: ipv6, Location: 中国, ISP: 中国移动, Date: None, Delay: 0.1 ms, Speed: inf M/s, Resolution: 1920x1080
Name: 湖南卫视, URL: http://[2409:8087:3428:20:500::100f]:6610/PLTV/88888888/224/3221225827/index.m3u8?servicetype=1&IASHttpSessionId=RR423820220409134714119178, From: subscribe, IPv_Type: ipv6, Location: 中国, ISP: 中国移动, Date: None, Delay: 0.1 ms, Speed: inf M/s, Resolution: 1920x1080
Name: 湖南卫视, URL: http://[2409:8087:3428:20:500::1009]:6610/PLTV/88888888/224/3221225827/index.m3u8?servicetype=1&IASHttpSessionId=RR423820220409134714119178, From: subscribe, IPv_Type: ipv6, Location: 中国, ISP: 中国移动, Date: None, Delay: 0.1 ms, Speed: inf M/s, Resolution: 1920x1080
Name: 湖南卫视, URL: http://[2409:8087:2001:20:2800:0:df6e:eb16]:80/ott.mobaibox.com/PLTV/4/224/3221227482/index.m3u8, From: subscribe, IPv_Type: ipv6, Location: 中国, ISP: 中国移动, Date: None, Delay: 0.1 ms, Speed: inf M/s, Resolution: 1920x1080
Name: 湖南卫视, URL: http://yc.myds.me:35455/itv/5000000004000006692.m3u8?cdn=bestzb, From: subscribe, IPv_Type: ipv6, Location: 中国, ISP: 中国电信, Date: None, Delay: 0.1 ms, Speed: inf M/s, Resolution: 1920x1080
Name: 湖南卫视, URL: http://nas.suntao.online:35455/itv/5000000004000006692.m3u8?cdn=bestzb, From: subscribe, IPv_Type: ipv6, Location: 中国, ISP: 中国联通, Date: None, Delay: 0.1 ms, Speed: inf M/s, Resolution: 1920x1080
Name: 湖南卫视, URL: http://[2409:8087:2001:20:2800:0:df6e:eb04]:80/wh7f454c46tw2055394169_1305357411/ott.mobaibox.com/PLTV/3/224/3221227220/index.m3u8?icpid=3&RTS=1674386465&from=40&popid=40&hms_devid=2041&prioritypopid=40&vqe=3, From: subscribe, IPv_Type: ipv6, Location: 中国, ISP: 中国移动, Date: None, Delay: 0.1 ms, Speed: inf M/s, Resolution: 1920x1080
Name: 湖南卫视, URL: http://[2409:8087:2001:20:2800:0:df6e:eb0c]:80/wh7f454c46tw1752929778_1854170372/ott.mobaibox.com/PLTV/3/224/3221227735/index.m3u8?icpid=3&RTS=1674386163&from=40&popid=40&hms_devid=2040&prioritypopid=40&vqe=3, From: subscribe, IPv_Type: ipv6, Location: 中国, ISP: 中国移动, Date: None, Delay: 0.1 ms, Speed: inf M/s, Resolution: 1920x1080
Name: 湖南卫视, URL: http://[2409:8087:2001:20:2800:0:df6e:eb02]:80/wh7f454c46tw211198975_1777940059/ott.mobaibox.com/PLTV/3/224/3221227698/index.m3u8?icpid=3&RTS=1674380326&from=40&popid=40&hms_devid=2039&prioritypopid=40&vqe=3, From: subscribe, IPv_Type: ipv6, Location: 中国, ISP: 中国移动, Date: None, Delay: 0.1 ms, Speed: inf M/s, Resolution: 1920x1080
Name: 湖南卫视, URL: http://[2409:8087:5e01:34::38]:6610/ZTE_CMS/00000001000000060000000000000174/index.m3u8, From: subscribe, IPv_Type: ipv6, Location: 中国, ISP: 中国移动, Date: None, Delay: 0.1 ms, Speed: inf M/s, Resolution: 1920x1080
Name: 湖南卫视, URL: http://[2409:8087:5e00:24::1f]:6060/ZTE_CMS/00000001000000060000000000000174/index.m3u8, From: subscribe, IPv_Type: ipv6, Location: 中国, ISP: 中国移动, Date: None, Delay: 0.1 ms, Speed: inf M/s, Resolution: 1920x1080
Name: 湖南卫视, URL: http://[2409:8087:4c0a:22:1::11]:6410/170000001115/UmaiCHAN181358BESTVSMGSMG9/index.m3u8?m3u8_level=2, From: subscribe, IPv_Type: ipv6, Location: 中国, ISP: 中国移动, Date: None, Delay: 0.1 ms, Speed: inf M/s, Resolution: 1920x1080
Name: 湖南卫视, URL: http://[2409:8087:5e01:34::23]:6610/ZTE_CMS/00000001000000060000000000000482/index.m3u8?IAS, From: subscribe, IPv_Type: ipv6, Location: 中国, ISP: 中国移动, Date: None, Delay: 0.1 ms, Speed: inf M/s, Resolution: 1920x1080
Name: 湖南卫视, URL: http://[2409:8087:5e01:34::21]:6610/ZTE_CMS/00000001000000060000000000000174/index.m3u8?IAS, From: subscribe, IPv_Type: ipv6, Location: 中国, ISP: 中国移动, Date: None, Delay: 0.1 ms, Speed: inf M/s, Resolution: 1920x1080
Name: 湖南卫视, URL: http://[2409:8087:5e01:34::22]:6610/ZTE_CMS/00000001000000060000000000000174/index.m3u8?IAS, From: subscribe, IPv_Type: ipv6, Location: 中国, ISP: 中国移动, Date: None, Delay: 0.1 ms, Speed: inf M/s, Resolution: 1920x1080
Name: 湖南卫视, URL: http://[2409:8087:5e01:34::20]:6610/ZTE_CMS/00000001000000060000000000000174/index.m3u8?IAS, From: subscribe, IPv_Type: ipv6, Location: 中国, ISP: 中国移动, Date: None, Delay: 0.1 ms, Speed: inf M/s, Resolution: 1920x1080
Name: 湖南卫视, URL: http://lu.wqwqwq.sbs/itv/1000000005000265024.m3u8?cdn=ystenlive, From: subscribe, IPv_Type: ipv6, Location: 美国, ISP: CloudFlare Inc., Date: None, Delay: 0.1 ms, Speed: inf M/s, Resolution: 1920x1080
Name: 湖南卫视, URL: http://[2409:8087:74f0:22::5]:6410/270000001128/9900000523/index.m3u8, From: subscribe, IPv_Type: ipv6, Location: 中国, ISP: 中国移动, Date: None, Delay: 0.1 ms, Speed: inf M/s, Resolution: 1920x1080
Name: 湖南卫视, URL: http://[2409:8087:5e00:24::1e]:6060/200000001898/460000089800010058/1.m3u8, From: subscribe, IPv_Type: ipv6, Location: 中国, ISP: 中国移动, Date: None, Delay: 0.1 ms, Speed: inf M/s, Resolution: 1920x1080
Name: 湖南卫视, URL: http://[2409:8087:3869:8021:1001::e5]:6610/PLTV/88888910/224/3221225704/index.m3u8, From: subscribe, IPv_Type: ipv6, Location: 中国, ISP: 中国移动, Date: None, Delay: -1 ms, Speed: 0.00 M/s, Resolution: None
Name: 湖南卫视, URL: http://rrs01.hw.gmcc.net:8088/PLTV/81/224/3221226698/1.m3u8, From: subscribe, IPv_Type: ipv6, Location: 中国, ISP: 中国移动, Date: None, Delay: -1 ms, Speed: 0.00 M/s, Resolution: None
Name: 湖南卫视, URL: https://migu.188766.xyz/?migutoken=ec26188e91410ebeb44f54597d4eb02f&id=%E6%B9%96%E5%8D%97%E5%8D%AB%E8%A7%86&pp=1, From: subscribe, IPv_Type: ipv6, Location: 美国, ISP: CloudFlare Inc., Date: None, Delay: -1 ms, Speed: 0.00 M/s, Resolution: None
Name: 湖南卫视, URL: http://[2409:8087:5e08:25::16]:6610/200000001898/460000089800010058/1.m3u8, From: subscribe, IPv_Type: ipv6, Location: 中国, ISP: 中国移动, Date: None, Delay: -1 ms, Speed: 0.00 M/s, Resolution: None
Name: 湖南卫视, URL: https://mursor.ottiptv.cc/mcp/hunan.m3u8, From: subscribe, IPv_Type: ipv6, Location: 美国, ISP: Oracle Corporation, Date: None, Delay: -1 ms, Speed: 0.00 M/s, Resolution: None
Name: 湖南卫视, URL: https://cc06.tv12.xyz/57.m3u8, From: subscribe, IPv_Type: ipv6, Location: 美国, ISP: CloudFlare Inc., Date: None, Delay: -1 ms, Speed: 0.00 M/s, Resolution: None
Name: 湖南卫视, URL: https://shyd.695847.xyz/cms001/ch00000090990000001026/index.m3u8?IASHttpSessionId=RR4967720251014100028031761&ispcode=12, From: subscribe, IPv_Type: ipv6, Location: 美国, ISP: CloudFlare Inc., Date: None, Delay: -1 ms, Speed: 0.00 M/s, Resolution: None
Name: 湖南卫视, URL: https://iptv.catvod.com/live.php?id=%E6%B9%96%E5%8D%97%E5%8D%AB%E8%A7%86%E5%8F%B0, From: subscribe, IPv_Type: ipv6, Location: 美国, ISP: CloudFlare Inc., Date: None, Delay: -1 ms, Speed: 0.00 M/s, Resolution: None
Name: 湖南卫视, URL: http://satellitepull.cnr.cn/live/wx32hunws/playlist.m3u8, From: subscribe, IPv_Type: ipv4, Location: 美国-伊利诺伊州-库克, ISP: 网宿CDN节点, Date: None, Delay: 140 ms, Speed: 0.70 M/s, Resolution: None
Name: 北京卫视, URL: http://php.jdshipin.com/TVOD/hnyd.php?id=200000001898/460000089800010143, From: subscribe, IPv_Type: ipv6, Location: 美国, ISP: CloudFlare Inc., Date: None, Delay: 0.1 ms, Speed: inf M/s, Resolution: 1920x1080
Name: 北京卫视, URL: http://z.b.bkpcp.top/m.php?id=bjws, From: subscribe, IPv_Type: ipv6, Location: 美国, ISP: CloudFlare Inc., Date: None, Delay: 0.1 ms, Speed: inf M/s, Resolution: 1920x1080
Name: 北京卫视, URL: http://iptv.huuc.edu.cn/hls/btv1hd.m3u8, From: subscribe, IPv_Type: ipv6, Location: 中国, ISP: 教育网, Date: None, Delay: 0.1 ms, Speed: inf M/s, Resolution: 1920x1080
Name: 北京卫视, URL: https://smart.pendy.dpdns.org/Smart.php?id=beijing, From: subscribe, IPv_Type: ipv6, Location: 美国, ISP: CloudFlare Inc., Date: None, Delay: 0.1 ms, Speed: inf M/s, Resolution: 1920x1080
Name: 北京卫视, URL: http://dsj.motem.top:8880/bptv/10000100000000050000000003870776.m3u8, From: subscribe, IPv_Type: ipv6, Location: 美国, ISP: CloudFlare Inc., Date: None, Delay: 0.1 ms, Speed: inf M/s, Resolution: 1920x1080
Name: 北京卫视, URL: http://yc.myds.me:35455/itv/6000000001000020451.m3u8?cdn=wasusyt, From: subscribe, IPv_Type: ipv6, Location: 中国, ISP: 中国电信, Date: None, Delay: 0.1 ms, Speed: inf M/s, Resolution: 1920x1080
Name: 北京卫视, URL: http://nas.suntao.online:35455/itv/6000000001000020451.m3u8?cdn=wasusyt, From: subscribe, IPv_Type: ipv6, Location: 中国, ISP: 中国联通, Date: None, Delay: 0.1 ms, Speed: inf M/s, Resolution: 1920x1080
Name: 北京卫视, URL: http://lu.wqwqwq.sbs/itv/1000000005000265027.m3u8?cdn=ystenlive, From: subscribe, IPv_Type: ipv6, Location: 美国, ISP: CloudFlare Inc., Date: None, Delay: 0.1 ms, Speed: inf M/s, Resolution: 1920x1080
Name: 北京卫视, URL: http://cdn.jdshipin.com:8880/ysp.php?id=bjws, From: subscribe, IPv_Type: ipv6, Location: 美国, ISP: CloudFlare Inc., Date: None, Delay: 0.1 ms, Speed: inf M/s, Resolution: 1920x1080
Name: 北京卫视, URL: http://[2409:8087:2001:20:2800:0:df6e:eb0b]/wh7f454c46tw2687876293_-1703018199/ott.mobaibox.com/PLTV/3/224/3221227508/index.m3u8?icpid=3&RTS=1668597482&from=40&popid=40&hms_devid=2038&prioritypopid=40&vqe=3, From: subscribe, IPv_Type: ipv6, Location: 中国, ISP: 中国移动, Date: None, Delay: 0.1 ms, Speed: inf M/s, Resolution: 1920x1080
Name: 北京卫视, URL: http://[2409:8087:2001:20:2800:0:df6e:eb12]:80/ott.mobaibox.com/PLTV/4/224/3221228115/index.m3u8, From: subscribe, IPv_Type: ipv6, Location: 中国, ISP: 中国移动, Date: None, Delay: 0.1 ms, Speed: inf M/s, Resolution: 1920x1080
Name: 北京卫视, URL: http://[2409:8087:3428:20:500::100f]:6610/PLTV/88888888/224/3221225826/index.m3u8?servicetype=1&IASHttpSessionId=RR423820220409134714119178, From: subscribe, IPv_Type: ipv6, Location: 中国, ISP: 中国移动, Date: None, Delay: 0.1 ms, Speed: inf M/s, Resolution: 1920x1080
Name: 北京卫视, URL: http://[2409:8087:3428:20:500::1009]:6610/PLTV/88888888/224/3221225826/index.m3u8?servicetype=1&IASHttpSessionId=RR423820220409134714119178, From: subscribe, IPv_Type: ipv6, Location: 中国, ISP: 中国移动, Date: None, Delay: 0.1 ms, Speed: inf M/s, Resolution: 1920x1080
Name: 北京卫视, URL: http://[2409:8087:2001:20:2800:0:df6e:eb07]:80/wh7f454c46tw2053622677_1535084124/ott.mobaibox.com/PLTV/3/224/3221227246/index.m3u8?icpid=3&RTS=1674386464&from=40&popid=40&hms_devid=2036&prioritypopid=40&vqe=3, From: subscribe, IPv_Type: ipv6, Location: 中国, ISP: 中国移动, Date: None, Delay: 0.1 ms, Speed: inf M/s, Resolution: 1920x1080
Name: 北京卫视, URL: http://[2409:8087:2001:20:2800:0:df6e:eb03]:80/wh7f454c46tw1747628339_39925349/ott.mobaibox.com/PLTV/3/224/3221227694/index.m3u8?icpid=3&RTS=1674386158&from=40&popid=40&hms_devid=2039&prioritypopid=40&vqe=3, From: subscribe, IPv_Type: ipv6, Location: 中国, ISP: 中国移动, Date: None, Delay: 0.1 ms, Speed: inf M/s, Resolution: 1920x1080
Name: 北京卫视, URL: http://[2409:8087:1e03:21::42]:6610/cms001/ch00000090990000001029/index.m3u8, From: subscribe, IPv_Type: ipv6, Location: 中国, ISP: 中国移动, Date: None, Delay: 0.1 ms, Speed: inf M/s, Resolution: 1920x1080
Name: 北京卫视, URL: http://[2409:8087:5e01:34::38]:6610/ZTE_CMS/00000001000000060000000000000173/index.m3u8, From: subscribe, IPv_Type: ipv6, Location: 中国, ISP: 中国移动, Date: None, Delay: 0.1 ms, Speed: inf M/s, Resolution: 1920x1080
Name: 北京卫视, URL: http://[2409:8087:4c0a:22:1::11]:6410/170000001115/UmaiCHAN181361BESTVSMGSMG/index.m3u8?m3u8_level=2, From: subscribe, IPv_Type: ipv6, Location: 中国, ISP: 中国移动, Date: None, Delay: 0.1 ms, Speed: inf M/s, Resolution: 1920x1080
Name: 北京卫视, URL: http://[2409:8087:5e01:34::22]:6610/ZTE_CMS/00000001000000060000000000000173/index.m3u8?IAS, From: subscribe, IPv_Type: ipv6, Location: 中国, ISP: 中国移动, Date: None, Delay: 0.1 ms, Speed: inf M/s, Resolution: 1920x1080
Name: 北京卫视, URL: http://[2409:8087:5e00:24::1f]:6060/ZTE_CMS/00000001000000060000000000000173/index.m3u8, From: subscribe, IPv_Type: ipv6, Location: 中国, ISP: 中国移动, Date: None, Delay: 0.1 ms, Speed: inf M/s, Resolution: 1920x1080
Name: 北京卫视, URL: http://[2409:8087:5e01:34::23]:6610/ZTE_CMS/00000001000000060000000000000173/index.m3u8?IAS, From: subscribe, IPv_Type: ipv6, Location: 中国, ISP: 中国移动, Date: None, Delay: 0.1 ms, Speed: inf M/s, Resolution: 1920x1080
Name: 北京卫视, URL: http://[2409:8087:5e01:34::20]:6610/ZTE_CMS/00000001000000060000000000000173/index.m3u8?IAS, From: subscribe, IPv_Type: ipv6, Location: 中国, ISP: 中国移动, Date: None, Delay: 0.1 ms, Speed: inf M/s, Resolution: 1920x1080
Name: 北京卫视, URL: http://[2409:8087:5e01:34::21]:6610/ZTE_CMS/00000001000000060000000000000173/index.m3u8?IAS, From: subscribe, IPv_Type: ipv6, Location: 中国, ISP: 中国移动, Date: None, Delay: 0.1 ms, Speed: inf M/s, Resolution: 1920x1080
Name: 北京卫视, URL: http://[2409:8087:1e03:21::2]:6060/cms001/ch00000090990000001029/index.m3u8, From: subscribe, IPv_Type: ipv6, Location: 中国, ISP: 中国移动, Date: None, Delay: 0.1 ms, Speed: inf M/s, Resolution: 1920x1080
Name: 北京卫视, URL: http://[2409:8087:5e00:24::1e]:6060/200000001898/460000089800010143/1.m3u8, From: subscribe, IPv_Type: ipv6, Location: 中国, ISP: 中国移动, Date: None, Delay: 0.1 ms, Speed: inf M/s, Resolution: 1920x1080
Name: 北京卫视, URL: http://[2409:8087:74f0:22::6]:6410/270000001128/9900000516/index.m3u8, From: subscribe, IPv_Type: ipv6, Location: 中国, ISP: 中国移动, Date: None, Delay: 0.1 ms, Speed: inf M/s, Resolution: 1920x1080
Name: 北京卫视, URL: http://[2409:8087:3869:8021:1001::e5]:6610/PLTV/88888910/224/3221225674/index.m3u8, From: subscribe, IPv_Type: ipv6, Location: 中国, ISP: 中国移动, Date: None, Delay: -1 ms, Speed: 0.00 M/s, Resolution: None
Name: 北京卫视, URL: http://rrs01.hw.gmcc.net:8088/PLTV/81/224/3221226719/1.m3u8, From: subscribe, IPv_Type: ipv6, Location: 中国, ISP: 中国移动, Date: None, Delay: -1 ms, Speed: 0.00 M/s, Resolution: None
Name: 北京卫视, URL: http://lml1971.cn:35455/gptv/G_BEIJING-4K.m3u8, From: subscribe, IPv_Type: ipv6, Location: 中国, ISP: 中国移动, Date: None, Delay: -1 ms, Speed: 0.00 M/s, Resolution: None
Name: 北京卫视, URL: http://[2409:8087:5e08:25::16]:6610/200000001898/460000089800010143/1.m3u8, From: subscribe, IPv_Type: ipv6, Location: 中国, ISP: 中国移动, Date: None, Delay: -1 ms, Speed: 0.00 M/s, Resolution: None
Name: 北京卫视, URL: https://mursor.ottiptv.cc/mcp/beijing.m3u8, From: subscribe, IPv_Type: ipv6, Location: 美国, ISP: Oracle Corporation, Date: None, Delay: -1 ms, Speed: 0.00 M/s, Resolution: None
Name: 北京卫视, URL: https://migu.188766.xyz/?migutoken=7195653519100795f1a965eed8bdf40a&id=%E5%8C%97%E4%BA%AC%E5%8D%AB%E8%A7%86&type=yy, From: subscribe, IPv_Type: ipv6, Location: 美国, ISP: CloudFlare Inc., Date: None, Delay: -1 ms, Speed: 0.00 M/s, Resolution: None
Name: 北京卫视, URL: http://cc02.tv12.xyz/1.m3u8, From: subscribe, IPv_Type: ipv6, Location: 美国, ISP: CloudFlare Inc., Date: None, Delay: -1 ms, Speed: 0.00 M/s, Resolution: None
Name: 北京卫视, URL: https://cc06.tv12.xyz/27.m3u8, From: subscribe, IPv_Type: ipv6, Location: 美国, ISP: CloudFlare Inc., Date: None, Delay: -1 ms, Speed: 0.00 M/s, Resolution: None
Name: 北京卫视, URL: https://shyd.695847.xyz/cms001/ch00000090990000001029/index.m3u8?IASHttpSessionId=RR4967720251014100028031761&ispcode=12, From: subscribe, IPv_Type: ipv6, Location: 美国, ISP: CloudFlare Inc., Date: None, Delay: -1 ms, Speed: 0.00 M/s, Resolution: None
Name: 北京卫视, URL: https://iptv.catvod.com/live.php?id=%E5%8C%97%E4%BA%AC%E5%8D%AB%E8%A7%86, From: subscribe, IPv_Type: ipv6, Location: 美国, ISP: CloudFlare Inc., Date: None, Delay: -1 ms, Speed: 0.00 M/s, Resolution: None
Name: 北京卫视, URL: http://satellitepull.cnr.cn/live/wxbtv/playlist.m3u8, From: subscribe, IPv_Type: ipv4, Location: 美国-德克萨斯州-达拉斯, ISP: 网宿科技CDN节点, Date: None, Delay: 141 ms, Speed: 0.70 M/s, Resolution: None
Name: 湖北卫视, URL: http://php.jdshipin.com/TVOD/hnyd.php?id=200000001898/460000089800010057, From: subscribe, IPv_Type: ipv6, Location: 美国, ISP: CloudFlare Inc., Date: None, Delay: 0.1 ms, Speed: inf M/s, Resolution: 1920x1080
Name: 湖北卫视, URL: http://z.b.bkpcp.top/m.php?id=hubws, From: subscribe, IPv_Type: ipv6, Location: 美国, ISP: CloudFlare Inc., Date: None, Delay: 0.1 ms, Speed: inf M/s, Resolution: 1920x1080
Name: 湖北卫视, URL: http://goo.bkpcp.top/mg/hubws, From: subscribe, IPv_Type: ipv6, Location: 美国, ISP: CloudFlare Inc., Date: None, Delay: 0.1 ms, Speed: inf M/s, Resolution: 1920x1080
Name: 湖北卫视, URL: http://iptv.huuc.edu.cn/hls/hbhd.m3u8, From: subscribe, IPv_Type: ipv6, Location: 中国, ISP: 教育网, Date: None, Delay: 0.1 ms, Speed: inf M/s, Resolution: 1920x1080
Name: 湖北卫视, URL: https://smart.pendy.dpdns.org/Smart.php?id=hubei, From: subscribe, IPv_Type: ipv6, Location: 美国, ISP: CloudFlare Inc., Date: None, Delay: 0.1 ms, Speed: inf M/s, Resolution: 1920x1080
Name: 湖北卫视, URL: http://dsj.motem.top:8880/bptv/10000100000000050000000003873465.m3u8, From: subscribe, IPv_Type: ipv6, Location: 美国, ISP: CloudFlare Inc., Date: None, Delay: 0.1 ms, Speed: inf M/s, Resolution: 1920x1080
Name: 湖北卫视, URL: http://yc.myds.me:35455/itv/6000000001000015436.m3u8?cdn=wasusyt, From: subscribe, IPv_Type: ipv6, Location: 中国, ISP: 中国电信, Date: None, Delay: 0.1 ms, Speed: inf M/s, Resolution: 1920x1080
Name: 湖北卫视, URL: http://nas.suntao.online:35455/itv/1000000001000024621.m3u8?cdn=ystenlive, From: subscribe, IPv_Type: ipv6, Location: 中国, ISP: 中国联通, Date: None, Delay: 0.1 ms, Speed: inf M/s, Resolution: 1920x1080
Name: 湖北卫视, URL: http://lu.wqwqwq.sbs/itv/1000000005000265023.m3u8?cdn=ystenlive, From: subscribe, IPv_Type: ipv6, Location: 美国, ISP: CloudFlare Inc., Date: None, Delay: 0.1 ms, Speed: inf M/s, Resolution: 1920x1080
Name: 湖北卫视, URL: http://[2409:8087:2001:20:2800:0:df6e:eb10]:80/ott.mobaibox.com/PLTV/4/224/3221227479/index.m3u8, From: subscribe, IPv_Type: ipv6, Location: 中国, ISP: 中国移动, Date: None, Delay: 0.1 ms, Speed: inf M/s, Resolution: 1920x1080
Name: 湖北卫视, URL: http://[2409:8087:3428:20:500::100f]:6610/PLTV/88888888/224/3221227111/index.m3u8?servicetype=1&IASHttpSessionId=RR423820220409134714119178, From: subscribe, IPv_Type: ipv6, Location: 中国, ISP: 中国移动, Date: None, Delay: 0.1 ms, Speed: inf M/s, Resolution: 1920x1080
Name: 湖北卫视, URL: http://[2409:8087:3428:20:500::1009]:6610/PLTV/88888888/224/3221227111/index.m3u8?servicetype=1&IASHttpSessionId=RR423820220409134714119178, From: subscribe, IPv_Type: ipv6, Location: 中国, ISP: 中国移动, Date: None, Delay: 0.1 ms, Speed: inf M/s, Resolution: 1920x1080
Name: 湖北卫视, URL: http://[2409:8087:2001:20:2800:0:df6e:eb07]:80/wh7f454c46tw1550755006_-1154349795/ott.mobaibox.com/PLTV/3/224/3221227211/index.m3u8?icpid=3&RTS=1674385961&from=40&popid=40&hms_devid=2036&prioritypopid=40&vqe=3, From: subscribe, IPv_Type: ipv6, Location: 中国, ISP: 中国移动, Date: None, Delay: 0.1 ms, Speed: inf M/s, Resolution: 1920x1080
Name: 湖北卫视, URL: http://[2409:8087:2001:20:2800:0:df6e:eb1a]:80/wh7f454c46tw209710282_-1743646795/ott.mobaibox.com/PLTV/3/224/3221227565/index.m3u8?icpid=3&RTS=1674380325&from=40&popid=40&hms_devid=2116&prioritypopid=40&vqe=3, From: subscribe, IPv_Type: ipv6, Location: 中国, ISP: 中国移动, Date: None, Delay: 0.1 ms, Speed: inf M/s, Resolution: 1920x1080
Name: 湖北卫视, URL: http://[2409:8087:2001:20:2800:0:df6e:eb0d]:80/wh7f454c46tw1550947964_-1647381759/ott.mobaibox.com/PLTV/3/224/3221227665/index.m3u8?icpid=3&RTS=1674385961&from=40&popid=40&hms_devid=2040&prioritypopid=40&vqe=3, From: subscribe, IPv_Type: ipv6, Location: 中国, ISP: 中国移动, Date: None, Delay: 0.1 ms, Speed: inf M/s, Resolution: 1920x1080
Name: 湖北卫视, URL: http://[2409:8087:2001:20:2800:0:df6e:eb03]:80/wh7f454c46tw210191902_-158401056/ott.mobaibox.com/PLTV/3/224/3221227703/index.m3u8?icpid=3&RTS=1674380325&from=40&popid=40&hms_devid=2039&prioritypopid=40&vqe=3, From: subscribe, IPv_Type: ipv6, Location: 中国, ISP: 中国移动, Date: None, Delay: 0.1 ms, Speed: inf M/s, Resolution: 1920x1080
Name: 湖北卫视, URL: http://[2409:8087:1e03:21::42]:6610/cms001/ch00000090990000001027/index.m3u8, From: subscribe, IPv_Type: ipv6, Location: 中国, ISP: 中国移动, Date: None, Delay: 0.1 ms, Speed: inf M/s, Resolution: 1920x1080
Name: 湖北卫视, URL: http://[2409:8087:5e01:34::38]:6610/ZTE_CMS/00000001000000060000000000000250/index.m3u8, From: subscribe, IPv_Type: ipv6, Location: 中国, ISP: 中国移动, Date: None, Delay: 0.1 ms, Speed: inf M/s, Resolution: 1920x1080
Name: 湖北卫视, URL: http://[2409:8087:5e00:24::1f]:6060/ZTE_CMS/00000001000000060000000000000250/index.m3u8, From: subscribe, IPv_Type: ipv6, Location: 中国, ISP: 中国移动, Date: None, Delay: 0.1 ms, Speed: inf M/s, Resolution: 1920x1080
Name: 湖北卫视, URL: http://[2409:8087:4c0a:22:1::11]:6410/170000001115/UmaiCHAN911989BESTVSMGSMG/index.m3u8?m3u8_level=2, From: subscribe, IPv_Type: ipv6, Location: 中国, ISP: 中国移动, Date: None, Delay: 0.1 ms, Speed: inf M/s, Resolution: 1920x1080
Name: 湖北卫视, URL: http://[2409:8087:5e01:34::22]:6610/ZTE_CMS/00000001000000060000000000000250/index.m3u8?IAS, From: subscribe, IPv_Type: ipv6, Location: 中国, ISP: 中国移动, Date: None, Delay: 0.1 ms, Speed: inf M/s, Resolution: 1920x1080
Name: 湖北卫视, URL: http://[2409:8087:5e01:34::23]:6610/ZTE_CMS/00000001000000060000000000000250/index.m3u8?IAS, From: subscribe, IPv_Type: ipv6, Location: 中国, ISP: 中国移动, Date: None, Delay: 0.1 ms, Speed: inf M/s, Resolution: 1920x1080
Name: 湖北卫视, URL: http://[2409:8087:5e01:34::21]:6610/ZTE_CMS/00000001000000060000000000000250/index.m3u8?IAS, From: subscribe, IPv_Type: ipv6, Location: 中国, ISP: 中国移动, Date: None, Delay: 0.1 ms, Speed: inf M/s, Resolution: 1920x1080
Name: 湖北卫视, URL: http://[2409:8087:5e01:34::20]:6610/ZTE_CMS/00000001000000060000000000000250/index.m3u8?IAS, From: subscribe, IPv_Type: ipv6, Location: 中国, ISP: 中国移动, Date: None, Delay: 0.1 ms, Speed: inf M/s, Resolution: 1920x1080
Name: 湖北卫视, URL: http://[2409:8087:2001:20:2800:0:df6e:eb11]/wh7f454c46tw3059146177_-1525708880/ott.mobaibox.com/PLTV/3/224/3221227479/index.m3u8?icpid=3&RTS=1668597853&from=40&popid=40&hms_devid=2110&prioritypopid=40&vqe=3, From: subscribe, IPv_Type: ipv6, Location: 中国, ISP: 中国移动, Date: None, Delay: 0.1 ms, Speed: inf M/s, Resolution: 1920x1080
Name: 湖北卫视, URL: http://[2409:8087:1e03:21::2]:6060/cms001/ch00000090990000001027/index.m3u8, From: subscribe, IPv_Type: ipv6, Location: 中国, ISP: 中国移动, Date: None, Delay: 0.1 ms, Speed: inf M/s, Resolution: 1920x1080
Name: 湖北卫视, URL: http://[2409:8087:74f0:22::5]:6410/270000001128/9900000522/index.m3u8, From: subscribe, IPv_Type: ipv6, Location: 中国, ISP: 中国移动, Date: None, Delay: 0.1 ms, Speed: inf M/s, Resolution: 1920x1080
Name: 湖北卫视, URL: http://[2409:8087:5e00:24::1e]:6060/200000001898/460000089800010057/1.m3u8, From: subscribe, IPv_Type: ipv6, Location: 中国, ISP: 中国移动, Date: None, Delay: 0.1 ms, Speed: inf M/s, Resolution: 1920x1080
Name: 湖北卫视, URL: http://[2409:8087:3869:8021:1001::e5]:6610/PLTV/88888910/224/3221225699/index.m3u8, From: subscribe, IPv_Type: ipv6, Location: 中国, ISP: 中国移动, Date: None, Delay: -1 ms, Speed: 0.00 M/s, Resolution: None
Name: 湖北卫视, URL: http://rrs01.hw.gmcc.net:8088/PLTV/81/224/3221226713/1.m3u8, From: subscribe, IPv_Type: ipv6, Location: 中国, ISP: 中国移动, Date: None, Delay: -1 ms, Speed: 0.00 M/s, Resolution: None
Name: 湖北卫视, URL: https://migu.188766.xyz/?migutoken=f5f7431b9659c054197996ce9238bb74&id=%E6%B9%96%E5%8C%97%E5%8D%AB%E8%A7%86&type=yy, From: None, IPv_Type: ipv6, Location: 美国, ISP: CloudFlare Inc., Date: None, Delay: -1 ms, Speed: 0.00 M/s, Resolution: None
Name: 湖北卫视, URL: http://[2409:8087:5e08:25::16]:6610/200000001898/460000089800010057/1.m3u8, From: subscribe, IPv_Type: ipv6, Location: 中国, ISP: 中国移动, Date: None, Delay: -1 ms, Speed: 0.00 M/s, Resolution: None
Name: 湖北卫视, URL: https://mursor.ottiptv.cc/mcp/hubei.m3u8, From: subscribe, IPv_Type: ipv6, Location: 美国, ISP: Oracle Corporation, Date: None, Delay: -1 ms, Speed: 0.00 M/s, Resolution: None
Name: 湖北卫视, URL: https://cc06.tv12.xyz/50.m3u8, From: subscribe, IPv_Type: ipv6, Location: 美国, ISP: CloudFlare Inc., Date: None, Delay: -1 ms, Speed: 0.00 M/s, Resolution: None
Name: 湖北卫视, URL: https://jzb.wwkejishe.top/?id=604, From: subscribe, IPv_Type: ipv6, Location: 美国, ISP: CloudFlare Inc., Date: None, Delay: -1 ms, Speed: 0.00 M/s, Resolution: None
Name: 湖北卫视, URL: https://iptv.catvod.com/live.php?id=%E6%B9%96%E5%8C%97%E5%8D%AB%E8%A7%86, From: subscribe, IPv_Type: ipv6, Location: 美国, ISP: CloudFlare Inc., Date: None, Delay: -1 ms, Speed: 0.00 M/s, Resolution: None
Name: 湖北卫视, URL: https://shyd.695847.xyz/cms001/ch00000090990000001027/index.m3u8?IASHttpSessionId=RR4967720251014100028031761&ispcode=12, From: subscribe, IPv_Type: ipv6, Location: 美国, ISP: CloudFlare Inc., Date: None, Delay: -1 ms, Speed: 0.00 M/s, Resolution: None
Name: 湖北卫视, URL: https://live.chinacert.cftest5.cn/mg/?id=947472496, From: subscribe, IPv_Type: ipv6, Location: 中国, ISP: 中国移动, Date: None, Delay: -1 ms, Speed: 0.00 M/s, Resolution: None
Name: 黑龙江卫视, URL: http://php.jdshipin.com/TVOD/hnyd.php?id=200000001898/460000089800010056, From: subscribe, IPv_Type: ipv6, Location: 美国, ISP: CloudFlare Inc., Date: None, Delay: 0.1 ms, Speed: inf M/s, Resolution: 1920x1080
Name: 黑龙江卫视, URL: http://l.cztvcloud.com/channels/lantian/SXyuyao3/720p.m3u8, From: subscribe, IPv_Type: ipv6, Location: 中国-江苏-常州, ISP: 电信, Date: None, Delay: 0.1 ms, Speed: inf M/s, Resolution: 1920x1080
Name: 黑龙江卫视, URL: http://iptv.huuc.edu.cn/hls/hljhd.m3u8, From: subscribe, IPv_Type: ipv6, Location: 中国, ISP: 教育网, Date: None, Delay: 0.1 ms, Speed: inf M/s, Resolution: 1920x1080
Name: 黑龙江卫视, URL: http://dsj.motem.top:8880/bptv/10000100000000050000000003873470.m3u8, From: subscribe, IPv_Type: ipv6, Location: 美国, ISP: CloudFlare Inc., Date: None, Delay: 0.1 ms, Speed: inf M/s, Resolution: 1920x1080
Name: 黑龙江卫视, URL: http://z.b.bkpcp.top/m.php?id=hljws, From: subscribe, IPv_Type: ipv6, Location: 美国, ISP: CloudFlare Inc., Date: None, Delay: 0.1 ms, Speed: inf M/s, Resolution: 1920x1080
Name: 黑龙江卫视, URL: http://[2409:8087:2001:20:2800:0:df6e:eb16]:80/ott.mobaibox.com/PLTV/4/224/3221227514/index.m3u8, From: subscribe, IPv_Type: ipv6, Location: 中国, ISP: 中国移动, Date: None, Delay: 0.1 ms, Speed: inf M/s, Resolution: 1920x1080
Name: 黑龙江卫视, URL: http://[2409:8087:3428:20:500::100f]:6610/PLTV/88888888/224/3221227197/index.m3u8?servicetype=1&IASHttpSessionId=RR423820220409134714119178, From: subscribe, IPv_Type: ipv6, Location: 中国, ISP: 中国移动, Date: None, Delay: 0.1 ms, Speed: inf M/s, Resolution: 1920x1080
Name: 黑龙江卫视, URL: http://[2409:8087:3428:20:500::1009]:6610/PLTV/88888888/224/3221227197/index.m3u8?servicetype=1&IASHttpSessionId=RR423820220409134714119178, From: subscribe, IPv_Type: ipv6, Location: 中国, ISP: 中国移动, Date: None, Delay: 0.1 ms, Speed: inf M/s, Resolution: 1920x1080
Name: 黑龙江卫视, URL: http://yc.myds.me:35455/itv/6000000001000016510.m3u8?cdn=wasusyt, From: subscribe, IPv_Type: ipv6, Location: 中国, ISP: 中国电信, Date: None, Delay: 0.1 ms, Speed: inf M/s, Resolution: 1920x1080
Name: 黑龙江卫视, URL: http://nas.suntao.online:35455/itv/1000000001000001925.m3u8?cdn=ystenlive, From: subscribe, IPv_Type: ipv6, Location: 中国, ISP: 中国联通, Date: None, Delay: 0.1 ms, Speed: inf M/s, Resolution: 1920x1080
Name: 黑龙江卫视, URL: http://lu.wqwqwq.sbs/itv/1000000001000001925.m3u8?cdn=ystenlive, From: subscribe, IPv_Type: ipv6, Location: 美国, ISP: CloudFlare Inc., Date: None, Delay: 0.1 ms, Speed: inf M/s, Resolution: 1920x1080
Name: 黑龙江卫视, URL: http://[2409:8087:2001:20:2800:0:df6e:eb07]:80/wh7f454c46tw515505966_53770455/ott.mobaibox.com/PLTV/3/224/3221227252/index.m3u8?icpid=3&RTS=1674380630&from=40&popid=40&hms_devid=2036&prioritypopid=40&vqe=3, From: subscribe, IPv_Type: ipv6, Location: 中国, ISP: 中国移动, Date: None, Delay: 0.1 ms, Speed: inf M/s, Resolution: 1920x1080
Name: 黑龙江卫视, URL: http://[2409:8087:2001:20:2800:0:df6e:eb0c]:80/wh7f454c46tw1754072820_1199010569/ott.mobaibox.com/PLTV/3/224/3221227662/index.m3u8?icpid=3&RTS=1674386164&from=40&popid=40&hms_devid=2040&prioritypopid=40&vqe=3, From: subscribe, IPv_Type: ipv6, Location: 中国, ISP: 中国移动, Date: None, Delay: 0.1 ms, Speed: inf M/s, Resolution: 1920x1080
Name: 黑龙江卫视, URL: http://[2409:8087:2001:20:2800:0:df6e:eb03]:80/wh7f454c46tw516023873_-290665544/ott.mobaibox.com/PLTV/3/224/3221227753/index.m3u8?icpid=3&RTS=1674380631&from=40&popid=40&hms_devid=2039&prioritypopid=40&vqe=3, From: subscribe, IPv_Type: ipv6, Location: 中国, ISP: 中国移动, Date: None, Delay: 0.1 ms, Speed: inf M/s, Resolution: 1920x1080
Name: 黑龙江卫视, URL: http://[2409:8087:1e03:21::42]:6610/cms001/ch00000090990000001031/index.m3u8, From: subscribe, IPv_Type: ipv6, Location: 中国, ISP: 中国移动, Date: None, Delay: 0.1 ms, Speed: inf M/s, Resolution: 1920x1080
Name: 黑龙江卫视, URL: http://[2409:8087:2001:20:2800:0:df6e:eb26]:80/wh7f454c46tw516667270_434053295/ott.mobaibox.com/PLTV/3/224/3221228295/index.m3u8?icpid=3&RTS=1674380632&from=40&popid=40&hms_devid=2293&prioritypopid=40&vqe=3, From: subscribe, IPv_Type: ipv6, Location: 中国, ISP: 中国移动, Date: None, Delay: 0.1 ms, Speed: inf M/s, Resolution: 1920x1080
Name: 黑龙江卫视, URL: http://[2409:8087:2001:20:2800:0:df6e:eb17]/wh7f454c46tw3143044227_-926148572/ott.mobaibox.com/PLTV/3/224/3221227514/index.m3u8?icpid=3&RTS=1668597937&from=40&popid=40&hms_devid=2114&prioritypopid=40&vqe=3, From: subscribe, IPv_Type: ipv6, Location: 中国, ISP: 中国移动, Date: None, Delay: 0.1 ms, Speed: inf M/s, Resolution: 1920x1080
Name: 黑龙江卫视, URL: http://[2409:8087:5e01:34::38]:6610/ZTE_CMS/00000001000000060000000000000175/index.m3u8, From: subscribe, IPv_Type: ipv6, Location: 中国, ISP: 中国移动, Date: None, Delay: 0.1 ms, Speed: inf M/s, Resolution: 1920x1080
Name: 黑龙江卫视, URL: http://[2409:8087:5e00:24::1f]:6060/ZTE_CMS/00000001000000060000000000000175/index.m3u8, From: subscribe, IPv_Type: ipv6, Location: 中国, ISP: 中国移动, Date: None, Delay: 0.1 ms, Speed: inf M/s, Resolution: 1920x1080
Name: 黑龙江卫视, URL: http://[2409:8087:5e01:34::20]:6610/ZTE_CMS/00000001000000060000000000000175/index.m3u8?IAS, From: subscribe, IPv_Type: ipv6, Location: 中国, ISP: 中国移动, Date: None, Delay: 0.1 ms, Speed: inf M/s, Resolution: 1920x1080
Name: 黑龙江卫视, URL: http://[2409:8087:5e01:34::22]:6610/ZTE_CMS/00000001000000060000000000000175/index.m3u8?IAS, From: subscribe, IPv_Type: ipv6, Location: 中国, ISP: 中国移动, Date: None, Delay: 0.1 ms, Speed: inf M/s, Resolution: 1920x1080
Name: 黑龙江卫视, URL: http://[2409:8087:5e01:34::23]:6610/ZTE_CMS/00000001000000060000000000000175/index.m3u8?IAS, From: subscribe, IPv_Type: ipv6, Location: 中国, ISP: 中国移动, Date: None, Delay: 0.1 ms, Speed: inf M/s, Resolution: 1920x1080
Name: 黑龙江卫视, URL: http://[2409:8087:5e01:34::21]:6610/ZTE_CMS/00000001000000060000000000000175/index.m3u8?IAS, From: subscribe, IPv_Type: ipv6, Location: 中国, ISP: 中国移动, Date: None, Delay: 0.1 ms, Speed: inf M/s, Resolution: 1920x1080
Name: 黑龙江卫视, URL: https://epg.pw/stream/c6c1262d0b35e59eac22bf513395f00f8b60cc5eab41f598412cdf8269312f32.m3u8, From: subscribe, IPv_Type: ipv6, Location: 美国, ISP: CloudFlare Inc., Date: None, Delay: 0.1 ms, Speed: inf M/s, Resolution: 1920x1080
Name: 黑龙江卫视, URL: http://[2409:8087:1e03:21::2]:6060/cms001/ch00000090990000001031/index.m3u8, From: subscribe, IPv_Type: ipv6, Location: 中国, ISP: 中国移动, Date: None, Delay: 0.1 ms, Speed: inf M/s, Resolution: 1920x1080
Name: 黑龙江卫视, URL: http://[2409:8087:4c0a:22:1::11]:6410/170000001115/UmaiCHAN181356BESTVSMGSMG/index.m3u8, From: subscribe, IPv_Type: ipv6, Location: 中国, ISP: 中国移动, Date: None, Delay: 0.1 ms, Speed: inf M/s, Resolution: 1920x1080
Name: 黑龙江卫视, URL: http://[2409:8087:74f0:22::6]:6410/270000001128/9900000521/index.m3u8, From: subscribe, IPv_Type: ipv6, Location: 中国, ISP: 中国移动, Date: None, Delay: 0.1 ms, Speed: inf M/s, Resolution: 1920x1080
Name: 黑龙江卫视, URL: http://[2409:8087:5e00:24::1e]:6060/200000001898/460000089800010056/1.m3u8, From: subscribe, IPv_Type: ipv6, Location: 中国, ISP: 中国移动, Date: None, Delay: 0.1 ms, Speed: inf M/s, Resolution: 1920x1080
Name: 黑龙江卫视, URL: http://[2409:8087:3869:8021:1001::e5]:6610/PLTV/88888888/224/3221225690/2/index.m3u8, From: subscribe, IPv_Type: ipv6, Location: 中国, ISP: 中国移动, Date: None, Delay: -1 ms, Speed: 0.00 M/s, Resolution: None
Name: 黑龙江卫视, URL: http://rrs01.hw.gmcc.net:8088/PLTV/81/224/3221226716/1.m3u8, From: subscribe, IPv_Type: ipv6, Location: 中国, ISP: 中国移动, Date: None, Delay: -1 ms, Speed: 0.00 M/s, Resolution: None
Name: 黑龙江卫视, URL: https://hls-gateway.vpstv.net/streams/708854.m3u8, From: subscribe, IPv_Type: ipv6, Location: 美国, ISP: CloudFlare Inc., Date: None, Delay: -1 ms, Speed: 0.00 M/s, Resolution: None
Name: 黑龙江卫视, URL: http://[2409:8087:5e08:25::16]:6610/200000001898/460000089800010056/1.m3u8, From: subscribe, IPv_Type: ipv6, Location: 中国, ISP: 中国移动, Date: None, Delay: -1 ms, Speed: 0.00 M/s, Resolution: None
Name: 黑龙江卫视, URL: https://mursor.ottiptv.cc/mcp/heilongjiang.m3u8, From: subscribe, IPv_Type: ipv6, Location: 美国, ISP: Oracle Corporation, Date: None, Delay: -1 ms, Speed: 0.00 M/s, Resolution: None
Name: 黑龙江卫视, URL: https://migu.188766.xyz/?migutoken=2ae2bfcfa77bfbd130792a36ddcf281a&id=hljws&type=sz, From: subscribe, IPv_Type: ipv6, Location: 美国, ISP: CloudFlare Inc., Date: None, Delay: -1 ms, Speed: 0.00 M/s, Resolution: None
Name: 黑龙江卫视, URL: https://cc06.tv12.xyz/53.m3u8, From: subscribe, IPv_Type: ipv6, Location: 美国, ISP: CloudFlare Inc., Date: None, Delay: -1 ms, Speed: 0.00 M/s, Resolution: None
Name: 黑龙江卫视, URL: https://shyd.695847.xyz/cms001/ch00000090990000001031/index.m3u8?IASHttpSessionId=RR4967720251014100028031761&ispcode=12, From: subscribe, IPv_Type: ipv6, Location: 美国, ISP: CloudFlare Inc., Date: None, Delay: -1 ms, Speed: 0.00 M/s, Resolution: None
Name: 黑龙江卫视, URL: https://iptv.catvod.com/live.php?id=%E9%BB%91%E9%BE%99%E6%B1%9F%E5%8D%AB%E8%A7%86%E5%8F%B0, From: subscribe, IPv_Type: ipv6, Location: 美国, ISP: CloudFlare Inc., Date: None, Delay: -1 ms, Speed: 0.00 M/s, Resolution: None
Name: 安徽卫视, URL: http://php.jdshipin.com/TVOD/hljyd.php?id=3221226391, From: subscribe, IPv_Type: ipv6, Location: 美国, ISP: CloudFlare Inc., Date: None, Delay: 0.1 ms, Speed: inf M/s, Resolution: 1920x1080
Name: 安徽卫视, URL: http://iptv.huuc.edu.cn/hls/ahhd.m3u8, From: subscribe, IPv_Type: ipv6, Location: 中国, ISP: 教育网, Date: None, Delay: 0.1 ms, Speed: inf M/s, Resolution: 1920x1080
Name: 安徽卫视, URL: http://dsj.motem.top:8880/bptv/10000100000000050000000003873469.m3u8, From: subscribe, IPv_Type: ipv6, Location: 美国, ISP: CloudFlare Inc., Date: None, Delay: 0.1 ms, Speed: inf M/s, Resolution: 1920x1080
Name: 安徽卫视, URL: http://z.b.bkpcp.top/m.php?id=ahws, From: subscribe, IPv_Type: ipv6, Location: 美国, ISP: CloudFlare Inc., Date: None, Delay: 0.1 ms, Speed: inf M/s, Resolution: 1920x1080
Name: 安徽卫视, URL: http://[2409:8087:2001:20:2800:0:df6e:eb12]/wh7f454c46tw2802330256_375747539/ott.mobaibox.com/PLTV/3/224/3221227558/index.m3u8?icpid=3&RTS=1668597596&from=40&popid=40&hms_devid=2112&prioritypopid=40&vqe=3, From: subscribe, IPv_Type: ipv6, Location: 中国, ISP: 中国移动, Date: None, Delay: 0.1 ms, Speed: inf M/s, Resolution: 1920x1080
Name: 安徽卫视, URL: http://yc.myds.me:35455/itv/6000000001000009954.m3u8?cdn=wasusyt, From: subscribe, IPv_Type: ipv6, Location: 中国, ISP: 中国电信, Date: None, Delay: 0.1 ms, Speed: inf M/s, Resolution: 1920x1080
Name: 安徽卫视, URL: http://nas.suntao.online:35455/itv/1000000001000030159.m3u8?cdn=ystenlive, From: subscribe, IPv_Type: ipv6, Location: 中国, ISP: 中国联通, Date: None, Delay: 0.1 ms, Speed: inf M/s, Resolution: 1920x1080
Name: 安徽卫视, URL: http://lu.wqwqwq.sbs/itv/1000000005000265025.m3u8?cdn=ystenlive, From: subscribe, IPv_Type: ipv6, Location: 美国, ISP: CloudFlare Inc., Date: None, Delay: 0.1 ms, Speed: inf M/s, Resolution: 1920x1080
Name: 安徽卫视, URL: http://[2409:8087:2001:20:2800:0:df6e:eb13]:80/ott.mobaibox.com/PLTV/4/224/3221227558/index.m3u8, From: subscribe, IPv_Type: ipv6, Location: 中国, ISP: 中国移动, Date: None, Delay: 0.1 ms, Speed: inf M/s, Resolution: 1920x1080
Name: 安徽卫视, URL: http://[2409:8087:3428:20:500::100f]:6610/PLTV/88888888/224/3221225844/index.m3u8?servicetype=1&IASHttpSessionId=RR423820220409134714119178, From: subscribe, IPv_Type: ipv6, Location: 中国, ISP: 中国移动, Date: None, Delay: 0.1 ms, Speed: inf M/s, Resolution: 1920x1080
Name: 安徽卫视, URL: http://[2409:8087:3428:20:500::1009]:6610/PLTV/88888888/224/3221225844/index.m3u8?servicetype=1&IASHttpSessionId=RR423820220409134714119178, From: subscribe, IPv_Type: ipv6, Location: 中国, ISP: 中国移动, Date: None, Delay: 0.1 ms, Speed: inf M/s, Resolution: 1920x1080
Name: 安徽卫视, URL: http://[2409:8087:2001:20:2800:0:df6e:eb19]:80/wh7f454c46tw197120493_402056634/ott.mobaibox.com/PLTV/3/224/3221225634/index.m3u8?icpid=3&RTS=1674380312&from=40&popid=40&hms_devid=2113&prioritypopid=40&vqe=3, From: subscribe, IPv_Type: ipv6, Location: 中国, ISP: 中国移动, Date: None, Delay: 0.1 ms, Speed: inf M/s, Resolution: 1920x1080
Name: 安徽卫视, URL: http://[2409:8087:2001:20:2800:0:df6e:eb17]:80/wh7f454c46tw1543399939_-344486942/ott.mobaibox.com/PLTV/3/224/3221227759/index.m3u8?icpid=3&RTS=1674385953&from=40&popid=40&hms_devid=2114&prioritypopid=40&vqe=3, From: subscribe, IPv_Type: ipv6, Location: 中国, ISP: 中国移动, Date: None, Delay: 0.1 ms, Speed: inf M/s, Resolution: 1920x1080
Name: 安徽卫视, URL: http://[2409:8087:2001:20:2800:0:df6e:eb11]:80/wh7f454c46tw1748810169_-884235889/ott.mobaibox.com/PLTV/3/224/3221228153/index.m3u8?icpid=3&RTS=1674386159&from=40&popid=40&hms_devid=2110&prioritypopid=40&vqe=3, From: subscribe, IPv_Type: ipv6, Location: 中国, ISP: 中国移动, Date: None, Delay: 0.1 ms, Speed: inf M/s, Resolution: 1920x1080
Name: 安徽卫视, URL: http://[2409:8087:1e03:21::42]:6610/cms001/ch00000090990000001037/index.m3u8, From: subscribe, IPv_Type: ipv6, Location: 中国, ISP: 中国移动, Date: None, Delay: 0.1 ms, Speed: inf M/s, Resolution: 1920x1080
Name: 安徽卫视, URL: http://[2409:8087:5e01:34::38]:6610/ZTE_CMS/00000001000000060000000000000368/index.m3u8, From: subscribe, IPv_Type: ipv6, Location: 中国, ISP: 中国移动, Date: None, Delay: 0.1 ms, Speed: inf M/s, Resolution: 1920x1080
Name: 安徽卫视, URL: http://[2409:8087:4c0a:22:1::11]:6410/170000001115/UmaiCHAN3540416BESTVSMGSMG/index.m3u8?m3u8_level=2, From: subscribe, IPv_Type: ipv6, Location: 中国, ISP: 中国移动, Date: None, Delay: 0.1 ms, Speed: inf M/s, Resolution: 1920x1080
Name: 安徽卫视, URL: http://[2409:8087:5e01:34::20]:6610/ZTE_CMS/00000001000000060000000000000368/index.m3u8?IAS, From: subscribe, IPv_Type: ipv6, Location: 中国, ISP: 中国移动, Date: None, Delay: 0.1 ms, Speed: inf M/s, Resolution: 1920x1080
Name: 安徽卫视, URL: http://[2409:8087:5e01:34::23]:6610/ZTE_CMS/00000001000000060000000000000368/index.m3u8?IAS, From: subscribe, IPv_Type: ipv6, Location: 中国, ISP: 中国移动, Date: None, Delay: 0.1 ms, Speed: inf M/s, Resolution: 1920x1080
Name: 安徽卫视, URL: http://[2409:8087:5e01:34::21]:6610/ZTE_CMS/00000001000000060000000000000368/index.m3u8?IAS, From: subscribe, IPv_Type: ipv6, Location: 中国, ISP: 中国移动, Date: None, Delay: 0.1 ms, Speed: inf M/s, Resolution: 1920x1080
Name: 安徽卫视, URL: http://[2409:8087:5e01:34::22]:6610/ZTE_CMS/00000001000000060000000000000368/index.m3u8?IAS, From: subscribe, IPv_Type: ipv6, Location: 中国, ISP: 中国移动, Date: None, Delay: 0.1 ms, Speed: inf M/s, Resolution: 1920x1080
Name: 安徽卫视, URL: http://[2409:8087:1e03:21::2]:6060/cms001/ch00000090990000001037/index.m3u8, From: subscribe, IPv_Type: ipv6, Location: 中国, ISP: 中国移动, Date: None, Delay: 0.1 ms, Speed: inf M/s, Resolution: 1920x1080
Name: 安徽卫视, URL: http://[2409:8087:74f0:22::7]:6410/270000001128/9900000514/index.m3u8, From: subscribe, IPv_Type: ipv6, Location: 中国, ISP: 中国移动, Date: None, Delay: 0.1 ms, Speed: inf M/s, Resolution: 1920x1080
Name: 安徽卫视, URL: http://[2409:8087:5e00:24::1e]:6060/200000001898/460000089800010041/1.m3u8, From: subscribe, IPv_Type: ipv6, Location: 中国, ISP: 中国移动, Date: None, Delay: 0.1 ms, Speed: inf M/s, Resolution: 1920x1080
Name: 安徽卫视, URL: http://[2409:8087:3869:8021:1001::e5]:6610/PLTV/88888910/224/3221225691/index.m3u8, From: subscribe, IPv_Type: ipv6, Location: 中国, ISP: 中国移动, Date: None, Delay: -1 ms, Speed: 0.00 M/s, Resolution: None
Name: 安徽卫视, URL: http://rrs01.hw.gmcc.net:8088/PLTV/81/224/3221226664/1.m3u8, From: subscribe, IPv_Type: ipv6, Location: 中国, ISP: 中国移动, Date: None, Delay: -1 ms, Speed: 0.00 M/s, Resolution: None
Name: 安徽卫视, URL: http://[2409:8087:5e08:25::16]:6610/200000001898/460000089800010041/1.m3u8, From: subscribe, IPv_Type: ipv6, Location: 中国, ISP: 中国移动, Date: None, Delay: -1 ms, Speed: 0.00 M/s, Resolution: None
Name: 安徽卫视, URL: https://mursor.ottiptv.cc/mcp/anhui.m3u8, From: subscribe, IPv_Type: ipv6, Location: 美国, ISP: Oracle Corporation, Date: None, Delay: -1 ms, Speed: 0.00 M/s, Resolution: None
Name: 安徽卫视, URL: https://migu.188766.xyz/?migutoken=5b3405d3c4bfc76c7b5f57725d16e1b4&id=ahws&type=sz, From: subscribe, IPv_Type: ipv6, Location: 美国, ISP: CloudFlare Inc., Date: None, Delay: -1 ms, Speed: 0.00 M/s, Resolution: None
Name: 安徽卫视, URL: https://cc06.tv12.xyz/26.m3u8, From: subscribe, IPv_Type: ipv6, Location: 美国, ISP: CloudFlare Inc., Date: None, Delay: -1 ms, Speed: 0.00 M/s, Resolution: None
Name: 安徽卫视, URL: https://jzb.wwkejishe.top/?id=612, From: subscribe, IPv_Type: ipv6, Location: 美国, ISP: CloudFlare Inc., Date: None, Delay: -1 ms, Speed: 0.00 M/s, Resolution: None
Name: 安徽卫视, URL: https://shyd.695847.xyz/cms001/ch00000090990000001037/index.m3u8?IASHttpSessionId=RR4967720251014100028031761&ispcode=12, From: subscribe, IPv_Type: ipv6, Location: 美国, ISP: CloudFlare Inc., Date: None, Delay: -1 ms, Speed: 0.00 M/s, Resolution: None
Name: 安徽卫视, URL: https://iptv.catvod.com/live.php?id=%E5%AE%89%E5%BE%BD%E5%8D%AB%E8%A7%86%E5%8F%B0, From: subscribe, IPv_Type: ipv6, Location: 美国, ISP: CloudFlare Inc., Date: None, Delay: -1 ms, Speed: 0.00 M/s, Resolution: None
Name: 重庆卫视, URL: http://php.jdshipin.com/TVOD/hnyd.php?id=200000001898/460000089800010053, From: subscribe, IPv_Type: ipv6, Location: 美国, ISP: CloudFlare Inc., Date: None, Delay: 0.1 ms, Speed: inf M/s, Resolution: 1920x1080
Name: 重庆卫视, URL: http://z.b.bkpcp.top/m.php?id=cqws, From: subscribe, IPv_Type: ipv6, Location: 美国, ISP: CloudFlare Inc., Date: None, Delay: 0.1 ms, Speed: inf M/s, Resolution: 1920x1080
Name: 重庆卫视, URL: http://iptv.huuc.edu.cn/hls/cqhd.m3u8, From: subscribe, IPv_Type: ipv6, Location: 中国, ISP: 教育网, Date: None, Delay: 0.1 ms, Speed: inf M/s, Resolution: 1920x1080
Name: 重庆卫视, URL: http://dsj.motem.top:8880/bptv/10000100000000050000000004796458.m3u8, From: subscribe, IPv_Type: ipv6, Location: 美国, ISP: CloudFlare Inc., Date: None, Delay: 0.1 ms, Speed: inf M/s, Resolution: 1920x1080
Name: 重庆卫视, URL: http://[2409:8087:1e03:21::2]:6060/cms001/ch00000090990000001129/index.m3u8, From: subscribe, IPv_Type: ipv6, Location: 中国, ISP: 中国移动, Date: None, Delay: 0.1 ms, Speed: inf M/s, Resolution: 1920x1080
Name: 重庆卫视, URL: http://[2409:8087:2001:20:2800:0:df6e:eb09]:80/ott.mobaibox.com/PLTV/4/224/3221228133/index.m3u8, From: subscribe, IPv_Type: ipv6, Location: 中国, ISP: 中国移动, Date: None, Delay: 0.1 ms, Speed: inf M/s, Resolution: 1920x1080
Name: 重庆卫视, URL: http://goo.bkpcp.top/mg/cqws, From: subscribe, IPv_Type: ipv6, Location: 美国, ISP: CloudFlare Inc., Date: None, Delay: 0.1 ms, Speed: inf M/s, Resolution: 1920x1080
Name: 重庆卫视, URL: http://yc.myds.me:35455/itv/1000000005000265017.m3u8?cdn=ystenlive, From: subscribe, IPv_Type: ipv6, Location: 中国, ISP: 中国电信, Date: None, Delay: 0.1 ms, Speed: inf M/s, Resolution: 1920x1080
Name: 重庆卫视, URL: http://nas.suntao.online:35455/itv/1000000001000001096.m3u8?cdn=ystenlive, From: subscribe, IPv_Type: ipv6, Location: 中国, ISP: 中国联通, Date: None, Delay: 0.1 ms, Speed: inf M/s, Resolution: 1920x1080
Name: 重庆卫视, URL: http://lu.wqwqwq.sbs/itv/1000000005000265017.m3u8?cdn=ystenlive, From: subscribe, IPv_Type: ipv6, Location: 美国, ISP: CloudFlare Inc., Date: None, Delay: 0.1 ms, Speed: inf M/s, Resolution: 1920x1080
Name: 重庆卫视, URL: http://[2409:8087:3428:20:500::100f]:6610/PLTV/88888888/224/3221225831/index.m3u8?servicetype=1&IASHttpSessionId=RR423820220409134714119178, From: subscribe, IPv_Type: ipv6, Location: 中国, ISP: 中国移动, Date: None, Delay: 0.1 ms, Speed: inf M/s, Resolution: 1920x1080
Name: 重庆卫视, URL: http://[2409:8087:3428:20:500::1009]:6610/PLTV/88888888/224/3221227240/index.m3u8?servicetype=1&IASHttpSessionId=RR423820220409134714119178, From: subscribe, IPv_Type: ipv6, Location: 中国, ISP: 中国移动, Date: None, Delay: 0.1 ms, Speed: inf M/s, Resolution: 1920x1080
Name: 重庆卫视, URL: http://[2409:8087:1e03:21::42]:6610/cms001/ch00000090990000001129/index.m3u8, From: subscribe, IPv_Type: ipv6, Location: 中国, ISP: 中国移动, Date: None, Delay: 0.1 ms, Speed: inf M/s, Resolution: 1920x1080
Name: 重庆卫视, URL: http://[2409:8087:4c0a:22:1::11]:6410/170000001115/UmaiCHAN3840707BESTVSMGSMG9/index.m3u8?m3u8_level=2, From: subscribe, IPv_Type: ipv6, Location: 中国, ISP: 中国移动, Date: None, Delay: 0.1 ms, Speed: inf M/s, Resolution: 1920x1080
Name: 重庆卫视, URL: http://[2409:8087:5e01:34::38]:6610/ZTE_CMS/00000001000000060000000000000523/index.m3u8, From: subscribe, IPv_Type: ipv6, Location: 中国, ISP: 中国移动, Date: None, Delay: 0.1 ms, Speed: inf M/s, Resolution: 1920x1080
Name: 重庆卫视, URL: http://[2409:8087:5e01:34::20]:6610/ZTE_CMS/00000001000000060000000000000523/index.m3u8?IAS, From: subscribe, IPv_Type: ipv6, Location: 中国, ISP: 中国移动, Date: None, Delay: 0.1 ms, Speed: inf M/s, Resolution: 1920x1080
Name: 重庆卫视, URL: http://[2409:8087:5e01:34::22]:6610/ZTE_CMS/00000001000000060000000000000523/index.m3u8?IAS, From: subscribe, IPv_Type: ipv6, Location: 中国, ISP: 中国移动, Date: None, Delay: 0.1 ms, Speed: inf M/s, Resolution: 1920x1080
Name: 重庆卫视, URL: http://[2409:8087:5e01:34::23]:6610/ZTE_CMS/00000001000000060000000000000523/index.m3u8?IAS, From: subscribe, IPv_Type: ipv6, Location: 中国, ISP: 中国移动, Date: None, Delay: 0.1 ms, Speed: inf M/s, Resolution: 1920x1080
Name: 重庆卫视, URL: http://[2409:8087:5e01:34::21]:6610/ZTE_CMS/00000001000000060000000000000523/index.m3u8?IAS, From: subscribe, IPv_Type: ipv6, Location: 中国, ISP: 中国移动, Date: None, Delay: 0.1 ms, Speed: inf M/s, Resolution: 1920x1080
Name: 重庆卫视, URL: http://[2409:8087:2001:20:2800:0:df6e:eb16]:80/wh7f454c46tw1552893761_-1608513550/ott.mobaibox.com/PLTV/3/224/3221227632/index.m3u8?icpid=3&RTS=1674385963&from=40&popid=40&hms_devid=2114&prioritypopid=40&vqe=3, From: subscribe, IPv_Type: ipv6, Location: 中国, ISP: 中国移动, Date: None, Delay: 0.1 ms, Speed: inf M/s, Resolution: 1920x1080
Name: 重庆卫视, URL: http://[2409:8087:2001:20:2800:0:df6e:eb1b]:80/wh7f454c46tw514879444_-1075144663/ott.mobaibox.com/PLTV/3/224/3221227550/index.m3u8?icpid=3&RTS=1674380630&from=40&popid=40&hms_devid=2116&prioritypopid=40&vqe=3, From: subscribe, IPv_Type: ipv6, Location: 中国, ISP: 中国移动, Date: None, Delay: 0.1 ms, Speed: inf M/s, Resolution: 1920x1080
Name: 重庆卫视, URL: http://[2409:8087:2001:20:2800:0:df6e:eb0d]:80/wh7f454c46tw515202699_-176956124/ott.mobaibox.com/PLTV/3/224/3221227729/index.m3u8?icpid=3&RTS=1674380630&from=40&popid=40&hms_devid=2040&prioritypopid=40&vqe=3, From: subscribe, IPv_Type: ipv6, Location: 中国, ISP: 中国移动, Date: None, Delay: 0.1 ms, Speed: inf M/s, Resolution: 1920x1080
Name: 重庆卫视, URL: http://[2409:8087:74f0:22::7]:6410/270000001128/9900000517/index.m3u8, From: subscribe, IPv_Type: ipv6, Location: 中国, ISP: 中国移动, Date: None, Delay: 0.1 ms, Speed: inf M/s, Resolution: 1920x1080
Name: 重庆卫视, URL: http://[2409:8087:5e00:24::1e]:6060/200000001898/460000089800010053/1.m3u8, From: subscribe, IPv_Type: ipv6, Location: 中国, ISP: 中国移动, Date: None, Delay: 0.1 ms, Speed: inf M/s, Resolution: 1920x1080
Name: 重庆卫视, URL: http://[2409:8087:3869:8021:1001::e5]:6610/PLTV/88888888/224/3221225612/2/index.m3u8, From: subscribe, IPv_Type: ipv6, Location: 中国, ISP: 中国移动, Date: None, Delay: -1 ms, Speed: 0.00 M/s, Resolution: None
Name: 重庆卫视, URL: http://rrs01.hw.gmcc.net:8088/PLTV/81/224/3221226680/1.m3u8, From: subscribe, IPv_Type: ipv6, Location: 中国, ISP: 中国移动, Date: None, Delay: -1 ms, Speed: 0.00 M/s, Resolution: None
Name: 重庆卫视, URL: http://[2409:8087:5e08:25::16]:6610/200000001898/460000089800010053/1.m3u8, From: subscribe, IPv_Type: ipv6, Location: 中国, ISP: 中国移动, Date: None, Delay: -1 ms, Speed: 0.00 M/s, Resolution: None
Name: 重庆卫视, URL: https://mursor.ottiptv.cc/mcp/chongqing.m3u8, From: subscribe, IPv_Type: ipv6, Location: 美国, ISP: Oracle Corporation, Date: None, Delay: -1 ms, Speed: 0.00 M/s, Resolution: None
Name: 重庆卫视, URL: https://migu.188766.xyz/?migutoken=742c9c7b9fe7e7ab390f4e6371d55092&id=cqws&type=sz, From: subscribe, IPv_Type: ipv6, Location: 美国, ISP: CloudFlare Inc., Date: None, Delay: -1 ms, Speed: 0.00 M/s, Resolution: None
Name: 重庆卫视, URL: https://cc06.tv12.xyz/34.m3u8, From: subscribe, IPv_Type: ipv6, Location: 美国, ISP: CloudFlare Inc., Date: None, Delay: -1 ms, Speed: 0.00 M/s, Resolution: None
Name: 重庆卫视, URL: https://jzb.wwkejishe.top/?id=607, From: subscribe, IPv_Type: ipv6, Location: 美国, ISP: CloudFlare Inc., Date: None, Delay: -1 ms, Speed: 0.00 M/s, Resolution: None
Name: 重庆卫视, URL: https://shyd.695847.xyz/cms001/ch00000090990000001129/index.m3u8?IASHttpSessionId=RR4967720251014100028031761&ispcode=12, From: subscribe, IPv_Type: ipv6, Location: 美国, ISP: CloudFlare Inc., Date: None, Delay: -1 ms, Speed: 0.00 M/s, Resolution: None
Name: 重庆卫视, URL: https://iptv.catvod.com/live.php?id=%E9%87%8D%E5%BA%86%E5%8D%AB%E8%A7%86%E5%8F%B0, From: subscribe, IPv_Type: ipv6, Location: 美国, ISP: CloudFlare Inc., Date: None, Delay: -1 ms, Speed: 0.00 M/s, Resolution: None
Name: 东方卫视, URL: http://php.jdshipin.com/TVOD/hnyd.php?id=200000001898/460000089800010054, From: subscribe, IPv_Type: ipv6, Location: 美国, ISP: CloudFlare Inc., Date: None, Delay: 0.1 ms, Speed: inf M/s, Resolution: 1920x1080
Name: 东方卫视, URL: http://z.b.bkpcp.top/m.php?id=dfws#rtsp://115.85.232.19/PLTV/88888910/224/3221225531/10000100000000060000000000107311_0.smil, From: subscribe, IPv_Type: ipv6, Location: 美国, ISP: CloudFlare Inc., Date: None, Delay: 0.1 ms, Speed: inf M/s, Resolution: 1920x1080
Name: 东方卫视, URL: http://goo.bkpcp.top/mg/dfws, From: subscribe, IPv_Type: ipv6, Location: 美国, ISP: CloudFlare Inc., Date: None, Delay: 0.1 ms, Speed: inf M/s, Resolution: 1920x1080
Name: 东方卫视, URL: http://iptv.huuc.edu.cn/hls/dfhd.m3u8, From: subscribe, IPv_Type: ipv6, Location: 中国, ISP: 教育网, Date: None, Delay: 0.1 ms, Speed: inf M/s, Resolution: 1920x1080
Name: 东方卫视, URL: http://dsj.motem.top:8880/bptv/10000100000000050000000003873462.m3u8, From: subscribe, IPv_Type: ipv6, Location: 美国, ISP: CloudFlare Inc., Date: None, Delay: 0.1 ms, Speed: inf M/s, Resolution: 1920x1080
Name: 东方卫视, URL: https://bp-cdn-ali.bestv.cn/enhance/bestvdfws_enhance.m3u8?auth_key=1746334807-ddb61092a75249868c8bd1834313f437-0-8a760296d281d86bc4612f5fc4f85247, From: subscribe, IPv_Type: ipv6, Location: 中国, ISP: 中国电信, Date: None, Delay: 0.1 ms, Speed: inf M/s, Resolution: 1920x1080
Name: 东方卫视, URL: https://live.lalifeier.eu.org/kankanews/dfws.m3u8?t=1746372302&key=04c79ed1fd72dbd3188040c54dc3858b, From: subscribe, IPv_Type: ipv6, Location: 美国, ISP: CloudFlare Inc., Date: None, Delay: 0.1 ms, Speed: inf M/s, Resolution: 1920x1080
Name: 东方卫视, URL: http://yc.myds.me:35455/itv/5000000004000014098.m3u8?cdn=bestzb, From: subscribe, IPv_Type: ipv6, Location: 中国, ISP: 中国电信, Date: None, Delay: 0.1 ms, Speed: inf M/s, Resolution: 1920x1080
Name: 东方卫视, URL: http://lu.wqwqwq.sbs/itv/1000000005000265018.m3u8?cdn=ystenlive, From: subscribe, IPv_Type: ipv6, Location: 美国, ISP: CloudFlare Inc., Date: None, Delay: 0.1 ms, Speed: inf M/s, Resolution: 1920x1080
Name: 东方卫视, URL: http://[2409:8087:2001:20:2800:0:df6e:eb16]:80/ott.mobaibox.com/PLTV/4/224/3221227511/index.m3u8, From: subscribe, IPv_Type: ipv6, Location: 中国, ISP: 中国移动, Date: None, Delay: 0.1 ms, Speed: inf M/s, Resolution: 1920x1080
Name: 东方卫视, URL: http://[2409:8087:3428:20:500::100f]:6610/PLTV/88888888/224/3221226603/index.m3u8?servicetype=1&IASHttpSessionId=RR423820220409134714119178, From: subscribe, IPv_Type: ipv6, Location: 中国, ISP: 中国移动, Date: None, Delay: 0.1 ms, Speed: inf M/s, Resolution: 1920x1080
Name: 东方卫视, URL: http://[2409:8087:3428:20:500::1009]:6610/PLTV/88888888/224/3221226603/index.m3u8?servicetype=1&IASHttpSessionId=RR423820220409134714119178, From: subscribe, IPv_Type: ipv6, Location: 中国, ISP: 中国移动, Date: None, Delay: 0.1 ms, Speed: inf M/s, Resolution: 1920x1080
Name: 东方卫视, URL: http://[2409:8087:2001:20:2800:0:df6e:eb18]:80/wh7f454c46tw1540523289_-2010744264/ott.mobaibox.com/PLTV/3/224/3221227597/index.m3u8?icpid=3&RTS=1674385950&from=40&popid=40&hms_devid=2113&prioritypopid=40&vqe=3, From: subscribe, IPv_Type: ipv6, Location: 中国, ISP: 中国移动, Date: None, Delay: 0.1 ms, Speed: inf M/s, Resolution: 1920x1080
Name: 东方卫视, URL: http://[2409:8087:2001:20:2800:0:df6e:eb0b]:80/wh7f454c46tw1928465870_439778439/ott.mobaibox.com/PLTV/3/224/3221227732/index.m3u8?icpid=3&RTS=1674386338&from=40&popid=40&hms_devid=2038&prioritypopid=40&vqe=3, From: subscribe, IPv_Type: ipv6, Location: 中国, ISP: 中国移动, Date: None, Delay: 0.1 ms, Speed: inf M/s, Resolution: 1920x1080
Name: 东方卫视, URL: http://[2409:8087:2001:20:2800:0:df6e:eb0c]:80/wh7f454c46tw1746983786_-1453355574/ott.mobaibox.com/PLTV/3/224/3221227688/index.m3u8?icpid=3&RTS=1674386157&from=40&popid=40&hms_devid=2040&prioritypopid=40&vqe=3, From: subscribe, IPv_Type: ipv6, Location: 中国, ISP: 中国移动, Date: None, Delay: 0.1 ms, Speed: inf M/s, Resolution: 1920x1080
Name: 东方卫视, URL: http://[2409:8087:2001:20:2800:0:df6e:eb1b]:80/wh7f454c46tw1588003974_1980521361/ott.mobaibox.com/PLTV/3/224/3221228150/index.m3u8?icpid=3&RTS=1674381703&from=40&popid=40&hms_devid=2116&prioritypopid=40&vqe=3, From: subscribe, IPv_Type: ipv6, Location: 中国, ISP: 中国移动, Date: None, Delay: 0.1 ms, Speed: inf M/s, Resolution: 1920x1080
Name: 东方卫视, URL: http://[2409:8087:2001:20:2800:0:df6e:eb17]:80/wh7f454c46tw1928619653_-1503168431/ott.mobaibox.com/PLTV/3/224/3221227511/index.m3u8?icpid=3&RTS=1674386339&from=40&popid=40&hms_devid=2114&prioritypopid=40&vqe=3, From: subscribe, IPv_Type: ipv6, Location: 中国, ISP: 中国移动, Date: None, Delay: 0.1 ms, Speed: inf M/s, Resolution: 1920x1080
Name: 东方卫视, URL: http://[2409:8087:1e03:21::42]:6610/cms001/ch00000090990000001013/index.m3u8, From: subscribe, IPv_Type: ipv6, Location: 中国, ISP: 中国移动, Date: None, Delay: 0.1 ms, Speed: inf M/s, Resolution: 1920x1080
Name: 东方卫视, URL: http://[2409:8087:4c0a:22:1::11]:6410/170000001115/UmaiCHAN111131BESTVSMGSMG/index.m3u8?m3u8_level=2, From: subscribe, IPv_Type: ipv6, Location: 中国, ISP: 中国移动, Date: None, Delay: 0.1 ms, Speed: inf M/s, Resolution: 1920x1080
Name: 东方卫视, URL: http://[2409:8087:5e01:34::38]:6610/ZTE_CMS/00000001000000060000000000000182/index.m3u8, From: subscribe, IPv_Type: ipv6, Location: 中国, ISP: 中国移动, Date: None, Delay: 0.1 ms, Speed: inf M/s, Resolution: 1920x1080
Name: 东方卫视, URL: http://[2409:8087:5e01:34::23]:6610/ZTE_CMS/00000001000000060000000000000182/index.m3u8?IAS, From: subscribe, IPv_Type: ipv6, Location: 中国, ISP: 中国移动, Date: None, Delay: 0.1 ms, Speed: inf M/s, Resolution: 1920x1080
Name: 东方卫视, URL: http://[2409:8087:5e01:34::22]:6610/ZTE_CMS/00000001000000060000000000000182/index.m3u8?IAS, From: subscribe, IPv_Type: ipv6, Location: 中国, ISP: 中国移动, Date: None, Delay: 0.1 ms, Speed: inf M/s, Resolution: 1920x1080
Name: 东方卫视, URL: http://[2409:8087:5e01:34::20]:6610/ZTE_CMS/00000001000000060000000000000182/index.m3u8?IAS, From: subscribe, IPv_Type: ipv6, Location: 中国, ISP: 中国移动, Date: None, Delay: 0.1 ms, Speed: inf M/s, Resolution: 1920x1080
Name: 东方卫视, URL: http://[2409:8087:5e01:34::21]:6610/ZTE_CMS/00000001000000060000000000000182/index.m3u8?IAS, From: subscribe, IPv_Type: ipv6, Location: 中国, ISP: 中国移动, Date: None, Delay: 0.1 ms, Speed: inf M/s, Resolution: 1920x1080
Name: 东方卫视, URL: https://epg.pw/stream/6aec3ea636542c53729b5c9dd290864ab04d4a69d2b9cb7864a9898779915898.m3u8, From: subscribe, IPv_Type: ipv6, Location: 美国, ISP: CloudFlare Inc., Date: None, Delay: 0.1 ms, Speed: inf M/s, Resolution: 1920x1080
Name: 东方卫视, URL: http://[2409:8087:1e03:21::2]:6060/cms001/ch00000090990000001013/index.m3u8, From: subscribe, IPv_Type: ipv6, Location: 中国, ISP: 中国移动, Date: None, Delay: 0.1 ms, Speed: inf M/s, Resolution: 1920x1080
Name: 东方卫视, URL: http://[2409:8087:2001:20:2800:0:df6e:eb21]:80/wh7f454c46tw145917302_1381458537/ott.mobaibox.com/PLTV/3/224/3221228425/index.m3u8?icpid=3&RTS=1674371671&from=40&popid=40&hms_devid=2290&prioritypopid=40&vqe=3, From: subscribe, IPv_Type: ipv6, Location: 中国, ISP: 中国移动, Date: None, Delay: 0.1 ms, Speed: inf M/s, Resolution: 1920x1080
Name: 东方卫视, URL: http://[2409:8087:74f0:22::5]:6410/270000001128/9900000518/index.m3u8, From: subscribe, IPv_Type: ipv6, Location: 中国, ISP: 中国移动, Date: None, Delay: 0.1 ms, Speed: inf M/s, Resolution: 1920x1080
Name: 东方卫视, URL: http://[2409:8087:5e00:24::1e]:6060/200000001898/460000089800010054/1.m3u8, From: subscribe, IPv_Type: ipv6, Location: 中国, ISP: 中国移动, Date: None, Delay: 0.1 ms, Speed: inf M/s, Resolution: 1920x1080
Name: 东方卫视, URL: http://[2409:8087:3869:8021:1001::e5]:6610/PLTV/88888910/224/3221225659/index.m3u8, From: subscribe, IPv_Type: ipv6, Location: 中国, ISP: 中国移动, Date: None, Delay: -1 ms, Speed: 0.00 M/s, Resolution: None
Name: 东方卫视, URL: http://rrs01.hw.gmcc.net:8088/PLTV/81/224/3221226734/1.m3u8, From: subscribe, IPv_Type: ipv6, Location: 中国, ISP: 中国移动, Date: None, Delay: -1 ms, Speed: 0.00 M/s, Resolution: None
Name: 东方卫视, URL: http://[2409:8087:5e08:25::16]:6610/200000001898/460000089800010054/1.m3u8, From: subscribe, IPv_Type: ipv6, Location: 中国, ISP: 中国移动, Date: None, Delay: -1 ms, Speed: 0.00 M/s, Resolution: None
Name: 东方卫视, URL: https://mursor.ottiptv.cc/mcp/dongfang.m3u8, From: subscribe, IPv_Type: ipv6, Location: 美国, ISP: Oracle Corporation, Date: None, Delay: -1 ms, Speed: 0.00 M/s, Resolution: None
Name: 东方卫视, URL: https://migu.188766.xyz/?migutoken=283dcbd53b68e913b0edf99da7d489f4&id=%E4%B8%9C%E6%96%B9%E5%8D%AB%E8%A7%86&type=yy, From: None, IPv_Type: ipv6, Location: 美国, ISP: CloudFlare Inc., Date: None, Delay: -1 ms, Speed: 0.00 M/s, Resolution: None
Name: 东方卫视, URL: https://cc06.tv12.xyz/37.m3u8, From: subscribe, IPv_Type: ipv6, Location: 美国, ISP: CloudFlare Inc., Date: None, Delay: -1 ms, Speed: 0.00 M/s, Resolution: None
Name: 东方卫视, URL: http://cdn.jdshipin.com/kkxw.php?id=1, From: subscribe, IPv_Type: ipv6, Location: 美国, ISP: CloudFlare Inc., Date: None, Delay: -1 ms, Speed: 0.00 M/s, Resolution: None
Name: 东方卫视, URL: https://jzb.wwkejishe.top/?id=597, From: subscribe, IPv_Type: ipv6, Location: 美国, ISP: CloudFlare Inc., Date: None, Delay: -1 ms, Speed: 0.00 M/s, Resolution: None
Name: 东方卫视, URL: https://iptv.catvod.com/live.php?id=%E4%B8%9C%E6%96%B9%E5%8D%AB%E8%A7%86, From: subscribe, IPv_Type: ipv6, Location: 美国, ISP: CloudFlare Inc., Date: None, Delay: -1 ms, Speed: 0.00 M/s, Resolution: None
Name: 东方卫视, URL: https://shyd.695847.xyz/cms001/ch00000090990000001013/index.m3u8?IASHttpSessionId=RR4967720251014100028031761&ispcode=12, From: subscribe, IPv_Type: ipv6, Location: 美国, ISP: CloudFlare Inc., Date: None, Delay: -1 ms, Speed: 0.00 M/s, Resolution: None
Name: 东方卫视, URL: https://live.chinacert.cftest5.cn/mg/?id=651632648, From: subscribe, IPv_Type: ipv6, Location: 中国, ISP: 中国移动, Date: None, Delay: -1 ms, Speed: 0.00 M/s, Resolution: None
Name: 东方卫视, URL: http://bp-resource-dfl.bestv.cn/155/3/video.m3u8, From: subscribe, IPv_Type: ipv4, Location: 美国-加利福尼亚州-洛杉矶, ISP: Level3, Date: None, Delay: 6666 ms, Speed: 0.80 M/s, Resolution: 1920x1080
Name: 东南卫视, URL: http://php.jdshipin.com/TVOD/hnyd.php?id=200000001898/460000089800010096, From: subscribe, IPv_Type: ipv6, Location: 美国, ISP: CloudFlare Inc., Date: None, Delay: 0.1 ms, Speed: inf M/s, Resolution: 1920x1080
Name: 东南卫视, URL: http://z.b.bkpcp.top/m.php?id=dnws, From: subscribe, IPv_Type: ipv6, Location: 美国, ISP: CloudFlare Inc., Date: None, Delay: 0.1 ms, Speed: inf M/s, Resolution: 1920x1080
Name: 东南卫视, URL: http://iptv.huuc.edu.cn/hls/dnhd.m3u8, From: subscribe, IPv_Type: ipv6, Location: 中国, ISP: 教育网, Date: None, Delay: 0.1 ms, Speed: inf M/s, Resolution: 1920x1080
Name: 东南卫视, URL: http://live.zohi.tv/video/s10001-fztv-3/index.m3u8, From: subscribe, IPv_Type: ipv6, Location: 中国, ISP: 中国电信, Date: None, Delay: 0.1 ms, Speed: inf M/s, Resolution: 1920x1080
Name: 东南卫视, URL: http://[2409:8087:1a01:df::4035]:80/TVOD/88888888/224/3221225950/main.m3u8, From: subscribe, IPv_Type: ipv6, Location: 中国, ISP: 中国移动, Date: None, Delay: -1 ms, Speed: 0.00 M/s, Resolution: None
Name: 东南卫视, URL: https://smart.pendy.dpdns.org/Smart.php?id=fujian, From: subscribe, IPv_Type: ipv6, Location: 美国, ISP: CloudFlare Inc., Date: None, Delay: 0.1 ms, Speed: inf M/s, Resolution: 1920x1080
Name: 东南卫视, URL: http://dsj.motem.top:8880/bptv/10000100000000050000000003873473.m3u8, From: subscribe, IPv_Type: ipv6, Location: 美国, ISP: CloudFlare Inc., Date: None, Delay: 0.1 ms, Speed: inf M/s, Resolution: 1920x1080
Name: 东南卫视, URL: http://yc.myds.me:35455/itv/5000000004000010584.m3u8?cdn=bestzb, From: subscribe, IPv_Type: ipv6, Location: 中国, ISP: 中国电信, Date: None, Delay: 0.1 ms, Speed: inf M/s, Resolution: 1920x1080
Name: 东南卫视, URL: http://nas.suntao.online:35455/itv/5000000004000010584.m3u8?cdn=bestzb, From: subscribe, IPv_Type: ipv6, Location: 中国, ISP: 中国联通, Date: None, Delay: 0.1 ms, Speed: inf M/s, Resolution: 1920x1080
Name: 东南卫视, URL: http://lu.wqwqwq.sbs/itv/1000000005000265033.m3u8?cdn=ystenlive, From: subscribe, IPv_Type: ipv6, Location: 美国, ISP: CloudFlare Inc., Date: None, Delay: 0.1 ms, Speed: inf M/s, Resolution: 1920x1080
Name: 东南卫视, URL: http://[2409:8087:2001:20:2800:0:df6e:eb21]:80/ott.mobaibox.com/PLTV/4/224/3221228428/index.m3u8, From: subscribe, IPv_Type: ipv6, Location: 中国, ISP: 中国移动, Date: None, Delay: 0.1 ms, Speed: inf M/s, Resolution: 1920x1080
Name: 东南卫视, URL: http://[2409:8087:3428:20:500::100f]:6610/PLTV/88888888/224/3221225833/index.m3u8?servicetype=1&IASHttpSessionId=RR423820220409134714119178, From: subscribe, IPv_Type: ipv6, Location: 中国, ISP: 中国移动, Date: None, Delay: 0.1 ms, Speed: inf M/s, Resolution: 1920x1080
Name: 东南卫视, URL: http://[2409:8087:3428:20:500::1009]:6610/PLTV/88888888/224/3221227156/index.m3u8?servicetype=1&IASHttpSessionId=RR423820220409134714119178, From: subscribe, IPv_Type: ipv6, Location: 中国, ISP: 中国移动, Date: None, Delay: 0.1 ms, Speed: inf M/s, Resolution: 1920x1080
Name: 东南卫视, URL: http://[2409:8087:1e03:21::13]:6610/cms001/ch00000090990000001201/index.m3u8, From: subscribe, IPv_Type: ipv6, Location: 中国, ISP: 中国移动, Date: None, Delay: 0.1 ms, Speed: inf M/s, Resolution: 1920x1080
Name: 东南卫视, URL: http://[2409:8087:2001:20:2800:0:df6e:eb18]:80/wh7f454c46tw1460673280_696172443/ott.mobaibox.com/PLTV/3/224/3221227553/index.m3u8?icpid=3&RTS=1674381576&from=40&popid=40&hms_devid=2113&prioritypopid=40&vqe=3, From: subscribe, IPv_Type: ipv6, Location: 中国, ISP: 中国移动, Date: None, Delay: 0.1 ms, Speed: inf M/s, Resolution: 1920x1080
Name: 东南卫视, URL: http://[2409:8087:2001:20:2800:0:df6e:eb0b]:80/wh7f454c46tw1481870012_-1505625723/ott.mobaibox.com/PLTV/3/224/3221227670/index.m3u8?icpid=3&RTS=1674381597&from=40&popid=40&hms_devid=2038&prioritypopid=40&vqe=3, From: subscribe, IPv_Type: ipv6, Location: 中国, ISP: 中国移动, Date: None, Delay: 0.1 ms, Speed: inf M/s, Resolution: 1920x1080
Name: 东南卫视, URL: http://[2409:8087:2001:20:2800:0:df6e:eb0a]/ott.mobaibox.com/PLTV/3/224/3221227670/index.m3u8, From: subscribe, IPv_Type: ipv6, Location: 中国, ISP: 中国移动, Date: None, Delay: 0.1 ms, Speed: inf M/s, Resolution: 1920x1080
Name: 东南卫视, URL: http://[2409:8087:1e03:21::42]:6610/cms001/ch00000090990000001201/index.m3u8, From: subscribe, IPv_Type: ipv6, Location: 中国, ISP: 中国移动, Date: None, Delay: 0.1 ms, Speed: inf M/s, Resolution: 1920x1080
Name: 东南卫视, URL: http://[2409:8087:4c0a:22:1::11]:6410/170000001115/UmaiCHAN3540417BESTVSMGSMG/index.m3u8?m3u8_level=2, From: subscribe, IPv_Type: ipv6, Location: 中国, ISP: 中国移动, Date: None, Delay: 0.1 ms, Speed: inf M/s, Resolution: 1920x1080
Name: 东南卫视, URL: http://[2409:8087:5e01:34::38]:6610/ZTE_CMS/00000001000000060000000000000502/index.m3u8, From: subscribe, IPv_Type: ipv6, Location: 中国, ISP: 中国移动, Date: None, Delay: 0.1 ms, Speed: inf M/s, Resolution: 1920x1080
Name: 东南卫视, URL: http://[2409:8087:5e01:34::20]:6610/ZTE_CMS/00000001000000060000000000000502/index.m3u8?IAS, From: subscribe, IPv_Type: ipv6, Location: 中国, ISP: 中国移动, Date: None, Delay: 0.1 ms, Speed: inf M/s, Resolution: 1920x1080
Name: 东南卫视, URL: http://[2409:8087:5e01:34::22]:6610/ZTE_CMS/00000001000000060000000000000502/index.m3u8?IAS, From: subscribe, IPv_Type: ipv6, Location: 中国, ISP: 中国移动, Date: None, Delay: 0.1 ms, Speed: inf M/s, Resolution: 1920x1080
Name: 东南卫视, URL: http://[2409:8087:5e01:34::21]:6610/ZTE_CMS/00000001000000060000000000000502/index.m3u8?IAS, From: subscribe, IPv_Type: ipv6, Location: 中国, ISP: 中国移动, Date: None, Delay: 0.1 ms, Speed: inf M/s, Resolution: 1920x1080
Name: 东南卫视, URL: http://[2409:8087:5e01:34::23]:6610/ZTE_CMS/00000001000000060000000000000502/index.m3u8?IAS, From: subscribe, IPv_Type: ipv6, Location: 中国, ISP: 中国移动, Date: None, Delay: 0.1 ms, Speed: inf M/s, Resolution: 1920x1080
Name: 东南卫视, URL: http://[2409:8087:1e03:21::2]:6060/cms001/ch00000090990000001201/index.m3u8, From: subscribe, IPv_Type: ipv6, Location: 中国, ISP: 中国移动, Date: None, Delay: 0.1 ms, Speed: inf M/s, Resolution: 1920x1080
Name: 东南卫视, URL: http://[2409:8087:74f0:22::4]:6610/270000001128/9900000519/index.m3u8, From: subscribe, IPv_Type: ipv6, Location: 中国, ISP: 中国移动, Date: None, Delay: 0.1 ms, Speed: inf M/s, Resolution: 1920x1080
Name: 东南卫视, URL: http://[2409:8087:5e00:24::1e]:6060/200000001898/460000089800010096/1.m3u8, From: subscribe, IPv_Type: ipv6, Location: 中国, ISP: 中国移动, Date: None, Delay: 0.1 ms, Speed: inf M/s, Resolution: 1920x1080
Name: 东南卫视, URL: http://[2409:8087:3869:8021:1001::e5]:6610/PLTV/88888888/224/3221225657/2/index.m3u8, From: subscribe, IPv_Type: ipv6, Location: 中国, ISP: 中国移动, Date: None, Delay: -1 ms, Speed: 0.00 M/s, Resolution: None
Name: 东南卫视, URL: http://rrs01.hw.gmcc.net:8088/PLTV/81/224/3221226670/1.m3u8, From: subscribe, IPv_Type: ipv6, Location: 中国, ISP: 中国移动, Date: None, Delay: -1 ms, Speed: 0.00 M/s, Resolution: None
Name: 东南卫视, URL: https://mursor.ottiptv.cc/migu/849116810.m3u8?migutoken=014b95a53095818f8ad2a30cc3d3f67aa4b109c10b94458b5cad53ac8361f27208aa7a7a66bebce7220d50e66d3f80b5e74206d6ac47309504139232b4b79c22918f04eba66a5404c48ca4767d, From: subscribe, IPv_Type: ipv6, Location: 美国-加利福尼亚州-圣克拉拉, ISP: DigitalOcean, Date: None, Delay: -1 ms, Speed: 0.00 M/s, Resolution: None
Name: 东南卫视, URL: http://[2409:8087:5e08:25::16]:6610/200000001898/460000089800010096/1.m3u8, From: subscribe, IPv_Type: ipv6, Location: 中国, ISP: 中国移动, Date: None, Delay: -1 ms, Speed: 0.00 M/s, Resolution: None
Name: 东南卫视, URL: https://migu.188766.xyz/?migutoken=6203c5090e46a900c2d98d90fea1af50&id=dnws_hd&type=sz, From: subscribe, IPv_Type: ipv6, Location: 美国, ISP: CloudFlare Inc., Date: None, Delay: -1 ms, Speed: 0.00 M/s, Resolution: None
Name: 东南卫视, URL: https://cc06.tv12.xyz/38.m3u8, From: subscribe, IPv_Type: ipv6, Location: 美国, ISP: CloudFlare Inc., Date: None, Delay: -1 ms, Speed: 0.00 M/s, Resolution: None
Name: 东南卫视, URL: https://shyd.695847.xyz/cms001/ch00000090990000001201/index.m3u8?IASHttpSessionId=RR4967720251014100028031761&ispcode=12, From: subscribe, IPv_Type: ipv6, Location: 美国, ISP: CloudFlare Inc., Date: None, Delay: -1 ms, Speed: 0.00 M/s, Resolution: None
Name: 东南卫视, URL: https://live.chinacert.cftest5.cn/mg/?id=849116810, From: subscribe, IPv_Type: ipv6, Location: 中国, ISP: 中国移动, Date: None, Delay: -1 ms, Speed: 0.00 M/s, Resolution: None
Name: 东南卫视, URL: https://iptv.catvod.com/live.php?id=%E4%B8%9C%E5%8D%97%E5%8D%AB%E8%A7%86%E5%8F%B0, From: subscribe, IPv_Type: ipv6, Location: 美国, ISP: CloudFlare Inc., Date: None, Delay: -1 ms, Speed: 0.00 M/s, Resolution: None
Name: 甘肃卫视, URL: http://live.zohi.tv/video/s10001-fztv-3/index.m3u8, From: subscribe, IPv_Type: ipv6, Location: 中国, ISP: 中国电信, Date: None, Delay: 0.1 ms, Speed: inf M/s, Resolution: 1920x1080
Name: 甘肃卫视, URL: http://php.jdshipin.com/TVOD/hnyd.php?id=200000001898/460000089800010098, From: subscribe, IPv_Type: ipv6, Location: 美国, ISP: CloudFlare Inc., Date: None, Delay: 0.1 ms, Speed: inf M/s, Resolution: 1920x1080
Name: 甘肃卫视, URL: http://z.b.bkpcp.top/m.php?id=gsws, From: subscribe, IPv_Type: ipv6, Location: 美国, ISP: CloudFlare Inc., Date: None, Delay: 0.1 ms, Speed: inf M/s, Resolution: 1920x1080
Name: 甘肃卫视, URL: http://goo.bkpcp.top/mg/gsws, From: subscribe, IPv_Type: ipv6, Location: 美国, ISP: CloudFlare Inc., Date: None, Delay: 0.1 ms, Speed: inf M/s, Resolution: 1920x1080
Name: 甘肃卫视, URL: http://dsj.motem.top:8880/bptv/10000100000000050000000003887450.m3u8, From: subscribe, IPv_Type: ipv6, Location: 美国, ISP: CloudFlare Inc., Date: None, Delay: 0.1 ms, Speed: inf M/s, Resolution: 1920x1080
Name: 甘肃卫视, URL: http://[2409:8c02:21c:60::2b]/live.rxip.sc96655.com/live/gsws_4000.m3u8, From: subscribe, IPv_Type: ipv6, Location: 中国, ISP: 中国移动, Date: None, Delay: 0.1 ms, Speed: inf M/s, Resolution: 1920x1080
Name: 甘肃卫视, URL: http://[2409:8087:3428:20:500::100f]:6610/PLTV/88888888/224/3221225845/index.m3u8?servicetype=1&IASHttpSessionId=RR423820220409134714119178, From: subscribe, IPv_Type: ipv6, Location: 中国, ISP: 中国移动, Date: None, Delay: 0.1 ms, Speed: inf M/s, Resolution: 1920x1080
Name: 甘肃卫视, URL: http://[2409:8087:3428:20:500::1009]:6610/PLTV/88888888/224/3221225845/index.m3u8?servicetype=1&IASHttpSessionId=RR423820220409134714119178, From: subscribe, IPv_Type: ipv6, Location: 中国, ISP: 中国移动, Date: None, Delay: 0.1 ms, Speed: inf M/s, Resolution: 1920x1080
Name: 甘肃卫视, URL: http://[2409:8087:2001:20:2800:0:df6e:eb1b]:80/wh7f454c46tw1625690606_1267463833/ott.mobaibox.com/PLTV/3/224/3221227568/index.m3u8?icpid=3&RTS=1674377446&from=40&popid=40&hms_devid=2116&prioritypopid=40&vqe=3, From: subscribe, IPv_Type: ipv6, Location: 中国, ISP: 中国移动, Date: None, Delay: 0.1 ms, Speed: inf M/s, Resolution: 1920x1080
Name: 甘肃卫视, URL: http://[2409:8087:2001:20:2800:0:df6e:eb1a]/ott.mobaibox.com/PLTV/3/224/3221227568/index.m3u8, From: subscribe, IPv_Type: ipv6, Location: 中国, ISP: 中国移动, Date: None, Delay: 0.1 ms, Speed: inf M/s, Resolution: 1920x1080
Name: 甘肃卫视, URL: http://nas.suntao.online:35455/itv/5000000011000031121.m3u8?cdn=bestzb, From: subscribe, IPv_Type: ipv6, Location: 中国, ISP: 中国联通, Date: None, Delay: 0.1 ms, Speed: inf M/s, Resolution: 1920x1080
Name: 甘肃卫视, URL: http://[2409:8087:1e03:21::42]:6610/cms001/ch00000090990000001298/index.m3u8, From: subscribe, IPv_Type: ipv6, Location: 中国, ISP: 中国移动, Date: None, Delay: 0.1 ms, Speed: inf M/s, Resolution: 1920x1080
Name: 甘肃卫视, URL: http://[2409:8087:74F1:0021::0008]:80/270000001322/69900158041111100000002160/index.m3u8, From: subscribe, IPv_Type: ipv6, Location: 中国, ISP: 中国移动, Date: None, Delay: 0.1 ms, Speed: inf M/s, Resolution: 1920x1080
Name: 甘肃卫视, URL: http://[2409:8087:74f0:22::5]:6410/270000001128/9900000023/index.m3u8, From: subscribe, IPv_Type: ipv6, Location: 中国, ISP: 中国移动, Date: None, Delay: 0.1 ms, Speed: inf M/s, Resolution: 1920x1080
Name: 甘肃卫视, URL: http://[2409:8087:74f0:22::7]:6410/270000001111/1110000322/index.m3u8, From: subscribe, IPv_Type: ipv6, Location: 中国, ISP: 中国移动, Date: None, Delay: 0.1 ms, Speed: inf M/s, Resolution: 1920x1080
Name: 甘肃卫视, URL: http://[2409:8087:5e00:24::1e]:6060/200000001898/460000089800010098/1.m3u8, From: subscribe, IPv_Type: ipv6, Location: 中国, ISP: 中国移动, Date: None, Delay: 0.1 ms, Speed: inf M/s, Resolution: 1920x1080
Name: 甘肃卫视, URL: http://[2409:8087:3869:8021:1001::e5]:6610/PLTV/88888888/224/3221225724/2/index.m3u8, From: subscribe, IPv_Type: ipv6, Location: 中国, ISP: 中国移动, Date: None, Delay: -1 ms, Speed: 0.00 M/s, Resolution: None
Name: 甘肃卫视, URL: http://rrs01.hw.gmcc.net:8088/PLTV/81/224/3221226662/1.m3u8, From: subscribe, IPv_Type: ipv6, Location: 中国, ISP: 中国移动, Date: None, Delay: -1 ms, Speed: 0.00 M/s, Resolution: None
Name: 甘肃卫视, URL: http://[2409:8087:5e08:25::16]:6610/200000001898/460000089800010098/1.m3u8, From: subscribe, IPv_Type: ipv6, Location: 中国, ISP: 中国移动, Date: None, Delay: -1 ms, Speed: 0.00 M/s, Resolution: None
Name: 甘肃卫视, URL: https://mursor.ottiptv.cc/mcp/gansu.m3u8, From: subscribe, IPv_Type: ipv6, Location: 美国, ISP: Oracle Corporation, Date: None, Delay: -1 ms, Speed: 0.00 M/s, Resolution: None
Name: 甘肃卫视, URL: https://migu.188766.xyz/?migutoken=8f7cae08dda18de121b154a4ad15641c&id=gsws&type=sz, From: subscribe, IPv_Type: ipv6, Location: 美国, ISP: CloudFlare Inc., Date: None, Delay: -1 ms, Speed: 0.00 M/s, Resolution: None
Name: 甘肃卫视, URL: https://cc06.tv12.xyz/44.m3u8, From: subscribe, IPv_Type: ipv6, Location: 美国, ISP: CloudFlare Inc., Date: None, Delay: -1 ms, Speed: 0.00 M/s, Resolution: None
Name: 甘肃卫视, URL: https://shyd.695847.xyz/cms001/ch00000090990000001298/index.m3u8?IASHttpSessionId=RR4967720251014100028031761&ispcode=12, From: subscribe, IPv_Type: ipv6, Location: 美国, ISP: CloudFlare Inc., Date: None, Delay: -1 ms, Speed: 0.00 M/s, Resolution: None
Name: 甘肃卫视, URL: https://iptv.catvod.com/live.php?id=%E7%94%98%E8%82%83%E5%8D%AB%E8%A7%86%E5%8F%B0, From: subscribe, IPv_Type: ipv6, Location: 美国, ISP: CloudFlare Inc., Date: None, Delay: -1 ms, Speed: 0.00 M/s, Resolution: None
Name: 广西卫视, URL: http://php.jdshipin.com/TVOD/hljyd.php?id=3221226549, From: subscribe, IPv_Type: ipv6, Location: 美国, ISP: CloudFlare Inc., Date: None, Delay: 0.1 ms, Speed: inf M/s, Resolution: 1920x1080
Name: 广西卫视, URL: http://z.b.bkpcp.top/m.php?id=gxws, From: subscribe, IPv_Type: ipv6, Location: 美国, ISP: CloudFlare Inc., Date: None, Delay: 0.1 ms, Speed: inf M/s, Resolution: 1920x1080
Name: 广西卫视, URL: https://mobilelive.gxtv.cn/live/gx_live1004/playlist.m3u8, From: subscribe, IPv_Type: ipv6, Location: 中国-广东-佛山, ISP: 电信, Date: None, Delay: 0.1 ms, Speed: inf M/s, Resolution: 1920x1080
Name: 广西卫视, URL: http://goo.bkpcp.top/mg/gxws, From: subscribe, IPv_Type: ipv6, Location: 美国, ISP: CloudFlare Inc., Date: None, Delay: 0.1 ms, Speed: inf M/s, Resolution: 1920x1080
Name: 广西卫视, URL: http://live.cztv.cc:85/live/ggpd.m3u8, From: subscribe, IPv_Type: ipv6, Location: 中国, ISP: 中国电信, Date: None, Delay: 0.1 ms, Speed: inf M/s, Resolution: 1920x1080
Name: 广西卫视, URL: https://hlscdn.liangtv.cn/live/de0f97348eb84f62aa6b7d8cf0430770/dd505d87880c478f901f38560ca4d4e6.m3u8, From: subscribe, IPv_Type: ipv6, Location: 中国-江苏-扬州, ISP: 电信, Date: None, Delay: 0.1 ms, Speed: inf M/s, Resolution: 1920x1080
Name: 广西卫视, URL: http://[2409:8087:1a01:df::4047]:80/TVOD/88888888/224/3221226091/main.m3u8, From: subscribe, IPv_Type: ipv6, Location: 中国, ISP: 中国移动, Date: None, Delay: 0.1 ms, Speed: inf M/s, Resolution: 1920x1080
Name: 广西卫视, URL: https://smart.pendy.dpdns.org/Smart.php?id=guangxi, From: subscribe, IPv_Type: ipv6, Location: 美国, ISP: CloudFlare Inc., Date: None, Delay: 0.1 ms, Speed: inf M/s, Resolution: 1920x1080
Name: 广西卫视, URL: http://dsj.motem.top:8880/bptv/10000100000000050000000003887394.m3u8, From: subscribe, IPv_Type: ipv6, Location: 美国, ISP: CloudFlare Inc., Date: None, Delay: 0.1 ms, Speed: inf M/s, Resolution: 1920x1080
Name: 广西卫视, URL: http://[2409:8087:2001:20:2800:0:df6e:eb1a]:80/wh7f454c46tw1546067216_-1703904154/ott.mobaibox.com/PLTV/3/224/3221228183/index.m3u8?icpid=3&RTS=1674385956&from=40&popid=40&hms_devid=2116&prioritypopid=40&vqe=3, From: subscribe, IPv_Type: ipv6, Location: 中国, ISP: 中国移动, Date: None, Delay: 0.1 ms, Speed: inf M/s, Resolution: 1920x1080
Name: 广西卫视, URL: http://[2409:8087:2001:20:2800:0:df6e:eb04]:80/ott.mobaibox.com/PLTV/4/224/3221228183/index.m3u8, From: subscribe, IPv_Type: ipv6, Location: 中国, ISP: 中国移动, Date: None, Delay: 0.1 ms, Speed: inf M/s, Resolution: 1920x1080
Name: 广西卫视, URL: http://[2409:8087:1e03:21::2]:6060/cms001/ch00000090990000001224/index.m3u8, From: subscribe, IPv_Type: ipv6, Location: 中国, ISP: 中国移动, Date: None, Delay: 0.1 ms, Speed: inf M/s, Resolution: 1920x1080
Name: 广西卫视, URL: http://[2409:8087:3428:20:500::100f]:6610/PLTV/88888888/224/3221227250/index.m3u8?servicetype=1&IASHttpSessionId=RR423820220409134714119178, From: subscribe, IPv_Type: ipv6, Location: 中国, ISP: 中国移动, Date: None, Delay: 0.1 ms, Speed: inf M/s, Resolution: 1920x1080
Name: 广西卫视, URL: http://nas.suntao.online:35455/itv/5000000011000031118.m3u8?cdn=bestzb, From: subscribe, IPv_Type: ipv6, Location: 中国, ISP: 中国联通, Date: None, Delay: 0.1 ms, Speed: inf M/s, Resolution: 1920x1080
Name: 广西卫视, URL: http://[2409:8087:3428:20:500::1009]:6610/PLTV/88888888/224/3221225836/index.m3u8?servicetype=1&IASHttpSessionId=RR423820220409134714119178, From: subscribe, IPv_Type: ipv6, Location: 中国, ISP: 中国移动, Date: None, Delay: 0.1 ms, Speed: inf M/s, Resolution: 1920x1080
Name: 广西卫视, URL: http://[2409:8087:2001:20:2800:0:df6e:eb05]/ott.mobaibox.com/PLTV/3/224/3221228183/index.m3u8, From: subscribe, IPv_Type: ipv6, Location: 中国, ISP: 中国移动, Date: None, Delay: 0.1 ms, Speed: inf M/s, Resolution: 1920x1080
Name: 广西卫视, URL: http://[2409:8087:1e03:21::42]:6610/cms001/ch00000090990000001224/index.m3u8, From: subscribe, IPv_Type: ipv6, Location: 中国, ISP: 中国移动, Date: None, Delay: 0.1 ms, Speed: inf M/s, Resolution: 1920x1080
Name: 广西卫视, URL: http://[2409:8087:4c0a:22:1::11]:6410/170000001115/UmaiCHAN5000045BESTVSMGSMG/index.m3u8?m3u8_level=2, From: subscribe, IPv_Type: ipv6, Location: 中国, ISP: 中国移动, Date: None, Delay: 0.1 ms, Speed: inf M/s, Resolution: 1920x1080
Name: 广西卫视, URL: https://live.v1.mk/api/bestv.php?id=gxwshd8m/8000000, From: subscribe, IPv_Type: ipv6, Location: 美国, ISP: CloudFlare Inc., Date: None, Delay: 0.1 ms, Speed: inf M/s, Resolution: 1920x1080
Name: 广西卫视, URL: http://[2409:8087:74f0:22::7]:6410/270000001128/9900000034/index.m3u8, From: subscribe, IPv_Type: ipv6, Location: 中国, ISP: 中国移动, Date: None, Delay: 0.1 ms, Speed: inf M/s, Resolution: 1920x1080
Name: 广西卫视, URL: http://[2409:8087:5e00:24::1e]:6060/200000001898/460000089800010099/1.m3u8, From: subscribe, IPv_Type: ipv6, Location: 中国, ISP: 中国移动, Date: None, Delay: 0.1 ms, Speed: inf M/s, Resolution: 1920x1080
Name: 广西卫视, URL: http://[2409:8087:3869:8021:1001::e5]:6610/PLTV/88888888/224/3221225731/2/index.m3u8, From: subscribe, IPv_Type: ipv6, Location: 中国, ISP: 中国移动, Date: None, Delay: 0.1 ms, Speed: inf M/s, Resolution: 1920x1080
Name: 广西卫视, URL: http://rrs01.hw.gmcc.net:8088/PLTV/81/224/3221226681/1.m3u8, From: subscribe, IPv_Type: ipv6, Location: 中国, ISP: 中国移动, Date: None, Delay: -1 ms, Speed: 0.00 M/s, Resolution: None
Name: 广西卫视, URL: http://[2409:8087:5e08:25::16]:6610/200000001898/460000089800010099/1.m3u8, From: subscribe, IPv_Type: ipv6, Location: 中国, ISP: 中国移动, Date: None, Delay: -1 ms, Speed: 0.00 M/s, Resolution: None
Name: 广西卫视, URL: https://mursor.ottiptv.cc/mcp/guangxi.m3u8, From: subscribe, IPv_Type: ipv6, Location: 美国, ISP: Oracle Corporation, Date: None, Delay: -1 ms, Speed: 0.00 M/s, Resolution: None
Name: 广西卫视, URL: https://migu.188766.xyz/?migutoken=c21182f55bd387d89ef6f64cf26a4366&id=gxws&type=sz, From: subscribe, IPv_Type: ipv6, Location: 美国, ISP: CloudFlare Inc., Date: None, Delay: -1 ms, Speed: 0.00 M/s, Resolution: None
Name: 广西卫视, URL: https://cc06.tv12.xyz/46.m3u8, From: subscribe, IPv_Type: ipv6, Location: 美国, ISP: CloudFlare Inc., Date: None, Delay: -1 ms, Speed: 0.00 M/s, Resolution: None
Name: 广西卫视, URL: https://iptv.catvod.com/live.php?id=%E5%B9%BF%E8%A5%BF%E5%8D%AB%E8%A7%86%E5%8F%B0, From: subscribe, IPv_Type: ipv6, Location: 美国, ISP: CloudFlare Inc., Date: None, Delay: -1 ms, Speed: 0.00 M/s, Resolution: None
Name: 广西卫视, URL: https://shyd.695847.xyz/cms001/ch00000090990000001224/index.m3u8?IASHttpSessionId=RR4967720251014100028031761&ispcode=12, From: subscribe, IPv_Type: ipv6, Location: 美国, ISP: CloudFlare Inc., Date: None, Delay: -1 ms, Speed: 0.00 M/s, Resolution: None
Name: 贵州卫视, URL: http://php.jdshipin.com/TVOD/hljyd.php?id=3221226474, From: subscribe, IPv_Type: ipv6, Location: 美国, ISP: CloudFlare Inc., Date: None, Delay: 0.1 ms, Speed: inf M/s, Resolution: 1920x1080
Name: 贵州卫视, URL: http://z.b.bkpcp.top/m.php?id=gzws, From: subscribe, IPv_Type: ipv6, Location: 美国, ISP: CloudFlare Inc., Date: None, Delay: 0.1 ms, Speed: inf M/s, Resolution: 1920x1080
Name: 贵州卫视, URL: http://goo.bkpcp.top/mg/gzws, From: subscribe, IPv_Type: ipv6, Location: 美国, ISP: CloudFlare Inc., Date: None, Delay: 0.1 ms, Speed: inf M/s, Resolution: 1920x1080
Name: 贵州卫视, URL: http://[2409:8087:1a01:df::4030]:80/TVOD/88888888/224/3221225974/main.m3u8, From: subscribe, IPv_Type: ipv6, Location: 中国, ISP: 中国移动, Date: None, Delay: 0.1 ms, Speed: inf M/s, Resolution: 1920x1080
Name: 贵州卫视, URL: http://dsj.motem.top:8880/bptv/10000100000000050000000003873471.m3u8, From: subscribe, IPv_Type: ipv6, Location: 美国, ISP: CloudFlare Inc., Date: None, Delay: 0.1 ms, Speed: inf M/s, Resolution: 1920x1080
Name: 贵州卫视, URL: http://[2409:8087:2001:20:2800:0:df6e:eb09]:80/ott.mobaibox.com/PLTV/4/224/3221228136/index.m3u8, From: subscribe, IPv_Type: ipv6, Location: 中国, ISP: 中国移动, Date: None, Delay: 0.1 ms, Speed: inf M/s, Resolution: 1920x1080
Name: 贵州卫视, URL: http://[2409:8087:3428:20:500::100f]:6610/PLTV/88888888/224/3221227201/index.m3u8?servicetype=1&IASHttpSessionId=RR423820220409134714119178, From: subscribe, IPv_Type: ipv6, Location: 中国, ISP: 中国移动, Date: None, Delay: 0.1 ms, Speed: inf M/s, Resolution: 1920x1080
Name: 贵州卫视, URL: http://nas.suntao.online:35455/itv/5000000004000025843.m3u8?cdn=bestzb, From: subscribe, IPv_Type: ipv6, Location: 中国, ISP: 中国联通, Date: None, Delay: 0.1 ms, Speed: inf M/s, Resolution: 1920x1080
Name: 贵州卫视, URL: http://[2409:8087:3428:20:500::1009]:6610/PLTV/88888888/224/3221227201/index.m3u8?servicetype=1&IASHttpSessionId=RR423820220409134714119178, From: subscribe, IPv_Type: ipv6, Location: 中国, ISP: 中国移动, Date: None, Delay: 0.1 ms, Speed: inf M/s, Resolution: 1920x1080
Name: 贵州卫视, URL: http://[2409:8087:2001:20:2800:0:df6e:eb08]/ott.mobaibox.com/PLTV/3/224/3221228136/index.m3u8, From: subscribe, IPv_Type: ipv6, Location: 中国, ISP: 中国移动, Date: None, Delay: 0.1 ms, Speed: inf M/s, Resolution: 1920x1080
Name: 贵州卫视, URL: http://[2409:8087:1e03:21::42]:6610/cms001/ch00000090990000001184/index.m3u8, From: subscribe, IPv_Type: ipv6, Location: 中国, ISP: 中国移动, Date: None, Delay: 0.1 ms, Speed: inf M/s, Resolution: 1920x1080
Name: 贵州卫视, URL: http://[2409:8087:5e01:34::38]:6610/ZTE_CMS/00000001000000060000000000000489/index.m3u8, From: subscribe, IPv_Type: ipv6, Location: 中国, ISP: 中国移动, Date: None, Delay: 0.1 ms, Speed: inf M/s, Resolution: 1920x1080
Name: 贵州卫视, URL: http://[2409:8087:5e00:24::1f]:6060/ZTE_CMS/00000001000000060000000000000489/index.m3u8, From: subscribe, IPv_Type: ipv6, Location: 中国, ISP: 中国移动, Date: None, Delay: 0.1 ms, Speed: inf M/s, Resolution: 1920x1080
Name: 贵州卫视, URL: http://[2409:8087:5e01:34::23]:6610/ZTE_CMS/00000001000000060000000000000489/index.m3u8?IAS, From: subscribe, IPv_Type: ipv6, Location: 中国, ISP: 中国移动, Date: None, Delay: 0.1 ms, Speed: inf M/s, Resolution: 1920x1080
Name: 贵州卫视, URL: http://[2409:8087:4c0a:22:1::11]:6410/170000001115/UmaiCHAN4252663BESTVSMGSMG9/index.m3u8?m3u8_level=2, From: subscribe, IPv_Type: ipv6, Location: 中国, ISP: 中国移动, Date: None, Delay: 0.1 ms, Speed: inf M/s, Resolution: 1920x1080
Name: 贵州卫视, URL: http://[2409:8087:5e01:34::21]:6610/ZTE_CMS/00000001000000060000000000000489/index.m3u8?IAS, From: subscribe, IPv_Type: ipv6, Location: 中国, ISP: 中国移动, Date: None, Delay: 0.1 ms, Speed: inf M/s, Resolution: 1920x1080
Name: 贵州卫视, URL: http://[2409:8087:5e01:34::22]:6610/ZTE_CMS/00000001000000060000000000000489/index.m3u8?IAS, From: subscribe, IPv_Type: ipv6, Location: 中国, ISP: 中国移动, Date: None, Delay: 0.1 ms, Speed: inf M/s, Resolution: 1920x1080
Name: 贵州卫视, URL: http://[2409:8087:5e01:34::20]:6610/ZTE_CMS/00000001000000060000000000000489/index.m3u8?IAS, From: subscribe, IPv_Type: ipv6, Location: 中国, ISP: 中国移动, Date: None, Delay: 0.1 ms, Speed: inf M/s, Resolution: 1920x1080
Name: 贵州卫视, URL: http://[2409:8087:1e03:21::2]:6060/cms001/ch00000090990000001184/index.m3u8, From: subscribe, IPv_Type: ipv6, Location: 中国, ISP: 中国移动, Date: None, Delay: 0.1 ms, Speed: inf M/s, Resolution: 1920x1080
Name: 贵州卫视, URL: http://[2409:8087:2001:20:2800:0:df6e:eb1b]:80/wh7f454c46tw1568871343_-998620180/ott.mobaibox.com/PLTV/3/224/3221227551/index.m3u8?icpid=3&RTS=1674385979&from=40&popid=40&hms_devid=2116&prioritypopid=40&vqe=3, From: subscribe, IPv_Type: ipv6, Location: 中国, ISP: 中国移动, Date: None, Delay: 0.1 ms, Speed: inf M/s, Resolution: 1920x1080
Name: 贵州卫视, URL: http://[2409:8087:74f0:22::7]:6410/270000001128/9900000036/index.m3u8, From: subscribe, IPv_Type: ipv6, Location: 中国, ISP: 中国移动, Date: None, Delay: 0.1 ms, Speed: inf M/s, Resolution: 1920x1080
Name: 贵州卫视, URL: http://[2409:8087:5e00:24::1e]:6060/200000001898/460000089800010100/1.m3u8, From: subscribe, IPv_Type: ipv6, Location: 中国, ISP: 中国移动, Date: None, Delay: 0.1 ms, Speed: inf M/s, Resolution: 1920x1080
Name: 贵州卫视, URL: http://[2409:8087:3869:8021:1001::e5]:6610/PLTV/88888888/224/3221225483/2/index.m3u8, From: subscribe, IPv_Type: ipv6, Location: 中国, ISP: 中国移动, Date: None, Delay: -1 ms, Speed: 0.00 M/s, Resolution: None
Name: 贵州卫视, URL: http://rrs01.hw.gmcc.net:8088/PLTV/81/224/3221226672/1.m3u8, From: subscribe, IPv_Type: ipv6, Location: 中国, ISP: 中国移动, Date: None, Delay: -1 ms, Speed: 0.00 M/s, Resolution: None
Name: 贵州卫视, URL: http://lu.wqwqwq.sbs/itv/5000000004000025843.m3u8?cdn=bestzb, From: subscribe, IPv_Type: ipv6, Location: 美国, ISP: CloudFlare Inc., Date: None, Delay: -1 ms, Speed: 0.00 M/s, Resolution: None
Name: 贵州卫视, URL: http://[2409:8087:5e08:25::16]:6610/200000001898/460000089800010100/1.m3u8, From: subscribe, IPv_Type: ipv6, Location: 中国, ISP: 中国移动, Date: None, Delay: -1 ms, Speed: 0.00 M/s, Resolution: None
Name: 贵州卫视, URL: https://mursor.ottiptv.cc/mcp/guizhou.m3u8, From: subscribe, IPv_Type: ipv6, Location: 美国, ISP: Oracle Corporation, Date: None, Delay: -1 ms, Speed: 0.00 M/s, Resolution: None
Name: 贵州卫视, URL: https://migu.188766.xyz/?migutoken=73188353f5172edc44798a776775751a&id=gzws&type=sz, From: subscribe, IPv_Type: ipv6, Location: 美国, ISP: CloudFlare Inc., Date: None, Delay: -1 ms, Speed: 0.00 M/s, Resolution: None
Name: 贵州卫视, URL: https://cc06.tv12.xyz/48.m3u8, From: subscribe, IPv_Type: ipv6, Location: 美国, ISP: CloudFlare Inc., Date: None, Delay: -1 ms, Speed: 0.00 M/s, Resolution: None
Name: 贵州卫视, URL: https://jzb.wwkejishe.top/?id=619, From: subscribe, IPv_Type: ipv6, Location: 美国, ISP: CloudFlare Inc., Date: None, Delay: -1 ms, Speed: 0.00 M/s, Resolution: None
Name: 贵州卫视, URL: https://iptv.catvod.com/live.php?id=%E8%B4%B5%E5%B7%9E%E5%8D%AB%E8%A7%86%E5%8F%B0, From: subscribe, IPv_Type: ipv6, Location: 美国, ISP: CloudFlare Inc., Date: None, Delay: -1 ms, Speed: 0.00 M/s, Resolution: None
Name: 贵州卫视, URL: https://shyd.695847.xyz/cms001/ch00000090990000001184/index.m3u8?IASHttpSessionId=RR4967720251014100028031761&ispcode=12, From: subscribe, IPv_Type: ipv6, Location: 美国, ISP: CloudFlare Inc., Date: None, Delay: -1 ms, Speed: 0.00 M/s, Resolution: None
Name: 海南卫视, URL: http://php.jdshipin.com/TVOD/hnyd.php?id=200000001898/460000089800010083, From: subscribe, IPv_Type: ipv6, Location: 美国, ISP: CloudFlare Inc., Date: None, Delay: 0.1 ms, Speed: inf M/s, Resolution: 1920x1080
Name: 海南卫视, URL: http://z.b.bkpcp.top/m.php?id=hinws, From: subscribe, IPv_Type: ipv6, Location: 美国, ISP: CloudFlare Inc., Date: None, Delay: 0.1 ms, Speed: inf M/s, Resolution: 1920x1080
Name: 海南卫视, URL: http://goo.bkpcp.top/mg/hinws, From: subscribe, IPv_Type: ipv6, Location: 美国, ISP: CloudFlare Inc., Date: None, Delay: 0.1 ms, Speed: inf M/s, Resolution: 1920x1080
Name: 海南卫视, URL: http://dsj.motem.top:8880/bptv/10000100000000050000000004796877.m3u8, From: subscribe, IPv_Type: ipv6, Location: 美国, ISP: CloudFlare Inc., Date: None, Delay: 0.1 ms, Speed: inf M/s, Resolution: 1920x1080
Name: 海南卫视, URL: http://[2409:8087:2001:20:2800:0:df6e:eb09]:80/ott.mobaibox.com/PLTV/4/224/3221228139/index.m3u8, From: subscribe, IPv_Type: ipv6, Location: 中国, ISP: 中国移动, Date: None, Delay: 0.1 ms, Speed: inf M/s, Resolution: 1920x1080
Name: 海南卫视, URL: http://[2409:8087:1e03:21::2]:6060/cms001/ch00000090990000001183/index.m3u8, From: subscribe, IPv_Type: ipv6, Location: 中国, ISP: 中国移动, Date: None, Delay: 0.1 ms, Speed: inf M/s, Resolution: 1920x1080
Name: 海南卫视, URL: http://[2409:8087:3428:20:500::100f]:6610/PLTV/88888888/224/3221225855/index.m3u8?servicetype=1&IASHttpSessionId=RR423820220409134714119178, From: subscribe, IPv_Type: ipv6, Location: 中国, ISP: 中国移动, Date: None, Delay: 0.1 ms, Speed: inf M/s, Resolution: 1920x1080
Name: 海南卫视, URL: http://[2409:8087:3428:20:500::1009]:6610/PLTV/88888888/224/3221225855/index.m3u8?servicetype=1&IASHttpSessionId=RR423820220409134714119178, From: subscribe, IPv_Type: ipv6, Location: 中国, ISP: 中国移动, Date: None, Delay: 0.1 ms, Speed: inf M/s, Resolution: 1920x1080
Name: 海南卫视, URL: http://nas.suntao.online:35455/itv/5000000004000006211.m3u8?cdn=bestzb, From: subscribe, IPv_Type: ipv6, Location: 中国, ISP: 中国联通, Date: None, Delay: 0.1 ms, Speed: inf M/s, Resolution: 1920x1080
Name: 海南卫视, URL: http://[2409:8087:2001:20:2800:0:df6e:eb08]/wh7f454c46tw2843123663_1489055229/ott.mobaibox.com/PLTV/3/224/3221228139/index.m3u8?icpid=3&RTS=1669701444&from=40&popid=40&hms_devid=2037&prioritypopid=40&vqe=3, From: subscribe, IPv_Type: ipv6, Location: 中国, ISP: 中国移动, Date: None, Delay: 0.1 ms, Speed: inf M/s, Resolution: 1920x1080
Name: 海南卫视, URL: http://[2409:8087:1e03:21::11]:6610/cms001/ch00000090990000001183/index.m3u8, From: subscribe, IPv_Type: ipv6, Location: 中国, ISP: 中国移动, Date: None, Delay: 0.1 ms, Speed: inf M/s, Resolution: 1920x1080
Name: 海南卫视, URL: http://[2409:8087:2001:20:2800:0:df6e:eb05]:80/wh7f454c46tw1760762625_-423271938/ott.mobaibox.com/PLTV/3/224/3221228101/index.m3u8?icpid=3&RTS=1674386171&from=40&popid=40&hms_devid=2041&prioritypopid=40&vqe=3, From: subscribe, IPv_Type: ipv6, Location: 中国, ISP: 中国移动, Date: None, Delay: 0.1 ms, Speed: inf M/s, Resolution: 1920x1080
Name: 海南卫视, URL: http://[2409:8087:1e03:21::42]:6610/cms001/ch00000090990000001183/index.m3u8, From: subscribe, IPv_Type: ipv6, Location: 中国, ISP: 中国移动, Date: None, Delay: 0.1 ms, Speed: inf M/s, Resolution: 1920x1080
Name: 海南卫视, URL: http://[2409:8087:4c0a:22:1::11]:6410/170000001115/UmaiCHAN4252684BESTVSMGSMG9/index.m3u8?m3u8_level=2, From: subscribe, IPv_Type: ipv6, Location: 中国, ISP: 中国移动, Date: None, Delay: 0.1 ms, Speed: inf M/s, Resolution: 1920x1080
Name: 海南卫视, URL: http://[2409:8087:5e01:34::38]:6610/ZTE_CMS/00000001000000060000000000000262/index.m3u8?, From: subscribe, IPv_Type: ipv6, Location: 中国, ISP: 中国移动, Date: None, Delay: 0.1 ms, Speed: inf M/s, Resolution: 1920x1080
Name: 海南卫视, URL: http://[2409:8087:5e01:34::20]:6610/ZTE_CMS/00000001000000060000000000000262/index.m3u8?IAS, From: subscribe, IPv_Type: ipv6, Location: 中国, ISP: 中国移动, Date: None, Delay: 0.1 ms, Speed: inf M/s, Resolution: 1920x1080
Name: 海南卫视, URL: http://[2409:8087:5e01:34::21]:6610/ZTE_CMS/00000001000000060000000000000262/index.m3u8?IAS, From: subscribe, IPv_Type: ipv6, Location: 中国, ISP: 中国移动, Date: None, Delay: 0.1 ms, Speed: inf M/s, Resolution: 1920x1080
Name: 海南卫视, URL: http://[2409:8087:5e01:34::22]:6610/ZTE_CMS/00000001000000060000000000000262/index.m3u8?IAS, From: subscribe, IPv_Type: ipv6, Location: 中国, ISP: 中国移动, Date: None, Delay: 0.1 ms, Speed: inf M/s, Resolution: 1920x1080
Name: 海南卫视, URL: http://[2409:8087:5e01:34::23]:6610/ZTE_CMS/00000001000000060000000000000262/index.m3u8?IAS, From: subscribe, IPv_Type: ipv6, Location: 中国, ISP: 中国移动, Date: None, Delay: 0.1 ms, Speed: inf M/s, Resolution: 1920x1080
Name: 海南卫视, URL: http://live.wqwqwq.sbs/itv/5000000004000006211.m3u8?cdn=bestzb, From: subscribe, IPv_Type: ipv6, Location: 美国, ISP: CloudFlare Inc., Date: None, Delay: 0.1 ms, Speed: inf M/s, Resolution: 1920x1080
Name: 海南卫视, URL: http://[2409:8087:74f0:22::7]:6410/270000001128/9900000037/index.m3u8, From: subscribe, IPv_Type: ipv6, Location: 中国, ISP: 中国移动, Date: None, Delay: 0.1 ms, Speed: inf M/s, Resolution: 1920x1080
Name: 海南卫视, URL: http://[2409:8087:3869:8021:1001::e5]:6610/PLTV/88888888/224/3221225722/2/index.m3u8, From: subscribe, IPv_Type: ipv6, Location: 中国, ISP: 中国移动, Date: None, Delay: -1 ms, Speed: 0.00 M/s, Resolution: None
Name: 海南卫视, URL: http://rrs01.hw.gmcc.net:8088/PLTV/81/224/3221226679/1.m3u8, From: subscribe, IPv_Type: ipv6, Location: 中国, ISP: 中国移动, Date: None, Delay: -1 ms, Speed: 0.00 M/s, Resolution: None
Name: 海南卫视, URL: http://lu.wqwqwq.sbs/itv/5000000004000006211.m3u8?cdn=bestzb, From: subscribe, IPv_Type: ipv6, Location: 美国, ISP: CloudFlare Inc., Date: None, Delay: -1 ms, Speed: 0.00 M/s, Resolution: None
Name: 海南卫视, URL: http://[2409:8087:5e08:25::16]:6610/200000001898/460000089800010083/1.m3u8, From: subscribe, IPv_Type: ipv6, Location: 中国, ISP: 中国移动, Date: None, Delay: -1 ms, Speed: 0.00 M/s, Resolution: None
Name: 海南卫视, URL: https://mursor.ottiptv.cc/mcp/hainan.m3u8, From: subscribe, IPv_Type: ipv6, Location: 美国, ISP: Oracle Corporation, Date: None, Delay: -1 ms, Speed: 0.00 M/s, Resolution: None
Name: 海南卫视, URL: https://migu.188766.xyz/?migutoken=f061760c8317e1058e3c9bf522fc4b77&id=%E6%B5%B7%E5%8D%97%E5%8D%AB%E8%A7%86&type=yy, From: None, IPv_Type: ipv6, Location: 美国, ISP: CloudFlare Inc., Date: None, Delay: -1 ms, Speed: 0.00 M/s, Resolution: None
Name: 海南卫视, URL: https://cc06.tv12.xyz/93.m3u8, From: subscribe, IPv_Type: ipv6, Location: 美国, ISP: CloudFlare Inc., Date: None, Delay: -1 ms, Speed: 0.00 M/s, Resolution: None
Name: 海南卫视, URL: https://jzb.wwkejishe.top/?id=600, From: subscribe, IPv_Type: ipv6, Location: 美国, ISP: CloudFlare Inc., Date: None, Delay: -1 ms, Speed: 0.00 M/s, Resolution: None
Name: 海南卫视, URL: https://shyd.695847.xyz/cms001/ch00000090990000001183/index.m3u8?IASHttpSessionId=RR4967720251014100028031761&ispcode=12, From: subscribe, IPv_Type: ipv6, Location: 美国, ISP: CloudFlare Inc., Date: None, Delay: -1 ms, Speed: 0.00 M/s, Resolution: None
Name: 海南卫视, URL: https://iptv.catvod.com/live.php?id=%E6%B5%B7%E5%8D%97%E5%8D%AB%E8%A7%86, From: subscribe, IPv_Type: ipv6, Location: 美国, ISP: CloudFlare Inc., Date: None, Delay: -1 ms, Speed: 0.00 M/s, Resolution: None
Name: 海南卫视, URL: https://live.chinacert.cftest5.cn/mg/?id=947472502, From: subscribe, IPv_Type: ipv6, Location: 中国, ISP: 中国移动, Date: None, Delay: -1 ms, Speed: 0.00 M/s, Resolution: None
Name: 河南卫视, URL: http://tvpull.dxhmt.cn:9081/tv/11425-1.m3u8, From: subscribe, IPv_Type: ipv6, Location: 中国-江苏-徐州, ISP: 电信, Date: None, Delay: 0.1 ms, Speed: inf M/s, Resolution: 1920x1080
Name: 河南卫视, URL: http://php.jdshipin.com/TVOD/hljyd.php?id=3221226480, From: subscribe, IPv_Type: ipv6, Location: 美国, ISP: CloudFlare Inc., Date: None, Delay: 0.1 ms, Speed: inf M/s, Resolution: 1920x1080
Name: 河南卫视, URL: http://z.b.bkpcp.top/m.php?id=hnws, From: subscribe, IPv_Type: ipv6, Location: 美国, ISP: CloudFlare Inc., Date: None, Delay: 0.1 ms, Speed: inf M/s, Resolution: 1920x1080
Name: 河南卫视, URL: http://goo.bkpcp.top/mg/hnws, From: subscribe, IPv_Type: ipv6, Location: 美国, ISP: CloudFlare Inc., Date: None, Delay: 0.1 ms, Speed: inf M/s, Resolution: 1920x1080
Name: 河南卫视, URL: http://tvcdn.stream3.hndt.com/tv/65c4a6d5017e1000b2b6ea2500000000_transios/playlist.m3u8?wsSecret=7f59b59573ebfe76d91b35446bb207ad&wsTime=1746680128, From: subscribe, IPv_Type: ipv6, Location: 中国-江苏-扬州, ISP: 电信, Date: None, Delay: 0.1 ms, Speed: inf M/s, Resolution: 1920x1080
Name: 河南卫视, URL: http://dsj.motem.top:8880/bptv/10000100000000050000000003887270.m3u8, From: subscribe, IPv_Type: ipv6, Location: 美国, ISP: CloudFlare Inc., Date: None, Delay: 0.1 ms, Speed: inf M/s, Resolution: 1920x1080
Name: 河南卫视, URL: https://live.lalifeier.eu.org/hntv/hnws.m3u8?t=1746393735&key=728f36a221b96bc109f1ef1914592447, From: subscribe, IPv_Type: ipv6, Location: 美国, ISP: CloudFlare Inc., Date: None, Delay: 0.1 ms, Speed: inf M/s, Resolution: 1920x1080
Name: 河南卫视, URL: http://nas.suntao.online:35455/itv/5000000011000031119.m3u8?cdn=bestzb, From: subscribe, IPv_Type: ipv6, Location: 中国, ISP: 中国联通, Date: None, Delay: 0.1 ms, Speed: inf M/s, Resolution: 1920x1080
Name: 河南卫视, URL: http://[2409:8087:3428:20:500::100f]:6610/PLTV/88888888/224/3221227095/index.m3u8?servicetype=1&IASHttpSessionId=RR423820220409134714119178, From: subscribe, IPv_Type: ipv6, Location: 中国, ISP: 中国移动, Date: None, Delay: 0.1 ms, Speed: inf M/s, Resolution: 1920x1080
Name: 河南卫视, URL: http://[2409:8087:3428:20:500::1009]:6610/PLTV/88888888/224/3221227095/index.m3u8?servicetype=1&IASHttpSessionId=RR423820220409134714119178, From: subscribe, IPv_Type: ipv6, Location: 中国, ISP: 中国移动, Date: None, Delay: 0.1 ms, Speed: inf M/s, Resolution: 1920x1080
Name: 河南卫视, URL: http://[2409:8087:2001:20:2800:0:df6e:eb07]:80/wh7f454c46tw1760610571_1986142982/ott.mobaibox.com/PLTV/3/224/3221227521/index.m3u8?icpid=3&RTS=1674386171&from=40&popid=40&hms_devid=2036&prioritypopid=40&vqe=3, From: subscribe, IPv_Type: ipv6, Location: 中国, ISP: 中国移动, Date: None, Delay: 0.1 ms, Speed: inf M/s, Resolution: 1920x1080
Name: 河南卫视, URL: http://[2409:8087:2001:20:2800:0:df6e:eb17]/ott.mobaibox.com/PLTV/3/224/3221228221/index.m3u8, From: subscribe, IPv_Type: ipv6, Location: 中国, ISP: 中国移动, Date: None, Delay: 0.1 ms, Speed: inf M/s, Resolution: 1920x1080
Name: 河南卫视, URL: http://[2409:8087:1e03:21::42]:6610/cms001/ch00000090990000001222/index.m3u8, From: subscribe, IPv_Type: ipv6, Location: 中国, ISP: 中国移动, Date: None, Delay: 0.1 ms, Speed: inf M/s, Resolution: 1920x1080
Name: 河南卫视, URL: http://[2409:8087:4c0a:22:1::11]:6410/170000001115/UmaiCHAN5000044BESTVSMGSMG/index.m3u8?m3u8_level=2, From: subscribe, IPv_Type: ipv6, Location: 中国, ISP: 中国移动, Date: None, Delay: 0.1 ms, Speed: inf M/s, Resolution: 1920x1080
Name: 河南卫视, URL: http://[2409:8087:2001:20:2800:0:df6e:eb16]:80/ott.mobaibox.com/PLTV/4/224/3221228221/index.m3u8, From: subscribe, IPv_Type: ipv6, Location: 中国, ISP: 中国移动, Date: None, Delay: 0.1 ms, Speed: inf M/s, Resolution: 1920x1080
Name: 河南卫视, URL: http://[2409:8087:1e03:21::2]:6060/cms001/ch00000090990000001222/index.m3u8, From: subscribe, IPv_Type: ipv6, Location: 中国, ISP: 中国移动, Date: None, Delay: 0.1 ms, Speed: inf M/s, Resolution: 1920x1080
Name: 河南卫视, URL: http://[2409:8087:1e03:21::11]:6610/cms001/ch00000090990000001222/index.m3u8, From: subscribe, IPv_Type: ipv6, Location: 中国, ISP: 中国移动, Date: None, Delay: 0.1 ms, Speed: inf M/s, Resolution: 1920x1080
Name: 河南卫视, URL: http://[2409:8087:74f0:22::7]:6410/270000001128/9900000027/index.m3u8, From: subscribe, IPv_Type: ipv6, Location: 中国, ISP: 中国移动, Date: None, Delay: 0.1 ms, Speed: inf M/s, Resolution: 1920x1080
Name: 河南卫视, URL: http://[2409:8087:3869:8021:1001::e5]:6610/PLTV/88888910/224/3221225611/index.m3u8?fmt=ts2hls, From: subscribe, IPv_Type: ipv6, Location: 中国, ISP: 中国移动, Date: None, Delay: -1 ms, Speed: 0.00 M/s, Resolution: None
Name: 河南卫视, URL: http://rrs01.hw.gmcc.net:8088/PLTV/81/224/3221226687/1.m3u8, From: subscribe, IPv_Type: ipv6, Location: 中国, ISP: 中国移动, Date: None, Delay: -1 ms, Speed: 0.00 M/s, Resolution: None
Name: 河南卫视, URL: http://[2409:8087:5e08:25::16]:6610/200000001898/460000089800010071/1.m3u8, From: subscribe, IPv_Type: ipv6, Location: 中国, ISP: 中国移动, Date: None, Delay: -1 ms, Speed: 0.00 M/s, Resolution: None
Name: 河南卫视, URL: https://mursor.ottiptv.cc/mcp/henan.m3u8, From: subscribe, IPv_Type: ipv6, Location: 美国, ISP: Oracle Corporation, Date: None, Delay: -1 ms, Speed: 0.00 M/s, Resolution: None
Name: 河南卫视, URL: https://migu.188766.xyz/?migutoken=5a47702aa25f62cb2e7807e54ad59d7b&id=%E6%B2%B3%E5%8D%97%E5%8D%AB%E8%A7%86%E9%AB%98%E6%B8%85&type=yy, From: subscribe, IPv_Type: ipv6, Location: 美国, ISP: CloudFlare Inc., Date: None, Delay: -1 ms, Speed: 0.00 M/s, Resolution: None
Name: 河南卫视, URL: https://cc06.tv12.xyz/49.m3u8, From: subscribe, IPv_Type: ipv6, Location: 美国, ISP: CloudFlare Inc., Date: None, Delay: -1 ms, Speed: 0.00 M/s, Resolution: None
Name: 河南卫视, URL: https://iptv.catvod.com/live.php?id=%E6%B2%B3%E5%8D%97%E5%8D%AB%E8%A7%86, From: subscribe, IPv_Type: ipv6, Location: 美国, ISP: CloudFlare Inc., Date: None, Delay: -1 ms, Speed: 0.00 M/s, Resolution: None
Name: 河南卫视, URL: https://live.chinacert.cftest5.cn/mg/?id=790187291, From: subscribe, IPv_Type: ipv6, Location: 中国, ISP: 中国移动, Date: None, Delay: -1 ms, Speed: 0.00 M/s, Resolution: None
Name: 河南卫视, URL: http://1.94.31.214/php/hntv.php?id=hnws, From: subscribe, IPv_Type: ipv4, Location: 中国-上海-上海, ISP: 华为云, Date: None, Delay: 629 ms, Speed: 1.62 M/s, Resolution: 1920x1080
Name: 吉林卫视, URL: http://php.jdshipin.com/TVOD/hnyd.php?id=200000001898/460000089800010075, From: subscribe, IPv_Type: ipv6, Location: 美国, ISP: CloudFlare Inc., Date: None, Delay: 0.1 ms, Speed: inf M/s, Resolution: 1920x1080
Name: 吉林卫视, URL: http://z.b.bkpcp.top/m.php?id=jlws, From: subscribe, IPv_Type: ipv6, Location: 美国, ISP: CloudFlare Inc., Date: None, Delay: 0.1 ms, Speed: inf M/s, Resolution: 1920x1080
Name: 吉林卫视, URL: http://goo.bkpcp.top/mg/jlws, From: subscribe, IPv_Type: ipv6, Location: 美国, ISP: CloudFlare Inc., Date: None, Delay: 0.1 ms, Speed: inf M/s, Resolution: 1920x1080
Name: 吉林卫视, URL: http://dsj.motem.top:8880/bptv/10000100000000050000000004972569.m3u8, From: subscribe, IPv_Type: ipv6, Location: 美国, ISP: CloudFlare Inc., Date: None, Delay: 0.1 ms, Speed: inf M/s, Resolution: 1920x1080
Name: 吉林卫视, URL: http://[2409:8087:3428:20:500::100f]:6610/PLTV/88888888/224/3221227099/index.m3u8?servicetype=1&IASHttpSessionId=RR423820220409134714119178, From: subscribe, IPv_Type: ipv6, Location: 中国, ISP: 中国移动, Date: None, Delay: 0.1 ms, Speed: inf M/s, Resolution: 1920x1080
Name: 吉林卫视, URL: http://nas.suntao.online:35455/itv/5000000011000031117.m3u8?cdn=bestzb, From: subscribe, IPv_Type: ipv6, Location: 中国, ISP: 中国联通, Date: None, Delay: 0.1 ms, Speed: inf M/s, Resolution: 1920x1080
Name: 吉林卫视, URL: http://[2409:8087:2001:20:2800:0:df6e:eb03]:80/ott.mobaibox.com/PLTV/4/224/3221228130/index.m3u8, From: subscribe, IPv_Type: ipv6, Location: 中国, ISP: 中国移动, Date: None, Delay: 0.1 ms, Speed: inf M/s, Resolution: 1920x1080
Name: 吉林卫视, URL: http://[2409:8087:3428:20:500::1009]:6610/PLTV/88888888/224/3221225851/index.m3u8?servicetype=1&IASHttpSessionId=RR423820220409134714119178, From: subscribe, IPv_Type: ipv6, Location: 中国, ISP: 中国移动, Date: None, Delay: 0.1 ms, Speed: inf M/s, Resolution: 1920x1080
Name: 吉林卫视, URL: http://[2409:8087:2001:20:2800:0:df6e:eb0a]:80/wh7f454c46tw342769965_-1981608007/ott.mobaibox.com/PLTV/3/224/3221228028/index.m3u8?icpid=3&RTS=1674380458&from=40&popid=40&hms_devid=2038&prioritypopid=40&vqe=3, From: subscribe, IPv_Type: ipv6, Location: 中国, ISP: 中国移动, Date: None, Delay: 0.1 ms, Speed: inf M/s, Resolution: 1920x1080
Name: 吉林卫视, URL: http://[2409:8087:4c0a:22:1::11]:6410/170000001115/UmaiCHAN5000046BESTVSMGSMG/index.m3u8?m3u8_level=2, From: subscribe, IPv_Type: ipv6, Location: 中国, ISP: 中国移动, Date: None, Delay: 0.1 ms, Speed: inf M/s, Resolution: 1920x1080
Name: 吉林卫视, URL: http://[2409:8087:5e01:34::38]:6610/ZTE_CMS/00000001000000060000000000000533/index.m3u8, From: subscribe, IPv_Type: ipv6, Location: 中国, ISP: 中国移动, Date: None, Delay: 0.1 ms, Speed: inf M/s, Resolution: 1920x1080
Name: 吉林卫视, URL: http://[2409:8087:5e00:24::1f]:6060/ZTE_CMS/00000001000000060000000000000533/index.m3u8, From: subscribe, IPv_Type: ipv6, Location: 中国, ISP: 中国移动, Date: None, Delay: 0.1 ms, Speed: inf M/s, Resolution: 1920x1080
Name: 吉林卫视, URL: http://[2409:8087:5e01:34::21]:6610/ZTE_CMS/00000001000000060000000000000533/index.m3u8?IAS, From: subscribe, IPv_Type: ipv6, Location: 中国, ISP: 中国移动, Date: None, Delay: 0.1 ms, Speed: inf M/s, Resolution: 1920x1080
Name: 吉林卫视, URL: http://[2409:8087:5e01:34::20]:6610/ZTE_CMS/00000001000000060000000000000533/index.m3u8?IAS, From: subscribe, IPv_Type: ipv6, Location: 中国, ISP: 中国移动, Date: None, Delay: 0.1 ms, Speed: inf M/s, Resolution: 1920x1080
Name: 吉林卫视, URL: http://[2409:8087:5e01:34::22]:6610/ZTE_CMS/00000001000000060000000000000533/index.m3u8?IAS, From: subscribe, IPv_Type: ipv6, Location: 中国, ISP: 中国移动, Date: None, Delay: 0.1 ms, Speed: inf M/s, Resolution: 1920x1080
Name: 吉林卫视, URL: http://[2409:8087:5e01:34::23]:6610/ZTE_CMS/00000001000000060000000000000533/index.m3u8?IAS, From: subscribe, IPv_Type: ipv6, Location: 中国, ISP: 中国移动, Date: None, Delay: 0.1 ms, Speed: inf M/s, Resolution: 1920x1080
Name: 吉林卫视, URL: http://[2409:8087:2001:20:2800:0:df6e:eb02]:80/wh7f454c46tw844466330_-452871666/ott.mobaibox.com/PLTV/3/224/3221228130/index.m3u8?icpid=3&RTS=1674380959&from=40&popid=40&hms_devid=2039&prioritypopid=40&vqe=3, From: subscribe, IPv_Type: ipv6, Location: 中国, ISP: 中国移动, Date: None, Delay: 0.1 ms, Speed: inf M/s, Resolution: 1920x1080
Name: 吉林卫视, URL: http://[2409:8087:1e03:21::42]:6610/cms001/ch00000090990000001225/index.m3u8, From: subscribe, IPv_Type: ipv6, Location: 中国, ISP: 中国移动, Date: None, Delay: 0.1 ms, Speed: inf M/s, Resolution: 1920x1080
Name: 吉林卫视, URL: http://[2409:8087:74f0:22::5]:6410/270000001128/9900000030/index.m3u8, From: subscribe, IPv_Type: ipv6, Location: 中国, ISP: 中国移动, Date: None, Delay: 0.1 ms, Speed: inf M/s, Resolution: 1920x1080
Name: 吉林卫视, URL: http://[2409:8087:3869:8021:1001::e5]:6610/PLTV/88888888/224/3221225680/2/index.m3u8, From: subscribe, IPv_Type: ipv6, Location: 中国, ISP: 中国移动, Date: None, Delay: -1 ms, Speed: 0.00 M/s, Resolution: None
Name: 吉林卫视, URL: http://rrs01.hw.gmcc.net:8088/PLTV/81/224/3221226671/1.m3u8, From: subscribe, IPv_Type: ipv6, Location: 中国, ISP: 中国移动, Date: None, Delay: -1 ms, Speed: 0.00 M/s, Resolution: None
Name: 吉林卫视, URL: http://[2409:8087:5e08:25::16]:6610/200000001898/460000089800010075/1.m3u8, From: subscribe, IPv_Type: ipv6, Location: 中国, ISP: 中国移动, Date: None, Delay: -1 ms, Speed: 0.00 M/s, Resolution: None
Name: 吉林卫视, URL: https://mursor.ottiptv.cc/mcp/jiling.m3u8, From: subscribe, IPv_Type: ipv6, Location: 美国, ISP: Oracle Corporation, Date: None, Delay: -1 ms, Speed: 0.00 M/s, Resolution: None
Name: 吉林卫视, URL: https://migu.188766.xyz/?migutoken=b800aba62fa1984af2354180c707c1e0&id=%E5%90%89%E6%9E%97%E5%8D%AB%E8%A7%86&type=yy, From: None, IPv_Type: ipv6, Location: 美国, ISP: CloudFlare Inc., Date: None, Delay: -1 ms, Speed: 0.00 M/s, Resolution: None
Name: 吉林卫视, URL: http://cc02.tv12.xyz/5.m3u8, From: subscribe, IPv_Type: ipv6, Location: 美国, ISP: CloudFlare Inc., Date: None, Delay: -1 ms, Speed: 0.00 M/s, Resolution: None
Name: 吉林卫视, URL: https://cc06.tv12.xyz/60.m3u8, From: subscribe, IPv_Type: ipv6, Location: 美国, ISP: CloudFlare Inc., Date: None, Delay: -1 ms, Speed: 0.00 M/s, Resolution: None
Name: 吉林卫视, URL: https://iptv.catvod.com/live.php?id=%E5%90%89%E6%9E%97%E5%8D%AB%E8%A7%86%E5%8F%B0, From: subscribe, IPv_Type: ipv6, Location: 美国, ISP: CloudFlare Inc., Date: None, Delay: -1 ms, Speed: 0.00 M/s, Resolution: None
Name: 吉林卫视, URL: https://shyd.695847.xyz/cms001/ch00000090990000001225/index.m3u8?IASHttpSessionId=RR4967720251014100028031761&ispcode=12, From: subscribe, IPv_Type: ipv6, Location: 美国, ISP: CloudFlare Inc., Date: None, Delay: -1 ms, Speed: 0.00 M/s, Resolution: None
Name: 吉林卫视, URL: https://live.chinacert.cftest5.cn/mg/?id=947472500, From: subscribe, IPv_Type: ipv6, Location: 中国, ISP: 中国移动, Date: None, Delay: -1 ms, Speed: 0.00 M/s, Resolution: None
Name: 江苏卫视, URL: http://php.jdshipin.com/TVOD/hnyd.php?id=200000001898/460000089800010059, From: subscribe, IPv_Type: ipv6, Location: 美国, ISP: CloudFlare Inc., Date: None, Delay: 0.1 ms, Speed: inf M/s, Resolution: 1920x1080
Name: 江苏卫视, URL: http://z.b.bkpcp.top/m.php?id=jsws, From: subscribe, IPv_Type: ipv6, Location: 美国, ISP: CloudFlare Inc., Date: None, Delay: 0.1 ms, Speed: inf M/s, Resolution: 1920x1080
Name: 江苏卫视, URL: http://goo.bkpcp.top/mg/jsws, From: subscribe, IPv_Type: ipv6, Location: 美国, ISP: CloudFlare Inc., Date: None, Delay: 0.1 ms, Speed: inf M/s, Resolution: 1920x1080
Name: 江苏卫视, URL: http://iptv.huuc.edu.cn/hls/jshd.m3u8, From: subscribe, IPv_Type: ipv6, Location: 中国, ISP: 教育网, Date: None, Delay: 0.1 ms, Speed: inf M/s, Resolution: 1920x1080
Name: 江苏卫视, URL: http://dsj.motem.top:8880/bptv/10000100000000050000000003873461.m3u8, From: subscribe, IPv_Type: ipv6, Location: 美国, ISP: CloudFlare Inc., Date: None, Delay: 0.1 ms, Speed: inf M/s, Resolution: 1920x1080
Name: 江苏卫视, URL: http://[2409:8087:2001:20:2800:0:df6e:eb17]:80/ott.mobaibox.com/PLTV/4/224/3221227552/index.m3u8, From: subscribe, IPv_Type: ipv6, Location: 中国, ISP: 中国移动, Date: None, Delay: 0.1 ms, Speed: inf M/s, Resolution: 1920x1080
Name: 江苏卫视, URL: http://yc.myds.me:35455/itv/6000000001000014861.m3u8?cdn=wasusyt, From: subscribe, IPv_Type: ipv6, Location: 中国, ISP: 中国电信, Date: None, Delay: 0.1 ms, Speed: inf M/s, Resolution: 1920x1080
Name: 江苏卫视, URL: http://nas.suntao.online:35455/itv/1000000001000001828.m3u8?cdn=ystenlive, From: subscribe, IPv_Type: ipv6, Location: 中国, ISP: 中国联通, Date: None, Delay: 0.1 ms, Speed: inf M/s, Resolution: 1920x1080
Name: 江苏卫视, URL: http://lu.wqwqwq.sbs/itv/1000000005000265030.m3u8?cdn=ystenlive, From: subscribe, IPv_Type: ipv6, Location: 美国, ISP: CloudFlare Inc., Date: None, Delay: 0.1 ms, Speed: inf M/s, Resolution: 1920x1080
Name: 江苏卫视, URL: http://[2409:8087:3428:20:500::100f]:6610/PLTV/88888888/224/3221225847/index.m3u8?servicetype=1&IASHttpSessionId=RR423820220409134714119178, From: subscribe, IPv_Type: ipv6, Location: 中国, ISP: 中国移动, Date: None, Delay: 0.1 ms, Speed: inf M/s, Resolution: 1920x1080
Name: 江苏卫视, URL: http://[2409:8087:3428:20:500::1009]:6610/PLTV/88888888/224/3221225847/index.m3u8?servicetype=1&IASHttpSessionId=RR423820220409134714119178, From: subscribe, IPv_Type: ipv6, Location: 中国, ISP: 中国移动, Date: None, Delay: 0.1 ms, Speed: inf M/s, Resolution: 1920x1080
Name: 江苏卫视, URL: http://[2409:8087:2001:20:2800:0:df6e:eb10]:80/wh7f454c46tw1546620848_1199323777/ott.mobaibox.com/PLTV/3/224/3221227561/index.m3u8?icpid=3&RTS=1674385957&from=40&popid=40&hms_devid=2110&prioritypopid=40&vqe=3, From: subscribe, IPv_Type: ipv6, Location: 中国, ISP: 中国移动, Date: None, Delay: 0.1 ms, Speed: inf M/s, Resolution: 1920x1080
Name: 江苏卫视, URL: http://[2409:8087:2001:20:2800:0:df6e:eb06]:80/wh7f454c46tw202473475_-1896827182/ott.mobaibox.com/PLTV/3/224/3221227255/index.m3u8?icpid=3&RTS=1674380317&from=40&popid=40&hms_devid=2036&prioritypopid=40&vqe=3, From: subscribe, IPv_Type: ipv6, Location: 中国, ISP: 中国移动, Date: None, Delay: 0.1 ms, Speed: inf M/s, Resolution: 1920x1080
Name: 江苏卫视, URL: http://[2409:8087:2001:20:2800:0:df6e:eb13]:80/wh7f454c46tw359112764_778502970/ott.mobaibox.com/PLTV/3/224/3221227705/index.m3u8?icpid=3&RTS=1674380474&from=40&popid=40&hms_devid=2112&prioritypopid=40&vqe=3, From: subscribe, IPv_Type: ipv6, Location: 中国, ISP: 中国移动, Date: None, Delay: 0.1 ms, Speed: inf M/s, Resolution: 1920x1080
Name: 江苏卫视, URL: http://[2409:8087:2001:20:2800:0:df6e:eb0d]:80/wh7f454c46tw203226883_1737984932/ott.mobaibox.com/PLTV/3/224/3221227668/index.m3u8?icpid=3&RTS=1674380318&from=40&popid=40&hms_devid=2040&prioritypopid=40&vqe=3, From: subscribe, IPv_Type: ipv6, Location: 中国, ISP: 中国移动, Date: None, Delay: 0.1 ms, Speed: inf M/s, Resolution: 1920x1080
Name: 江苏卫视, URL: http://[2409:8087:1e03:21::42]:6610/cms001/ch00000090990000001033/index.m3u8, From: subscribe, IPv_Type: ipv6, Location: 中国, ISP: 中国移动, Date: None, Delay: 0.1 ms, Speed: inf M/s, Resolution: 1920x1080
Name: 江苏卫视, URL: http://[2409:8087:2001:20:2800:0:df6e:eb26]:80/wh7f454c46tw1548387171_1294672253/ott.mobaibox.com/PLTV/3/224/3221228306/index.m3u8?icpid=3&RTS=1674385958&from=40&popid=40&hms_devid=2293&prioritypopid=40&vqe=3, From: subscribe, IPv_Type: ipv6, Location: 中国, ISP: 中国移动, Date: None, Delay: 0.1 ms, Speed: inf M/s, Resolution: 1920x1080
Name: 江苏卫视, URL: http://[2409:8087:5e01:34::38]:6610/ZTE_CMS/00000001000000060000000000000177/index.m3u8, From: subscribe, IPv_Type: ipv6, Location: 中国, ISP: 中国移动, Date: None, Delay: 0.1 ms, Speed: inf M/s, Resolution: 1920x1080
Name: 江苏卫视, URL: http://[2409:8087:4c0a:22:1::11]:6410/170000001115/UmaiCHAN111129BESTVSMGSMG/index.m3u8?m3u8_level=2, From: subscribe, IPv_Type: ipv6, Location: 中国, ISP: 中国移动, Date: None, Delay: 0.1 ms, Speed: inf M/s, Resolution: 1920x1080
Name: 江苏卫视, URL: http://[2409:8087:5e00:24::1f]:6060/ZTE_CMS/00000001000000060000000000000177/index.m3u8, From: subscribe, IPv_Type: ipv6, Location: 中国, ISP: 中国移动, Date: None, Delay: 0.1 ms, Speed: inf M/s, Resolution: 1920x1080
Name: 江苏卫视, URL: http://[2409:8087:5e01:34::23]:6610/ZTE_CMS/00000001000000060000000000000177/index.m3u8?IAS, From: subscribe, IPv_Type: ipv6, Location: 中国, ISP: 中国移动, Date: None, Delay: 0.1 ms, Speed: inf M/s, Resolution: 1920x1080
Name: 江苏卫视, URL: http://[2409:8087:5e01:34::20]:6610/ZTE_CMS/00000001000000060000000000000177/index.m3u8?IAS, From: subscribe, IPv_Type: ipv6, Location: 中国, ISP: 中国移动, Date: None, Delay: 0.1 ms, Speed: inf M/s, Resolution: 1920x1080
Name: 江苏卫视, URL: http://[2409:8087:5e01:34::22]:6610/ZTE_CMS/00000001000000060000000000000177/index.m3u8?IAS, From: subscribe, IPv_Type: ipv6, Location: 中国, ISP: 中国移动, Date: None, Delay: 0.1 ms, Speed: inf M/s, Resolution: 1920x1080
Name: 江苏卫视, URL: http://[2409:8087:5e01:34::21]:6610/ZTE_CMS/00000001000000060000000000000177/index.m3u8?IAS, From: subscribe, IPv_Type: ipv6, Location: 中国, ISP: 中国移动, Date: None, Delay: 0.1 ms, Speed: inf M/s, Resolution: 1920x1080
Name: 江苏卫视, URL: http://[2409:8087:2001:20:2800:0:df6e:eb12]/wh7f454c46tw2983110475_-1591539074/ott.mobaibox.com/PLTV/3/224/3221228097/index.m3u8?icpid=3&RTS=1668597777&from=40&popid=40&hms_devid=2112&prioritypopid=40&vqe=3, From: subscribe, IPv_Type: ipv6, Location: 中国, ISP: 中国移动, Date: None, Delay: 0.1 ms, Speed: inf M/s, Resolution: 1920x1080
Name: 江苏卫视, URL: http://[2409:8087:1e03:21::2]:6060/cms001/ch00000090990000001033/index.m3u8, From: subscribe, IPv_Type: ipv6, Location: 中国, ISP: 中国移动, Date: None, Delay: 0.1 ms, Speed: inf M/s, Resolution: 1920x1080
Name: 江苏卫视, URL: http://[2409:8087:2001:20:2800:0:df6e:eb03]:80/wh7f454c46tw1547508542_-1029566303/ott.mobaibox.com/PLTV/3/224/3221227689/index.m3u8?icpid=3&RTS=1674385957&from=40&popid=40&hms_devid=2039&prioritypopid=40&vqe=3, From: subscribe, IPv_Type: ipv6, Location: 中国, ISP: 中国移动, Date: None, Delay: 0.1 ms, Speed: inf M/s, Resolution: 1920x1080
Name: 江苏卫视, URL: http://[2409:8087:74f0:22::6]:6410/270000001128/9900000524/index.m3u8, From: subscribe, IPv_Type: ipv6, Location: 中国, ISP: 中国移动, Date: None, Delay: 0.1 ms, Speed: inf M/s, Resolution: 1920x1080
Name: 江苏卫视, URL: http://[2409:8087:5e00:24::1e]:6060/200000001898/460000089800010059/1.m3u8, From: subscribe, IPv_Type: ipv6, Location: 中国, ISP: 中国移动, Date: None, Delay: 0.1 ms, Speed: inf M/s, Resolution: 1920x1080
Name: 江苏卫视, URL: http://[2409:8087:3869:8021:1001::e5]:6610/PLTV/88888910/224/3221225702/index.m3u8, From: subscribe, IPv_Type: ipv6, Location: 中国, ISP: 中国移动, Date: None, Delay: -1 ms, Speed: 0.00 M/s, Resolution: None
Name: 江苏卫视, URL: http://rrs01.hw.gmcc.net:8088/PLTV/81/224/3221226692/1.m3u8, From: subscribe, IPv_Type: ipv6, Location: 中国, ISP: 中国移动, Date: None, Delay: -1 ms, Speed: 0.00 M/s, Resolution: None
Name: 江苏卫视, URL: http://[2409:8087:5e08:25::16]:6610/200000001898/460000089800010059/1.m3u8, From: subscribe, IPv_Type: ipv6, Location: 中国, ISP: 中国移动, Date: None, Delay: -1 ms, Speed: 0.00 M/s, Resolution: None
Name: 江苏卫视, URL: https://mursor.ottiptv.cc/mcp/jiangsu.m3u8, From: subscribe, IPv_Type: ipv6, Location: 美国, ISP: Oracle Corporation, Date: None, Delay: -1 ms, Speed: 0.00 M/s, Resolution: None
Name: 江苏卫视, URL: https://migu.188766.xyz/?migutoken=3e2b54ccfd928043a606cbc02ff2fa28&id=%E6%B1%9F%E8%8B%8F%E5%8D%AB%E8%A7%86&type=yy, From: subscribe, IPv_Type: ipv6, Location: 美国, ISP: CloudFlare Inc., Date: None, Delay: -1 ms, Speed: 0.00 M/s, Resolution: None
Name: 江苏卫视, URL: https://cc06.tv12.xyz/61.m3u8, From: subscribe, IPv_Type: ipv6, Location: 美国, ISP: CloudFlare Inc., Date: None, Delay: -1 ms, Speed: 0.00 M/s, Resolution: None
Name: 江苏卫视, URL: https://iptv.catvod.com/live.php?id=%E6%B1%9F%E8%8B%8F%E5%8D%AB%E8%A7%86%E5%8F%B0, From: subscribe, IPv_Type: ipv6, Location: 美国, ISP: CloudFlare Inc., Date: None, Delay: -1 ms, Speed: 0.00 M/s, Resolution: None
Name: 江苏卫视, URL: https://shyd.695847.xyz/cms001/ch00000090990000001033/index.m3u8?IASHttpSessionId=RR4967720251014100028031761&ispcode=12, From: subscribe, IPv_Type: ipv6, Location: 美国, ISP: CloudFlare Inc., Date: None, Delay: -1 ms, Speed: 0.00 M/s, Resolution: None
Name: 江苏卫视, URL: https://live.chinacert.cftest5.cn/mg/?id=623899368, From: subscribe, IPv_Type: ipv6, Location: 中国, ISP: 中国移动, Date: None, Delay: -1 ms, Speed: 0.00 M/s, Resolution: None
Name: 江西卫视, URL: http://php.jdshipin.com/TVOD/hnyd.php?id=200000001898/460000089800010060, From: subscribe, IPv_Type: ipv6, Location: 美国, ISP: CloudFlare Inc., Date: None, Delay: 0.1 ms, Speed: inf M/s, Resolution: 1920x1080
Name: 江西卫视, URL: http://z.b.bkpcp.top/m.php?id=jxws, From: subscribe, IPv_Type: ipv6, Location: 美国, ISP: CloudFlare Inc., Date: None, Delay: 0.1 ms, Speed: inf M/s, Resolution: 1920x1080
Name: 江西卫视, URL: http://goo.bkpcp.top/mg/jxws, From: subscribe, IPv_Type: ipv6, Location: 美国, ISP: CloudFlare Inc., Date: None, Delay: 0.1 ms, Speed: inf M/s, Resolution: 1920x1080
Name: 江西卫视, URL: http://iptv.huuc.edu.cn/hls/jxhd.m3u8, From: subscribe, IPv_Type: ipv6, Location: 中国, ISP: 教育网, Date: None, Delay: 0.1 ms, Speed: inf M/s, Resolution: 1920x1080
Name: 江西卫视, URL: http://[2409:8087:1a01:df::4027]:80/TVOD/88888888/224/3221225935/main.m3u8, From: subscribe, IPv_Type: ipv6, Location: 中国, ISP: 中国移动, Date: None, Delay: 0.1 ms, Speed: inf M/s, Resolution: 1920x1080
Name: 江西卫视, URL: http://dsj.motem.top:8880/bptv/10000100000000050000000004796511.m3u8, From: subscribe, IPv_Type: ipv6, Location: 美国, ISP: CloudFlare Inc., Date: None, Delay: 0.1 ms, Speed: inf M/s, Resolution: 1920x1080
Name: 江西卫视, URL: http://yc.myds.me:35455/itv/1000000005000265032.m3u8?cdn=ystenlive, From: subscribe, IPv_Type: ipv6, Location: 中国, ISP: 中国电信, Date: None, Delay: 0.1 ms, Speed: inf M/s, Resolution: 1920x1080
Name: 江西卫视, URL: http://nas.suntao.online:35455/itv/1000000006000268001.m3u8?cdn=ystenlive, From: subscribe, IPv_Type: ipv6, Location: 中国, ISP: 中国联通, Date: None, Delay: 0.1 ms, Speed: inf M/s, Resolution: 1920x1080
Name: 江西卫视, URL: http://lu.wqwqwq.sbs/itv/1000000005000265032.m3u8?cdn=ystenlive, From: subscribe, IPv_Type: ipv6, Location: 美国, ISP: CloudFlare Inc., Date: None, Delay: 0.1 ms, Speed: inf M/s, Resolution: 1920x1080
Name: 江西卫视, URL: http://[2409:8087:2001:20:2800:0:df6e:eb17]:80/ott.mobaibox.com/PLTV/4/224/3221228109/index.m3u8, From: subscribe, IPv_Type: ipv6, Location: 中国, ISP: 中国移动, Date: None, Delay: 0.1 ms, Speed: inf M/s, Resolution: 1920x1080
Name: 江西卫视, URL: http://[2409:8087:3428:20:500::100f]:6610/PLTV/88888888/224/3221227209/index.m3u8?servicetype=1&IASHttpSessionId=RR423820220409134714119178, From: subscribe, IPv_Type: ipv6, Location: 中国, ISP: 中国移动, Date: None, Delay: 0.1 ms, Speed: inf M/s, Resolution: 1920x1080
Name: 江西卫视, URL: http://[2409:8087:3428:20:500::1009]:6610/PLTV/88888888/224/3221227209/index.m3u8?servicetype=1&IASHttpSessionId=RR423820220409134714119178, From: subscribe, IPv_Type: ipv6, Location: 中国, ISP: 中国移动, Date: None, Delay: 0.1 ms, Speed: inf M/s, Resolution: 1920x1080
Name: 江西卫视, URL: http://[2409:8087:2001:20:2800:0:df6e:eb04]:80/wh7f454c46tw2054416167_-1997643209/ott.mobaibox.com/PLTV/3/224/3221225536/index.m3u8?icpid=3&RTS=1674386464&from=40&popid=40&hms_devid=2041&prioritypopid=40&vqe=3, From: subscribe, IPv_Type: ipv6, Location: 中国, ISP: 中国移动, Date: None, Delay: 0.1 ms, Speed: inf M/s, Resolution: 1920x1080
Name: 江西卫视, URL: http://[2409:8087:2001:20:2800:0:df6e:eb0c]:80/wh7f454c46tw1751397903_-1568649182/ott.mobaibox.com/PLTV/3/224/3221227738/index.m3u8?icpid=3&RTS=1674386161&from=40&popid=40&hms_devid=2040&prioritypopid=40&vqe=3, From: subscribe, IPv_Type: ipv6, Location: 中国, ISP: 中国移动, Date: None, Delay: 0.1 ms, Speed: inf M/s, Resolution: 1920x1080
Name: 江西卫视, URL: http://[2409:8087:4c0a:22:1::11]:6410/170000001115/UmaiCHAN3468921BESTVSMGSMG/index.m3u8?m3u8_level=2, From: subscribe, IPv_Type: ipv6, Location: 中国, ISP: 中国移动, Date: None, Delay: 0.1 ms, Speed: inf M/s, Resolution: 1920x1080
Name: 江西卫视, URL: http://[2409:8087:5e01:34::38]:6610/ZTE_CMS/00000001000000060000000000000522/index.m3u8, From: subscribe, IPv_Type: ipv6, Location: 中国, ISP: 中国移动, Date: None, Delay: 0.1 ms, Speed: inf M/s, Resolution: 1920x1080
Name: 江西卫视, URL: http://[2409:8087:5e01:34::20]:6610/ZTE_CMS/00000001000000060000000000000522/index.m3u8?IAS, From: subscribe, IPv_Type: ipv6, Location: 中国, ISP: 中国移动, Date: None, Delay: 0.1 ms, Speed: inf M/s, Resolution: 1920x1080
Name: 江西卫视, URL: http://[2409:8087:5e01:34::22]:6610/ZTE_CMS/00000001000000060000000000000522/index.m3u8?IAS, From: subscribe, IPv_Type: ipv6, Location: 中国, ISP: 中国移动, Date: None, Delay: 0.1 ms, Speed: inf M/s, Resolution: 1920x1080
Name: 江西卫视, URL: http://[2409:8087:5e01:34::21]:6610/ZTE_CMS/00000001000000060000000000000522/index.m3u8?IAS, From: subscribe, IPv_Type: ipv6, Location: 中国, ISP: 中国移动, Date: None, Delay: 0.1 ms, Speed: inf M/s, Resolution: 1920x1080
Name: 江西卫视, URL: http://[2409:8087:5e01:34::23]:6610/ZTE_CMS/00000001000000060000000000000522/index.m3u8?IAS, From: subscribe, IPv_Type: ipv6, Location: 中国, ISP: 中国移动, Date: None, Delay: 0.1 ms, Speed: inf M/s, Resolution: 1920x1080
Name: 江西卫视, URL: http://[2409:8087:1e03:21::2]:6060/cms001/ch00000090990000001034/index.m3u8, From: subscribe, IPv_Type: ipv6, Location: 中国, ISP: 中国移动, Date: None, Delay: 0.1 ms, Speed: inf M/s, Resolution: 1920x1080
Name: 江西卫视, URL: http://[2409:8087:1e03:21::42]:6610/cms001/ch00000090990000001034/index.m3u8, From: subscribe, IPv_Type: ipv6, Location: 中国, ISP: 中国移动, Date: None, Delay: 0.1 ms, Speed: inf M/s, Resolution: 1920x1080
Name: 江西卫视, URL: http://[2409:8087:74f0:22::4]:6610/270000001128/9900000525/index.m3u8, From: subscribe, IPv_Type: ipv6, Location: 中国, ISP: 中国移动, Date: None, Delay: 0.1 ms, Speed: inf M/s, Resolution: 1920x1080
Name: 江西卫视, URL: http://[2409:8087:5e00:24::1e]:6060/200000001898/460000089800010060/1.m3u8, From: subscribe, IPv_Type: ipv6, Location: 中国, ISP: 中国移动, Date: None, Delay: 0.1 ms, Speed: inf M/s, Resolution: 1920x1080
Name: 江西卫视, URL: http://[2409:8087:3869:8021:1001::e5]:6610/PLTV/88888888/224/3221225705/2/index.m3u8, From: subscribe, IPv_Type: ipv6, Location: 中国, ISP: 中国移动, Date: None, Delay: -1 ms, Speed: 0.00 M/s, Resolution: None
Name: 江西卫视, URL: http://rrs01.hw.gmcc.net:8088/PLTV/81/224/3221226726/1.m3u8, From: subscribe, IPv_Type: ipv6, Location: 中国, ISP: 中国移动, Date: None, Delay: -1 ms, Speed: 0.00 M/s, Resolution: None
Name: 江西卫视, URL: https://migu.188766.xyz/?migutoken=7813519621bdaa0a2afc3f38e5c792b2&id=%E6%B1%9F%E8%A5%BF%E5%8D%AB%E8%A7%86&type=yy, From: None, IPv_Type: ipv6, Location: 美国, ISP: CloudFlare Inc., Date: None, Delay: -1 ms, Speed: 0.00 M/s, Resolution: None
Name: 江西卫视, URL: http://[2409:8087:5e08:25::16]:6610/200000001898/460000089800010060/1.m3u8, From: subscribe, IPv_Type: ipv6, Location: 中国, ISP: 中国移动, Date: None, Delay: -1 ms, Speed: 0.00 M/s, Resolution: None
Name: 江西卫视, URL: https://mursor.ottiptv.cc/mcp/jiangxi.m3u8, From: subscribe, IPv_Type: ipv6, Location: 美国, ISP: Oracle Corporation, Date: None, Delay: -1 ms, Speed: 0.00 M/s, Resolution: None
Name: 江西卫视, URL: https://cc06.tv12.xyz/62.m3u8, From: subscribe, IPv_Type: ipv6, Location: 美国, ISP: CloudFlare Inc., Date: None, Delay: -1 ms, Speed: 0.00 M/s, Resolution: None
Name: 江西卫视, URL: https://shyd.695847.xyz/cms001/ch00000090990000001034/index.m3u8?IASHttpSessionId=RR4967720251014100028031761&ispcode=12, From: subscribe, IPv_Type: ipv6, Location: 美国, ISP: CloudFlare Inc., Date: None, Delay: -1 ms, Speed: 0.00 M/s, Resolution: None
Name: 江西卫视, URL: https://iptv.catvod.com/live.php?id=%E6%B1%9F%E8%A5%BF%E5%8D%AB%E8%A7%86%E5%8F%B0, From: subscribe, IPv_Type: ipv6, Location: 美国, ISP: CloudFlare Inc., Date: None, Delay: -1 ms, Speed: 0.00 M/s, Resolution: None
Name: 江西卫视, URL: https://live.chinacert.cftest5.cn/mg/?id=783847495, From: subscribe, IPv_Type: ipv6, Location: 中国, ISP: 中国移动, Date: None, Delay: -1 ms, Speed: 0.00 M/s, Resolution: None
Name: 辽宁卫视, URL: http://php.jdshipin.com/TVOD/hljyd.php?id=3221226546, From: subscribe, IPv_Type: ipv6, Location: 美国, ISP: CloudFlare Inc., Date: None, Delay: 0.1 ms, Speed: inf M/s, Resolution: 1920x1080
Name: 辽宁卫视, URL: http://z.b.bkpcp.top/m.php?id=lnws, From: subscribe, IPv_Type: ipv6, Location: 美国, ISP: CloudFlare Inc., Date: None, Delay: 0.1 ms, Speed: inf M/s, Resolution: 1920x1080
Name: 辽宁卫视, URL: http://iptv.huuc.edu.cn/hls/lnhd.m3u8, From: subscribe, IPv_Type: ipv6, Location: 中国, ISP: 教育网, Date: None, Delay: 0.1 ms, Speed: inf M/s, Resolution: 1920x1080
Name: 辽宁卫视, URL: http://dsj.motem.top:8880/bptv/10000100000000050000000003873468.m3u8, From: subscribe, IPv_Type: ipv6, Location: 美国, ISP: CloudFlare Inc., Date: None, Delay: 0.1 ms, Speed: inf M/s, Resolution: 1920x1080
Name: 辽宁卫视, URL: http://[2409:8087:3428:20:500::100f]:6610/PLTV/88888888/224/3221227141/index.m3u8?servicetype=1&IASHttpSessionId=RR423820220409134714119178, From: subscribe, IPv_Type: ipv6, Location: 中国, ISP: 中国移动, Date: None, Delay: 0.1 ms, Speed: inf M/s, Resolution: 1920x1080
Name: 辽宁卫视, URL: http://[2409:8087:3428:20:500::1009]:6610/PLTV/88888888/224/3221227141/index.m3u8?servicetype=1&IASHttpSessionId=RR423820220409134714119178, From: subscribe, IPv_Type: ipv6, Location: 中国, ISP: 中国移动, Date: None, Delay: 0.1 ms, Speed: inf M/s, Resolution: 1920x1080
Name: 辽宁卫视, URL: http://[2409:8087:2001:20:2800:0:df6e:eb17]:80/ott.mobaibox.com/PLTV/4/224/3221227485/index.m3u8, From: subscribe, IPv_Type: ipv6, Location: 中国, ISP: 中国移动, Date: None, Delay: 0.1 ms, Speed: inf M/s, Resolution: 1920x1080
Name: 辽宁卫视, URL: http://goo.bkpcp.top/mg/lnws, From: subscribe, IPv_Type: ipv6, Location: 美国, ISP: CloudFlare Inc., Date: None, Delay: 0.1 ms, Speed: inf M/s, Resolution: 1920x1080
Name: 辽宁卫视, URL: http://yc.myds.me:35455/itv/5000000004000011671.m3u8?cdn=bestzb, From: subscribe, IPv_Type: ipv6, Location: 中国, ISP: 中国电信, Date: None, Delay: 0.1 ms, Speed: inf M/s, Resolution: 1920x1080
Name: 辽宁卫视, URL: http://nas.suntao.online:35455/itv/5000000004000011671.m3u8?cdn=bestzb, From: subscribe, IPv_Type: ipv6, Location: 中国, ISP: 中国联通, Date: None, Delay: 0.1 ms, Speed: inf M/s, Resolution: 1920x1080
Name: 辽宁卫视, URL: http://lu.wqwqwq.sbs/itv/1000000005000265022.m3u8?cdn=ystenlive, From: subscribe, IPv_Type: ipv6, Location: 美国, ISP: CloudFlare Inc., Date: None, Delay: 0.1 ms, Speed: inf M/s, Resolution: 1920x1080
Name: 辽宁卫视, URL: http://[2409:8087:2001:20:2800:0:df6e:eb0c]:80/wh7f454c46tw1932285680_928895632/ott.mobaibox.com/PLTV/3/224/3221227676/index.m3u8?icpid=3&RTS=1674386342&from=40&popid=40&hms_devid=2040&prioritypopid=40&vqe=3, From: subscribe, IPv_Type: ipv6, Location: 中国, ISP: 中国移动, Date: None, Delay: 0.1 ms, Speed: inf M/s, Resolution: 1920x1080
Name: 辽宁卫视, URL: http://[2409:8087:2001:20:2800:0:df6e:eb02]:80/wh7f454c46tw1932493433_-7314784/ott.mobaibox.com/PLTV/3/224/3221227700/index.m3u8?icpid=3&RTS=1674386342&from=40&popid=40&hms_devid=2039&prioritypopid=40&vqe=3, From: subscribe, IPv_Type: ipv6, Location: 中国, ISP: 中国移动, Date: None, Delay: 0.1 ms, Speed: inf M/s, Resolution: 1920x1080
Name: 辽宁卫视, URL: http://[2409:8087:2001:20:2800:0:df6e:eb10]:80/wh7f454c46tw514415942_-407592699/ott.mobaibox.com/PLTV/3/224/3221228162/index.m3u8?icpid=3&RTS=1674380629&from=40&popid=40&hms_devid=2110&prioritypopid=40&vqe=3, From: subscribe, IPv_Type: ipv6, Location: 中国, ISP: 中国移动, Date: None, Delay: 0.1 ms, Speed: inf M/s, Resolution: 1920x1080
Name: 辽宁卫视, URL: http://[2409:8087:1e03:21::42]:6610/cms001/ch00000090990000001035/index.m3u8, From: subscribe, IPv_Type: ipv6, Location: 中国, ISP: 中国移动, Date: None, Delay: 0.1 ms, Speed: inf M/s, Resolution: 1920x1080
Name: 辽宁卫视, URL: http://[2409:8087:4c0a:22:1::11]:6410/170000001115/UmaiCHAN3450001BESTVSMGSMG/index.m3u8?m3u8_level=2, From: subscribe, IPv_Type: ipv6, Location: 中国, ISP: 中国移动, Date: None, Delay: 0.1 ms, Speed: inf M/s, Resolution: 1920x1080
Name: 辽宁卫视, URL: http://[2409:8087:5e01:34::38]:6610/ZTE_CMS/00000001000000060000000000000367/index.m3u8, From: subscribe, IPv_Type: ipv6, Location: 中国, ISP: 中国移动, Date: None, Delay: 0.1 ms, Speed: inf M/s, Resolution: 1920x1080
Name: 辽宁卫视, URL: http://[2409:8087:5e00:24::1e]:6060/200000001898/460000089800010061/1.m3u8, From: subscribe, IPv_Type: ipv6, Location: 中国, ISP: 中国移动, Date: None, Delay: 0.1 ms, Speed: inf M/s, Resolution: 1920x1080
Name: 辽宁卫视, URL: http://[2409:8087:5e01:34::22]:6610/ZTE_CMS/00000001000000060000000000000367/index.m3u8?IAS, From: subscribe, IPv_Type: ipv6, Location: 中国, ISP: 中国移动, Date: None, Delay: 0.1 ms, Speed: inf M/s, Resolution: 1920x1080
Name: 辽宁卫视, URL: http://[2409:8087:5e01:34::21]:6610/ZTE_CMS/00000001000000060000000000000367/index.m3u8?IAS, From: subscribe, IPv_Type: ipv6, Location: 中国, ISP: 中国移动, Date: None, Delay: 0.1 ms, Speed: inf M/s, Resolution: 1920x1080
Name: 辽宁卫视, URL: http://[2409:8087:5e01:34::20]:6610/ZTE_CMS/00000001000000060000000000000367/index.m3u8?IAS, From: subscribe, IPv_Type: ipv6, Location: 中国, ISP: 中国移动, Date: None, Delay: 0.1 ms, Speed: inf M/s, Resolution: 1920x1080
Name: 辽宁卫视, URL: http://[2409:8087:5e01:34::23]:6610/ZTE_CMS/00000001000000060000000000000367/index.m3u8?IAS, From: subscribe, IPv_Type: ipv6, Location: 中国, ISP: 中国移动, Date: None, Delay: 0.1 ms, Speed: inf M/s, Resolution: 1920x1080
Name: 辽宁卫视, URL: http://[2409:8087:2001:20:2800:0:df6e:eb16]/wh7f454c46tw3102310989_-1844874138/ott.mobaibox.com/PLTV/3/224/3221227485/index.m3u8?icpid=3&RTS=1668597896&from=40&popid=40&hms_devid=2114&prioritypopid=40&vqe=3, From: subscribe, IPv_Type: ipv6, Location: 中国, ISP: 中国移动, Date: None, Delay: 0.1 ms, Speed: inf M/s, Resolution: 1920x1080
Name: 辽宁卫视, URL: https://live.v1.mk/api/bestv.php?id=lnwshd8m/8000000, From: subscribe, IPv_Type: ipv6, Location: 美国, ISP: CloudFlare Inc., Date: None, Delay: 0.1 ms, Speed: inf M/s, Resolution: 1920x1080
Name: 辽宁卫视, URL: http://[2409:8087:74f0:22::7]:6410/270000001128/9900000526/index.m3u8, From: subscribe, IPv_Type: ipv6, Location: 中国, ISP: 中国移动, Date: None, Delay: 0.1 ms, Speed: inf M/s, Resolution: 1920x1080
Name: 辽宁卫视, URL: http://[2409:8087:3869:8021:1001::e5]:6610/PLTV/88888888/224/3221225726/2/index.m3u8, From: subscribe, IPv_Type: ipv6, Location: 中国, ISP: 中国移动, Date: None, Delay: -1 ms, Speed: 0.00 M/s, Resolution: None
Name: 辽宁卫视, URL: http://rrs01.hw.gmcc.net:8088/PLTV/81/224/3221226689/1.m3u8, From: subscribe, IPv_Type: ipv6, Location: 中国, ISP: 中国移动, Date: None, Delay: -1 ms, Speed: 0.00 M/s, Resolution: None
Name: 辽宁卫视, URL: http://[2409:8087:5e08:25::16]:6610/200000001898/460000089800010061/1.m3u8, From: subscribe, IPv_Type: ipv6, Location: 中国, ISP: 中国移动, Date: None, Delay: -1 ms, Speed: 0.00 M/s, Resolution: None
Name: 辽宁卫视, URL: https://mursor.ottiptv.cc/mcp/liaoning.m3u8, From: subscribe, IPv_Type: ipv6, Location: 美国, ISP: Oracle Corporation, Date: None, Delay: -1 ms, Speed: 0.00 M/s, Resolution: None
Name: 辽宁卫视, URL: https://migu.188766.xyz/?migutoken=9b7fa6f266779a6fb9a98d00830522cf&id=%E8%BE%BD%E5%AE%81%E5%8D%AB%E8%A7%86&type=yy, From: None, IPv_Type: ipv6, Location: 美国, ISP: CloudFlare Inc., Date: None, Delay: -1 ms, Speed: 0.00 M/s, Resolution: None
Name: 辽宁卫视, URL: https://cc06.tv12.xyz/70.m3u8, From: subscribe, IPv_Type: ipv6, Location: 美国, ISP: CloudFlare Inc., Date: None, Delay: -1 ms, Speed: 0.00 M/s, Resolution: None
Name: 辽宁卫视, URL: https://iptv.catvod.com/live.php?id=%E8%BE%BD%E5%AE%81%E5%8D%AB%E8%A7%86, From: subscribe, IPv_Type: ipv6, Location: 美国, ISP: CloudFlare Inc., Date: None, Delay: -1 ms, Speed: 0.00 M/s, Resolution: None
Name: 辽宁卫视, URL: https://shyd.695847.xyz/cms001/ch00000090990000001035/index.m3u8?IASHttpSessionId=RR4967720251014100028031761&ispcode=12, From: subscribe, IPv_Type: ipv6, Location: 美国, ISP: CloudFlare Inc., Date: None, Delay: -1 ms, Speed: 0.00 M/s, Resolution: None
Name: 辽宁卫视, URL: https://live.chinacert.cftest5.cn/mg/?id=630291707, From: subscribe, IPv_Type: ipv6, Location: 中国, ISP: 中国移动, Date: None, Delay: -1 ms, Speed: 0.00 M/s, Resolution: None
Name: 辽宁卫视, URL: https://www.goodiptv.club/douyu/9403738, From: subscribe, IPv_Type: ipv6, Location: 美国, ISP: CloudFlare Inc., Date: None, Delay: -1 ms, Speed: 0.00 M/s, Resolution: None
Name: 内蒙古卫视, URL: http://php.jdshipin.com/TVOD/hljyd.php?id=3221225634, From: subscribe, IPv_Type: ipv6, Location: 美国, ISP: CloudFlare Inc., Date: None, Delay: 0.1 ms, Speed: inf M/s, Resolution: 1920x1080
Name: 内蒙古卫视, URL: http://z.b.bkpcp.top/m.php?id=nmws, From: subscribe, IPv_Type: ipv6, Location: 美国, ISP: CloudFlare Inc., Date: None, Delay: 0.1 ms, Speed: inf M/s, Resolution: 1920x1080
Name: 内蒙古卫视, URL: https://ali-m-l.cztv.com/channels/lantian/channel007/1080p.m3u8, From: subscribe, IPv_Type: ipv6, Location: 中国-广西-防城港, ISP: 电信, Date: None, Delay: 0.1 ms, Speed: inf M/s, Resolution: 1920x1080
Name: 内蒙古卫视, URL: http://goo.bkpcp.top/mg/nmws, From: subscribe, IPv_Type: ipv6, Location: 美国, ISP: CloudFlare Inc., Date: None, Delay: 0.1 ms, Speed: inf M/s, Resolution: 1920x1080
Name: 内蒙古卫视, URL: http://dsj.motem.top:8880/bptv/10000100000000050000000003887427.m3u8, From: subscribe, IPv_Type: ipv6, Location: 美国, ISP: CloudFlare Inc., Date: None, Delay: 0.1 ms, Speed: inf M/s, Resolution: 1920x1080
Name: 内蒙古卫视, URL: http://[2409:8087:1e03:21::2]:6060/cms001/ch00000090990000001068/index.m3u8, From: subscribe, IPv_Type: ipv6, Location: 中国, ISP: 中国移动, Date: None, Delay: 0.1 ms, Speed: inf M/s, Resolution: 1920x1080
Name: 内蒙古卫视, URL: http://[2409:8087:3428:20:500::100f]:6610/PLTV/88888888/224/3221227244/index.m3u8?servicetype=1&IASHttpSessionId=RR423820220409134714119178, From: subscribe, IPv_Type: ipv6, Location: 中国, ISP: 中国移动, Date: None, Delay: 0.1 ms, Speed: inf M/s, Resolution: 1920x1080
Name: 内蒙古卫视, URL: http://[2409:8087:3428:20:500::1009]:6610/PLTV/88888888/224/3221227244/index.m3u8?servicetype=1&IASHttpSessionId=RR423820220409134714119178, From: subscribe, IPv_Type: ipv6, Location: 中国, ISP: 中国移动, Date: None, Delay: 0.1 ms, Speed: inf M/s, Resolution: 1920x1080
Name: 内蒙古卫视, URL: http://[2409:8087:2001:20:2800:0:df6e:eb19]:80/wh7f454c46tw2228825807_1324573507/ott.mobaibox.com/PLTV/3/224/3221227557/index.m3u8, From: subscribe, IPv_Type: ipv6, Location: 中国, ISP: 中国移动, Date: None, Delay: 0.1 ms, Speed: inf M/s, Resolution: 1920x1080
Name: 内蒙古卫视, URL: http://[2409:8087:3869:8021:1001::e5]:6610/PLTV/88888888/224/3221225601/2/index.m3u8, From: subscribe, IPv_Type: ipv6, Location: 中国, ISP: 中国移动, Date: None, Delay: -1 ms, Speed: 0.00 M/s, Resolution: None
Name: 内蒙古卫视, URL: http://rrs01.hw.gmcc.net:8088/PLTV/81/224/3221226685/1.m3u8, From: subscribe, IPv_Type: ipv6, Location: 中国, ISP: 中国移动, Date: None, Delay: -1 ms, Speed: 0.00 M/s, Resolution: None
Name: 内蒙古卫视, URL: http://[2409:8087:5e08:25::16]:6610/200000001898/460000089800010109/1.m3u8, From: subscribe, IPv_Type: ipv6, Location: 中国, ISP: 中国移动, Date: None, Delay: -1 ms, Speed: 0.00 M/s, Resolution: None
Name: 内蒙古卫视, URL: https://mursor.ottiptv.cc/mcp/neimenggu.m3u8, From: subscribe, IPv_Type: ipv6, Location: 美国, ISP: Oracle Corporation, Date: None, Delay: -1 ms, Speed: 0.00 M/s, Resolution: None
Name: 内蒙古卫视, URL: https://migu.188766.xyz/?migutoken=1ecec13d2a3c1e12ad69afc48abed3cf&id=%E5%86%85%E8%92%99%E5%8F%A4%E5%8D%AB%E8%A7%86&pp=1, From: None, IPv_Type: ipv6, Location: 美国, ISP: CloudFlare Inc., Date: None, Delay: -1 ms, Speed: 0.00 M/s, Resolution: None
Name: 内蒙古卫视, URL: https://cc06.tv12.xyz/94.m3u8, From: subscribe, IPv_Type: ipv6, Location: 美国, ISP: CloudFlare Inc., Date: None, Delay: -1 ms, Speed: 0.00 M/s, Resolution: None
Name: 内蒙古卫视, URL: https://iptv.catvod.com/live.php?id=%E5%86%85%E8%92%99%E5%8F%A4%E5%8D%AB%E8%A7%86%E5%8F%B0, From: None, IPv_Type: ipv6, Location: 美国, ISP: CloudFlare Inc., Date: None, Delay: -1 ms, Speed: 0.00 M/s, Resolution: None
Name: 内蒙古卫视, URL: https://shyd.695847.xyz/cms001/ch00000090990000001530/index.m3u8?IASHttpSessionId=RR4967720251014100028031761&ispcode=12, From: subscribe, IPv_Type: ipv6, Location: 美国, ISP: CloudFlare Inc., Date: None, Delay: -1 ms, Speed: 0.00 M/s, Resolution: None
Name: 宁夏卫视, URL: http://php.jdshipin.com/TVOD/hnyd.php?id=200000001898/460000089800010110, From: subscribe, IPv_Type: ipv6, Location: 美国, ISP: CloudFlare Inc., Date: None, Delay: 0.1 ms, Speed: inf M/s, Resolution: 1920x1080
Name: 宁夏卫视, URL: http://z.b.bkpcp.top/m.php?id=nxws, From: subscribe, IPv_Type: ipv6, Location: 美国, ISP: CloudFlare Inc., Date: None, Delay: 0.1 ms, Speed: inf M/s, Resolution: 1920x1080
Name: 宁夏卫视, URL: http://goo.bkpcp.top/mg/nxws, From: subscribe, IPv_Type: ipv6, Location: 美国, ISP: CloudFlare Inc., Date: None, Delay: 0.1 ms, Speed: inf M/s, Resolution: 1920x1080
Name: 宁夏卫视, URL: http://dsj.motem.top:8880/bptv/10000100000000050000000003887433.m3u8, From: subscribe, IPv_Type: ipv6, Location: 美国, ISP: CloudFlare Inc., Date: None, Delay: 0.1 ms, Speed: inf M/s, Resolution: 1920x1080
Name: 宁夏卫视, URL: http://[2409:8087:1e03:21::2]:6060/cms001/ch00000090990000001074/index.m3u8, From: subscribe, IPv_Type: ipv6, Location: 中国, ISP: 中国移动, Date: None, Delay: 0.1 ms, Speed: inf M/s, Resolution: 1920x1080
Name: 宁夏卫视, URL: http://[2409:8087:3428:20:500::100f]:6610/PLTV/88888888/224/3221227254/index.m3u8?servicetype=1&IASHttpSessionId=RR423820220409134714119178, From: subscribe, IPv_Type: ipv6, Location: 中国, ISP: 中国移动, Date: None, Delay: 0.1 ms, Speed: inf M/s, Resolution: 1920x1080
Name: 宁夏卫视, URL: http://[2409:8087:3428:20:500::1009]:6610/PLTV/88888888/224/3221227254/index.m3u8?servicetype=1&IASHttpSessionId=RR423820220409134714119178, From: subscribe, IPv_Type: ipv6, Location: 中国, ISP: 中国移动, Date: None, Delay: 0.1 ms, Speed: inf M/s, Resolution: 1920x1080
Name: 宁夏卫视, URL: http://tvh.990066.xyz/stream/channelid/663195650?profile=pass, From: subscribe, IPv_Type: ipv6, Location: 美国, ISP: CloudFlare Inc., Date: None, Delay: 0.1 ms, Speed: inf M/s, Resolution: 1920x1080
Name: 宁夏卫视, URL: http://[2409:8087:5e01:34::22]:6610/ZTE_CMS/00000001000000060000000000000309/index.m3u8, From: subscribe, IPv_Type: ipv6, Location: 中国, ISP: 中国移动, Date: None, Delay: 0.1 ms, Speed: inf M/s, Resolution: 1920x1080
Name: 宁夏卫视, URL: http://[2409:8087:3869:8021:1001::e5]:6610/PLTV/88888888/224/3221225726/2/index.m3u8, From: subscribe, IPv_Type: ipv6, Location: 中国, ISP: 中国移动, Date: None, Delay: -1 ms, Speed: 0.00 M/s, Resolution: None
Name: 宁夏卫视, URL: http://rrs01.hw.gmcc.net:8088/PLTV/81/224/3221226691/1.m3u8, From: subscribe, IPv_Type: ipv6, Location: 中国, ISP: 中国移动, Date: None, Delay: -1 ms, Speed: 0.00 M/s, Resolution: None
Name: 宁夏卫视, URL: http://[2409:8087:5e08:25::16]:6610/200000001898/460000089800010110/1.m3u8, From: subscribe, IPv_Type: ipv6, Location: 中国, ISP: 中国移动, Date: None, Delay: -1 ms, Speed: 0.00 M/s, Resolution: None
Name: 宁夏卫视, URL: https://mursor.ottiptv.cc/mcp/ningxia.m3u8, From: subscribe, IPv_Type: ipv6, Location: 美国, ISP: Oracle Corporation, Date: None, Delay: -1 ms, Speed: 0.00 M/s, Resolution: None
Name: 宁夏卫视, URL: https://migu.188766.xyz/?migutoken=c4dc8d5ba86b582a67f4146af2aaf463&id=nxws_hd&type=sz, From: subscribe, IPv_Type: ipv6, Location: 美国, ISP: CloudFlare Inc., Date: None, Delay: -1 ms, Speed: 0.00 M/s, Resolution: None
Name: 宁夏卫视, URL: https://cc06.tv12.xyz/96.m3u8, From: subscribe, IPv_Type: ipv6, Location: 美国, ISP: CloudFlare Inc., Date: None, Delay: -1 ms, Speed: 0.00 M/s, Resolution: None
Name: 宁夏卫视, URL: https://shyd.695847.xyz/cms001/ch00000090990000001074/index.m3u8?IASHttpSessionId=RR4967720251014100028031761&ispcode=12, From: subscribe, IPv_Type: ipv6, Location: 美国, ISP: CloudFlare Inc., Date: None, Delay: -1 ms, Speed: 0.00 M/s, Resolution: None
Name: 宁夏卫视, URL: https://iptv.catvod.com/live.php?id=%E5%AE%81%E5%A4%8F%E5%8D%AB%E8%A7%86, From: subscribe, IPv_Type: ipv6, Location: 美国, ISP: CloudFlare Inc., Date: None, Delay: -1 ms, Speed: 0.00 M/s, Resolution: None
Name: 青海卫视, URL: http://php.jdshipin.com/TVOD/hnyd.php?id=200000001898/460000089800010111, From: subscribe, IPv_Type: ipv6, Location: 美国, ISP: CloudFlare Inc., Date: None, Delay: 0.1 ms, Speed: inf M/s, Resolution: 1920x1080
Name: 青海卫视, URL: http://z.b.bkpcp.top/m.php?id=qhws, From: subscribe, IPv_Type: ipv6, Location: 美国, ISP: CloudFlare Inc., Date: None, Delay: 0.1 ms, Speed: inf M/s, Resolution: 1920x1080
Name: 青海卫视, URL: http://goo.bkpcp.top/mg/qhws, From: subscribe, IPv_Type: ipv6, Location: 美国, ISP: CloudFlare Inc., Date: None, Delay: 0.1 ms, Speed: inf M/s, Resolution: 1920x1080
Name: 青海卫视, URL: http://dsj.motem.top:8880/bptv/10000100000000050000000003887430.m3u8, From: subscribe, IPv_Type: ipv6, Location: 美国, ISP: CloudFlare Inc., Date: None, Delay: 0.1 ms, Speed: inf M/s, Resolution: 1920x1080
Name: 青海卫视, URL: http://[2409:8087:1e03:21::2]:6060/cms001/ch00000090990000001082/index.m3u8, From: subscribe, IPv_Type: ipv6, Location: 中国, ISP: 中国移动, Date: None, Delay: 0.1 ms, Speed: inf M/s, Resolution: 1920x1080
Name: 青海卫视, URL: http://[2409:8087:3428:20:500::100f]:6610/PLTV/88888888/224/3221227119/index.m3u8?servicetype=1&IASHttpSessionId=RR423820220409134714119178, From: subscribe, IPv_Type: ipv6, Location: 中国, ISP: 中国移动, Date: None, Delay: 0.1 ms, Speed: inf M/s, Resolution: 1920x1080
Name: 青海卫视, URL: http://[2409:8087:3428:20:500::1009]:6610/PLTV/88888888/224/3221227119/index.m3u8?servicetype=1&IASHttpSessionId=RR423820220409134714119178, From: subscribe, IPv_Type: ipv6, Location: 中国, ISP: 中国移动, Date: None, Delay: 0.1 ms, Speed: inf M/s, Resolution: 1920x1080
Name: 青海卫视, URL: http://[2409:8087:2001:20:2800:0:df6e:eb1b]/ott.mobaibox.com/PLTV/3/224/3221227554/index.m3u8, From: subscribe, IPv_Type: ipv6, Location: 中国, ISP: 中国移动, Date: None, Delay: 0.1 ms, Speed: inf M/s, Resolution: 1920x1080
Name: 青海卫视, URL: http://[2409:8087:5e01:34::23]:6610/ZTE_CMS/00000001000000060000000000000320/index.m3u8, From: subscribe, IPv_Type: ipv6, Location: 中国, ISP: 中国移动, Date: None, Delay: 0.1 ms, Speed: inf M/s, Resolution: 1920x1080
Name: 青海卫视, URL: http://nas.suntao.online:35455/itv/1000000002000013359.m3u8?cdn=ystenlive, From: subscribe, IPv_Type: ipv6, Location: 中国, ISP: 中国联通, Date: None, Delay: 0.1 ms, Speed: inf M/s, Resolution: 1920x1080
Name: 青海卫视, URL: http://lu.wqwqwq.sbs/itv/1000000002000013359.m3u8?cdn=ystenlive, From: subscribe, IPv_Type: ipv6, Location: 美国, ISP: CloudFlare Inc., Date: None, Delay: 0.1 ms, Speed: inf M/s, Resolution: 1920x1080
Name: 青海卫视, URL: http://[2409:8087:2001:20:2800:0:df6e:eb1a]:80/wh7f454c46tw348498084_-2063977587/ott.mobaibox.com/PLTV/3/224/3221227554/index.m3u8?icpid=3&RTS=1674380463&from=40&popid=40&hms_devid=2116&prioritypopid=40&vqe=3, From: subscribe, IPv_Type: ipv6, Location: 中国, ISP: 中国移动, Date: None, Delay: 0.1 ms, Speed: inf M/s, Resolution: 1920x1080
Name: 青海卫视, URL: http://[2409:8087:74f0:22::5]:6410/270000001128/9900000042/index.m3u8, From: subscribe, IPv_Type: ipv6, Location: 中国, ISP: 中国移动, Date: None, Delay: 0.1 ms, Speed: inf M/s, Resolution: 1920x1080
Name: 青海卫视, URL: http://[2409:8087:5e00:24::1e]:6060/200000001898/460000089800010111/1.m3u8, From: subscribe, IPv_Type: ipv6, Location: 中国, ISP: 中国移动, Date: None, Delay: 0.1 ms, Speed: inf M/s, Resolution: 1920x1080
Name: 青海卫视, URL: http://[2409:8087:3869:8021:1001::e5]:6610/PLTV/88888888/224/3221225727/2/index.m3u8, From: subscribe, IPv_Type: ipv6, Location: 中国, ISP: 中国移动, Date: None, Delay: -1 ms, Speed: 0.00 M/s, Resolution: None
Name: 青海卫视, URL: http://rrs01.hw.gmcc.net:8088/PLTV/81/224/3221226696/1.m3u8, From: subscribe, IPv_Type: ipv6, Location: 中国, ISP: 中国移动, Date: None, Delay: -1 ms, Speed: 0.00 M/s, Resolution: None
Name: 青海卫视, URL: http://[2409:8087:5e08:25::16]:6610/200000001898/460000089800010111/1.m3u8, From: subscribe, IPv_Type: ipv6, Location: 中国, ISP: 中国移动, Date: None, Delay: -1 ms, Speed: 0.00 M/s, Resolution: None
Name: 青海卫视, URL: https://migu.188766.xyz/?migutoken=2555ca6e64ee44873750ee80a1c645ec&id=%E9%9D%92%E6%B5%B7%E5%8D%AB%E8%A7%86&type=yy, From: None, IPv_Type: ipv6, Location: 美国, ISP: CloudFlare Inc., Date: None, Delay: -1 ms, Speed: 0.00 M/s, Resolution: None
Name: 青海卫视, URL: https://cc06.tv12.xyz/97.m3u8, From: subscribe, IPv_Type: ipv6, Location: 美国, ISP: CloudFlare Inc., Date: None, Delay: -1 ms, Speed: 0.00 M/s, Resolution: None
Name: 青海卫视, URL: https://jzb.wwkejishe.top/?id=605, From: subscribe, IPv_Type: ipv6, Location: 美国, ISP: CloudFlare Inc., Date: None, Delay: -1 ms, Speed: 0.00 M/s, Resolution: None
Name: 青海卫视, URL: https://iptv.catvod.com/live.php?id=%E9%9D%92%E6%B5%B7%E5%8D%AB%E8%A7%86%E5%8F%B0, From: subscribe, IPv_Type: ipv6, Location: 美国, ISP: CloudFlare Inc., Date: None, Delay: -1 ms, Speed: 0.00 M/s, Resolution: None
Name: 青海卫视, URL: https://shyd.695847.xyz/cms001/ch00000090990000001450/index.m3u8?IASHttpSessionId=RR4967720251014100028031761&ispcode=12, From: subscribe, IPv_Type: ipv6, Location: 美国, ISP: CloudFlare Inc., Date: None, Delay: -1 ms, Speed: 0.00 M/s, Resolution: None
Name: 青海卫视, URL: https://live.chinacert.cftest5.cn/mg/?id=947472506, From: subscribe, IPv_Type: ipv6, Location: 中国, ISP: 中国移动, Date: None, Delay: -1 ms, Speed: 0.00 M/s, Resolution: None
Name: 山东卫视, URL: http://php.jdshipin.com/TVOD/hnyd.php?id=200000001898/460000089800010066, From: subscribe, IPv_Type: ipv6, Location: 美国, ISP: CloudFlare Inc., Date: None, Delay: 0.1 ms, Speed: inf M/s, Resolution: 1920x1080
Name: 山东卫视, URL: http://z.b.bkpcp.top/m.php?id=sdws, From: subscribe, IPv_Type: ipv6, Location: 美国, ISP: CloudFlare Inc., Date: None, Delay: 0.1 ms, Speed: inf M/s, Resolution: 1920x1080
Name: 山东卫视, URL: http://l.cztvcloud.com/channels/lantian/SXshengzhou1/720p.m3u8, From: subscribe, IPv_Type: ipv6, Location: 中国-江苏-常州, ISP: 电信, Date: None, Delay: 0.1 ms, Speed: inf M/s, Resolution: 1920x1080
Name: 山东卫视, URL: http://iptv.huuc.edu.cn/hls/sdhd.m3u8, From: subscribe, IPv_Type: ipv6, Location: 中国, ISP: 教育网, Date: None, Delay: 0.1 ms, Speed: inf M/s, Resolution: 1920x1080
Name: 山东卫视, URL: http://dsj.motem.top:8880/bptv/10000100000000050000000003873467.m3u8, From: subscribe, IPv_Type: ipv6, Location: 美国, ISP: CloudFlare Inc., Date: None, Delay: 0.1 ms, Speed: inf M/s, Resolution: 1920x1080
Name: 山东卫视, URL: http://[2409:8087:2001:20:2800:0:df6e:eb11]:80/ott.mobaibox.com/PLTV/4/224/3221227517/index.m3u8, From: subscribe, IPv_Type: ipv6, Location: 中国, ISP: 中国移动, Date: None, Delay: 0.1 ms, Speed: inf M/s, Resolution: 1920x1080
Name: 山东卫视, URL: http://[2409:8087:3428:20:500::100f]:6610/PLTV/88888888/224/3221225843/index.m3u8?servicetype=1&IASHttpSessionId=RR423820220409134714119178, From: subscribe, IPv_Type: ipv6, Location: 中国, ISP: 中国移动, Date: None, Delay: 0.1 ms, Speed: inf M/s, Resolution: 1920x1080
Name: 山东卫视, URL: http://goo.bkpcp.top/mg/sdws, From: subscribe, IPv_Type: ipv6, Location: 美国, ISP: CloudFlare Inc., Date: None, Delay: 0.1 ms, Speed: inf M/s, Resolution: 1920x1080
Name: 山东卫视, URL: http://yc.myds.me:35455/itv/6000000001000004134.m3u8?cdn=wasusyt, From: subscribe, IPv_Type: ipv6, Location: 中国, ISP: 中国电信, Date: None, Delay: 0.1 ms, Speed: inf M/s, Resolution: 1920x1080
Name: 山东卫视, URL: http://nas.suntao.online:35455/itv/1000000001000016568.m3u8?cdn=ystenlive, From: subscribe, IPv_Type: ipv6, Location: 中国, ISP: 中国联通, Date: None, Delay: 0.1 ms, Speed: inf M/s, Resolution: 1920x1080
Name: 山东卫视, URL: http://lu.wqwqwq.sbs/itv/1000000005000265019.m3u8?cdn=ystenlive, From: subscribe, IPv_Type: ipv6, Location: 美国, ISP: CloudFlare Inc., Date: None, Delay: 0.1 ms, Speed: inf M/s, Resolution: 1920x1080
Name: 山东卫视, URL: http://[2409:8087:3428:20:500::1009]:6610/PLTV/88888888/224/3221225843/index.m3u8?servicetype=1&IASHttpSessionId=RR423820220409134714119178, From: subscribe, IPv_Type: ipv6, Location: 中国, ISP: 中国移动, Date: None, Delay: 0.1 ms, Speed: inf M/s, Resolution: 1920x1080
Name: 山东卫视, URL: http://[2409:8087:2001:20:2800:0:df6e:eb07]:80/wh7f454c46tw198928259_-1438986513/ott.mobaibox.com/PLTV/3/224/3221227621/index.m3u8?icpid=3&RTS=1674380314&from=40&popid=40&hms_devid=2036&prioritypopid=40&vqe=3, From: subscribe, IPv_Type: ipv6, Location: 中国, ISP: 中国移动, Date: None, Delay: 0.1 ms, Speed: inf M/s, Resolution: 1920x1080
Name: 山东卫视, URL: http://[2409:8087:2001:20:2800:0:df6e:eb02]:80/wh7f454c46tw1544454067_649511222/ott.mobaibox.com/PLTV/3/224/3221227697/index.m3u8?icpid=3&RTS=1674385954&from=40&popid=40&hms_devid=2039&prioritypopid=40&vqe=3, From: subscribe, IPv_Type: ipv6, Location: 中国, ISP: 中国移动, Date: None, Delay: 0.1 ms, Speed: inf M/s, Resolution: 1920x1080
Name: 山东卫视, URL: http://[2409:8087:2001:20:2800:0:df6e:eb0a]:80/wh7f454c46tw1930403571_110324233/ott.mobaibox.com/PLTV/3/224/3221228124/index.m3u8?icpid=3&RTS=1674386340&from=40&popid=40&hms_devid=2038&prioritypopid=40&vqe=3, From: subscribe, IPv_Type: ipv6, Location: 中国, ISP: 中国移动, Date: None, Delay: 0.1 ms, Speed: inf M/s, Resolution: 1920x1080
Name: 山东卫视, URL: http://[2409:8087:1e03:21::42]:6610/cms001/ch00000090990000001028/index.m3u8, From: subscribe, IPv_Type: ipv6, Location: 中国, ISP: 中国移动, Date: None, Delay: 0.1 ms, Speed: inf M/s, Resolution: 1920x1080
Name: 山东卫视, URL: http://[2409:8087:4c0a:22:1::11]:6410/170000001115/UmaiCHAN911992BESTVSMGSMG/index.m3u8?m3u8_level=2, From: subscribe, IPv_Type: ipv6, Location: 中国, ISP: 中国移动, Date: None, Delay: 0.1 ms, Speed: inf M/s, Resolution: 1920x1080
Name: 山东卫视, URL: http://[2409:8087:5e01:34::38]:6610/ZTE_CMS/00000001000000060000000000000364/index.m3u8, From: subscribe, IPv_Type: ipv6, Location: 中国, ISP: 中国移动, Date: None, Delay: 0.1 ms, Speed: inf M/s, Resolution: 1920x1080
Name: 山东卫视, URL: http://[2409:8087:5e00:24::1e]:6060/200000001898/460000089800010066/1.m3u8, From: subscribe, IPv_Type: ipv6, Location: 中国, ISP: 中国移动, Date: None, Delay: 0.1 ms, Speed: inf M/s, Resolution: 1920x1080
Name: 山东卫视, URL: http://[2409:8087:5e00:24::1f]:6060/ZTE_CMS/00000001000000060000000000000364/index.m3u8, From: subscribe, IPv_Type: ipv6, Location: 中国, ISP: 中国移动, Date: None, Delay: 0.1 ms, Speed: inf M/s, Resolution: 1920x1080
Name: 山东卫视, URL: http://[2409:8087:5e01:34::20]:6610/ZTE_CMS/00000001000000060000000000000364/index.m3u8?IAS, From: subscribe, IPv_Type: ipv6, Location: 中国, ISP: 中国移动, Date: None, Delay: 0.1 ms, Speed: inf M/s, Resolution: 1920x1080
Name: 山东卫视, URL: http://[2409:8087:5e01:34::23]:6610/ZTE_CMS/00000001000000060000000000000364/index.m3u8?IAS, From: subscribe, IPv_Type: ipv6, Location: 中国, ISP: 中国移动, Date: None, Delay: 0.1 ms, Speed: inf M/s, Resolution: 1920x1080
Name: 山东卫视, URL: http://[2409:8087:5e01:34::22]:6610/ZTE_CMS/00000001000000060000000000000364/index.m3u8?IAS, From: subscribe, IPv_Type: ipv6, Location: 中国, ISP: 中国移动, Date: None, Delay: 0.1 ms, Speed: inf M/s, Resolution: 1920x1080
Name: 山东卫视, URL: http://[2409:8087:5e01:34::21]:6610/ZTE_CMS/00000001000000060000000000000364/index.m3u8?IAS, From: subscribe, IPv_Type: ipv6, Location: 中国, ISP: 中国移动, Date: None, Delay: 0.1 ms, Speed: inf M/s, Resolution: 1920x1080
Name: 山东卫视, URL: http://[2409:8087:2001:20:2800:0:df6e:eb10]/wh7f454c46tw2848465480_1677095697/ott.mobaibox.com/PLTV/3/224/3221227517/index.m3u8?icpid=3&RTS=1668597642&from=40&popid=40&hms_devid=2110&prioritypopid=40&vqe=3, From: subscribe, IPv_Type: ipv6, Location: 中国, ISP: 中国移动, Date: None, Delay: 0.1 ms, Speed: inf M/s, Resolution: 1920x1080
Name: 山东卫视, URL: http://[2409:8087:1e03:21::2]:6060/cms001/ch00000090990000001028/index.m3u8, From: subscribe, IPv_Type: ipv6, Location: 中国, ISP: 中国移动, Date: None, Delay: 0.1 ms, Speed: inf M/s, Resolution: 1920x1080
Name: 山东卫视, URL: http://[2409:8087:2001:20:2800:0:df6e:eb0b]:80/wh7f454c46tw1930236170_1276574350/ott.mobaibox.com/PLTV/3/224/3221227671/index.m3u8?icpid=3&RTS=1674386340&from=40&popid=40&hms_devid=2038&prioritypopid=40&vqe=3, From: subscribe, IPv_Type: ipv6, Location: 中国, ISP: 中国移动, Date: None, Delay: 0.1 ms, Speed: inf M/s, Resolution: 1920x1080
Name: 山东卫视, URL: http://[2409:8087:74f0:22::5]:6410/270000001128/9900000527/index.m3u8, From: subscribe, IPv_Type: ipv6, Location: 中国, ISP: 中国移动, Date: None, Delay: 0.1 ms, Speed: inf M/s, Resolution: 1920x1080
Name: 山东卫视, URL: http://[2409:8087:3869:8021:1001::e5]:6610/PLTV/88888888/224/3221225484/2/index.m3u8, From: subscribe, IPv_Type: ipv6, Location: 中国, ISP: 中国移动, Date: None, Delay: -1 ms, Speed: 0.00 M/s, Resolution: None
Name: 山东卫视, URL: http://rrs01.hw.gmcc.net:8088/PLTV/81/224/3221226693/1.m3u8, From: subscribe, IPv_Type: ipv6, Location: 中国, ISP: 中国移动, Date: None, Delay: -1 ms, Speed: 0.00 M/s, Resolution: None
Name: 山东卫视, URL: http://[2409:8087:5e08:25::16]:6610/200000001898/460000089800010066/1.m3u8, From: subscribe, IPv_Type: ipv6, Location: 中国, ISP: 中国移动, Date: None, Delay: -1 ms, Speed: 0.00 M/s, Resolution: None
Name: 山东卫视, URL: https://mursor.ottiptv.cc/mcp/shandong.m3u8, From: subscribe, IPv_Type: ipv6, Location: 美国, ISP: Oracle Corporation, Date: None, Delay: -1 ms, Speed: 0.00 M/s, Resolution: None
Name: 山东卫视, URL: https://migu.188766.xyz/?migutoken=c54d8ccf80c82ab591bf83acbd454b6d&id=sdws_hd&type=sz, From: subscribe, IPv_Type: ipv6, Location: 美国, ISP: CloudFlare Inc., Date: None, Delay: -1 ms, Speed: 0.00 M/s, Resolution: None
Name: 山东卫视, URL: https://cc06.tv12.xyz/101.m3u8, From: subscribe, IPv_Type: ipv6, Location: 美国, ISP: CloudFlare Inc., Date: None, Delay: -1 ms, Speed: 0.00 M/s, Resolution: None
Name: 山东卫视, URL: https://shyd.695847.xyz/cms001/ch00000090990000001028/index.m3u8?IASHttpSessionId=RR4967720251014100028031761&ispcode=12, From: subscribe, IPv_Type: ipv6, Location: 美国, ISP: CloudFlare Inc., Date: None, Delay: -1 ms, Speed: 0.00 M/s, Resolution: None
Name: 山东卫视, URL: https://iptv.catvod.com/live.php?id=%E5%B1%B1%E4%B8%9C%E5%8D%AB%E8%A7%86%E5%8F%B0, From: subscribe, IPv_Type: ipv6, Location: 美国, ISP: CloudFlare Inc., Date: None, Delay: -1 ms, Speed: 0.00 M/s, Resolution: None
Name: 山西卫视, URL: http://php.jdshipin.com/TVOD/hnyd.php?id=200000001898/460000089800010114, From: subscribe, IPv_Type: ipv6, Location: 美国, ISP: CloudFlare Inc., Date: None, Delay: 0.1 ms, Speed: inf M/s, Resolution: 1920x1080
Name: 山西卫视, URL: http://dsj.motem.top:8880/bptv/10000100000000050000000003887413.m3u8, From: subscribe, IPv_Type: ipv6, Location: 美国, ISP: CloudFlare Inc., Date: None, Delay: 0.1 ms, Speed: inf M/s, Resolution: 1920x1080
Name: 山西卫视, URL: https://live.lalifeier.eu.org/sxrtv/sxws.m3u8?t=1746292937&key=8097fcc15ecf55c37b8908da7be2be63, From: subscribe, IPv_Type: ipv6, Location: 美国, ISP: CloudFlare Inc., Date: None, Delay: 0.1 ms, Speed: inf M/s, Resolution: 1920x1080
Name: 山西卫视, URL: http://m3u8.channel.wsrtv.com.cn/cms/videos/nmip-media/channellive/channel7/playlist.m3u8, From: subscribe, IPv_Type: ipv6, Location: 中国, ISP: 中国电信, Date: None, Delay: 0.1 ms, Speed: inf M/s, Resolution: 1920x1080
Name: 山西卫视, URL: http://[2409:8087:3869:8021:1001::e5]:6610/PLTV/88888888/224/3221225730/2/index.m3u8, From: subscribe, IPv_Type: ipv6, Location: 中国, ISP: 中国移动, Date: None, Delay: 0.1 ms, Speed: inf M/s, Resolution: 1920x1080
Name: 山西卫视, URL: http://rrs01.hw.gmcc.net:8088/PLTV/81/224/3221226704/1.m3u8, From: subscribe, IPv_Type: ipv6, Location: 中国, ISP: 中国移动, Date: None, Delay: -1 ms, Speed: 0.00 M/s, Resolution: None
Name: 山西卫视, URL: http://[2409:8087:5e08:25::16]:6610/200000001898/460000089800010114/1.m3u8, From: subscribe, IPv_Type: ipv6, Location: 中国, ISP: 中国移动, Date: None, Delay: -1 ms, Speed: 0.00 M/s, Resolution: None
Name: 山西卫视, URL: https://migu.188766.xyz/?migutoken=be9c19908a88d27382520e995c3d572d&id=sxws&type=sz, From: subscribe, IPv_Type: ipv6, Location: 美国, ISP: CloudFlare Inc., Date: None, Delay: -1 ms, Speed: 0.00 M/s, Resolution: None
Name: 山西卫视, URL: http://cc02.tv12.xyz/8.m3u8, From: subscribe, IPv_Type: ipv6, Location: 美国, ISP: CloudFlare Inc., Date: None, Delay: -1 ms, Speed: 0.00 M/s, Resolution: None
Name: 山西卫视, URL: https://cc06.tv12.xyz/107.m3u8, From: subscribe, IPv_Type: ipv6, Location: 美国, ISP: CloudFlare Inc., Date: None, Delay: -1 ms, Speed: 0.00 M/s, Resolution: None
Name: 山西卫视, URL: https://jzb.wwkejishe.top/?id=624, From: subscribe, IPv_Type: ipv6, Location: 美国, ISP: CloudFlare Inc., Date: None, Delay: -1 ms, Speed: 0.00 M/s, Resolution: None
Name: 山西卫视, URL: https://shyd.695847.xyz/cms001/ch00000090990000001070/index.m3u8?IASHttpSessionId=RR4967720251014100028031761&ispcode=12, From: subscribe, IPv_Type: ipv6, Location: 美国, ISP: CloudFlare Inc., Date: None, Delay: -1 ms, Speed: 0.00 M/s, Resolution: None
Name: 山西卫视, URL: https://iptv.catvod.com/live.php?id=%E5%B1%B1%E8%A5%BF%E5%8D%AB%E8%A7%86%E5%8F%B0, From: None, IPv_Type: ipv6, Location: 美国, ISP: CloudFlare Inc., Date: None, Delay: -1 ms, Speed: 0.00 M/s, Resolution: None
Name: 陕西卫视, URL: http://php.jdshipin.com/TVOD/hnyd.php?id=200000001898/460000089800010113, From: subscribe, IPv_Type: ipv6, Location: 美国, ISP: CloudFlare Inc., Date: None, Delay: 0.1 ms, Speed: inf M/s, Resolution: 1920x1080
Name: 陕西卫视, URL: http://z.b.bkpcp.top/m.php?id=sxws, From: subscribe, IPv_Type: ipv6, Location: 美国, ISP: CloudFlare Inc., Date: None, Delay: 0.1 ms, Speed: inf M/s, Resolution: 1920x1080
Name: 陕西卫视, URL: http://gat.bkpcp.top/ymg.php?id=sxws, From: subscribe, IPv_Type: ipv6, Location: 美国, ISP: CloudFlare Inc., Date: None, Delay: 0.1 ms, Speed: inf M/s, Resolution: 1920x1080
Name: 陕西卫视, URL: http://goo.bkpcp.top/mg/sxws, From: subscribe, IPv_Type: ipv6, Location: 美国, ISP: CloudFlare Inc., Date: None, Delay: 0.1 ms, Speed: inf M/s, Resolution: 1920x1080
Name: 陕西卫视, URL: http://dsj.motem.top:8880/bptv/10000100000000050000000003887404.m3u8, From: subscribe, IPv_Type: ipv6, Location: 美国, ISP: CloudFlare Inc., Date: None, Delay: 0.1 ms, Speed: inf M/s, Resolution: 1920x1080
Name: 陕西卫视, URL: http://[2409:8087:3869:8021:1001::e5]:6610/PLTV/88888888/224/3221225729/2/index.m3u8, From: subscribe, IPv_Type: ipv6, Location: 中国, ISP: 中国移动, Date: None, Delay: 0.1 ms, Speed: inf M/s, Resolution: 1920x1080
Name: 陕西卫视, URL: http://rrs01.hw.gmcc.net:8088/PLTV/81/224/3221226707/1.m3u8, From: subscribe, IPv_Type: ipv6, Location: 中国, ISP: 中国移动, Date: None, Delay: -1 ms, Speed: 0.00 M/s, Resolution: None
Name: 陕西卫视, URL: https://migu.188766.xyz/?migutoken=98c90e52f3769b7538f662395e4f0807&id=%E9%99%95%E8%A5%BF%E5%8D%AB%E8%A7%86&type=yy, From: None, IPv_Type: ipv6, Location: 美国, ISP: CloudFlare Inc., Date: None, Delay: -1 ms, Speed: 0.00 M/s, Resolution: None
Name: 陕西卫视, URL: http://[2409:8087:5e08:25::16]:6610/200000001898/460000089800010113/1.m3u8, From: subscribe, IPv_Type: ipv6, Location: 中国, ISP: 中国移动, Date: None, Delay: -1 ms, Speed: 0.00 M/s, Resolution: None
Name: 陕西卫视, URL: https://mursor.ottiptv.cc/mcp/shanxiws.m3u8, From: subscribe, IPv_Type: ipv6, Location: 美国, ISP: Oracle Corporation, Date: None, Delay: -1 ms, Speed: 0.00 M/s, Resolution: None
Name: 陕西卫视, URL: https://cc06.tv12.xyz/106.m3u8, From: subscribe, IPv_Type: ipv6, Location: 美国, ISP: CloudFlare Inc., Date: None, Delay: -1 ms, Speed: 0.00 M/s, Resolution: None
Name: 陕西卫视, URL: https://jzb.wwkejishe.top/?id=603, From: subscribe, IPv_Type: ipv6, Location: 美国, ISP: CloudFlare Inc., Date: None, Delay: -1 ms, Speed: 0.00 M/s, Resolution: None
Name: 陕西卫视, URL: https://iptv.catvod.com/live.php?id=%E9%99%95%E8%A5%BF%E5%8D%AB%E8%A7%86, From: subscribe, IPv_Type: ipv6, Location: 美国, ISP: CloudFlare Inc., Date: None, Delay: -1 ms, Speed: 0.00 M/s, Resolution: None
Name: 陕西卫视, URL: https://shyd.695847.xyz/cms001/ch00000090990000001067/index.m3u8?IASHttpSessionId=RR4967720251014100028031761&ispcode=12, From: subscribe, IPv_Type: ipv6, Location: 美国, ISP: CloudFlare Inc., Date: None, Delay: -1 ms, Speed: 0.00 M/s, Resolution: None
Name: 陕西卫视, URL: https://live.chinacert.cftest5.cn/mg/?id=738910838, From: subscribe, IPv_Type: ipv6, Location: 中国, ISP: 中国移动, Date: None, Delay: -1 ms, Speed: 0.00 M/s, Resolution: None
Name: 四川卫视, URL: http://php.jdshipin.com/TVOD/hljyd.php?id=3221226338, From: subscribe, IPv_Type: ipv6, Location: 美国, ISP: CloudFlare Inc., Date: None, Delay: 0.1 ms, Speed: inf M/s, Resolution: 1920x1080
Name: 四川卫视, URL: http://z.b.bkpcp.top/m.php?id=scws, From: subscribe, IPv_Type: ipv6, Location: 美国, ISP: CloudFlare Inc., Date: None, Delay: 0.1 ms, Speed: inf M/s, Resolution: 1920x1080
Name: 四川卫视, URL: http://iptv.huuc.edu.cn/hls/schd.m3u8, From: subscribe, IPv_Type: ipv6, Location: 中国, ISP: 教育网, Date: None, Delay: 0.1 ms, Speed: inf M/s, Resolution: 1920x1080
Name: 四川卫视, URL: http://dsj.motem.top:8880/bptv/10000100000000050000000003887274.m3u8, From: subscribe, IPv_Type: ipv6, Location: 美国, ISP: CloudFlare Inc., Date: None, Delay: 0.1 ms, Speed: inf M/s, Resolution: 1920x1080
Name: 四川卫视, URL: http://[2409:8087:2001:20:2800:0:df6e:eb08]:80/ott.mobaibox.com/PLTV/4/224/3221228171/index.m3u8, From: subscribe, IPv_Type: ipv6, Location: 中国, ISP: 中国移动, Date: None, Delay: 0.1 ms, Speed: inf M/s, Resolution: 1920x1080
Name: 四川卫视, URL: http://[2409:8087:1e03:21::2]:6060/cms001/ch00000090990000001130/index.m3u8, From: subscribe, IPv_Type: ipv6, Location: 中国, ISP: 中国移动, Date: None, Delay: 0.1 ms, Speed: inf M/s, Resolution: 1920x1080
Name: 四川卫视, URL: http://[2409:8087:3428:20:500::100f]:6610/PLTV/88888888/224/3221225835/index.m3u8?servicetype=1&IASHttpSessionId=RR423820220409134714119178, From: subscribe, IPv_Type: ipv6, Location: 中国, ISP: 中国移动, Date: None, Delay: 0.1 ms, Speed: inf M/s, Resolution: 1920x1080
Name: 四川卫视, URL: http://nas.suntao.online:35455/itv/5000000004000006119.m3u8?cdn=bestzb, From: subscribe, IPv_Type: ipv6, Location: 中国, ISP: 中国联通, Date: None, Delay: 0.1 ms, Speed: inf M/s, Resolution: 1920x1080
Name: 四川卫视, URL: http://[2409:8087:3428:20:500::1009]:6610/PLTV/88888888/224/3221227182/index.m3u8?servicetype=1&IASHttpSessionId=RR423820220409134714119178, From: subscribe, IPv_Type: ipv6, Location: 中国, ISP: 中国移动, Date: None, Delay: 0.1 ms, Speed: inf M/s, Resolution: 1920x1080
Name: 四川卫视, URL: http://[2409:8087:2001:20:2800:0:df6e:eb09]/ott.mobaibox.com/PLTV/3/224/3221227556/index.m3u8, From: subscribe, IPv_Type: ipv6, Location: 中国, ISP: 中国移动, Date: None, Delay: 0.1 ms, Speed: inf M/s, Resolution: 1920x1080
Name: 四川卫视, URL: http://[2409:8087:4c0a:22:1::11]:6410/170000001115/UmaiCHAN3840706BESTVSMGSMG9/index.m3u8?m3u8_level=2, From: subscribe, IPv_Type: ipv6, Location: 中国, ISP: 中国移动, Date: None, Delay: 0.1 ms, Speed: inf M/s, Resolution: 1920x1080
Name: 四川卫视, URL: http://[2409:8087:4c0a:22:1::4]:6610/170000001115/UmaiCHAN3840706BESTVSMGSMG9/index.m3u8?&AuthInfo=iKAcXCX%2F8sSJnr5njfYL%2Bb%2BLLe3iX6MD%2FSG8Auk%2FYIrBUytcDOb9RAYt8ZWjjY0W6uPIF94XCzPjJb9f5ln6UQ%3D%3D, From: subscribe, IPv_Type: ipv6, Location: 中国, ISP: 中国移动, Date: None, Delay: 0.1 ms, Speed: inf M/s, Resolution: 1920x1080
Name: 四川卫视, URL: http://live.wqwqwq.sbs/itv/5000000004000006119.m3u8?cdn=bestzb, From: subscribe, IPv_Type: ipv6, Location: 美国, ISP: CloudFlare Inc., Date: None, Delay: 0.1 ms, Speed: inf M/s, Resolution: 1920x1080
Name: 四川卫视, URL: http://[2409:8087:1e03:21::42]:6610/cms001/ch00000090990000001130/index.m3u8, From: subscribe, IPv_Type: ipv6, Location: 中国, ISP: 中国移动, Date: None, Delay: 0.1 ms, Speed: inf M/s, Resolution: 1920x1080
Name: 四川卫视, URL: http://[2409:8087:74f0:22::6]:6410/270000001128/9900000025/index.m3u8, From: subscribe, IPv_Type: ipv6, Location: 中国, ISP: 中国移动, Date: None, Delay: 0.1 ms, Speed: inf M/s, Resolution: 1920x1080
Name: 四川卫视, URL: http://[2409:8087:5e00:24::1e]:6060/200000001898/460000089800010115/1.m3u8, From: subscribe, IPv_Type: ipv6, Location: 中国, ISP: 中国移动, Date: None, Delay: 0.1 ms, Speed: inf M/s, Resolution: 1920x1080
Name: 四川卫视, URL: http://[2409:8087:3869:8021:1001::e5]:6610/PLTV/88888888/224/3221225487/2/index.m3u8, From: subscribe, IPv_Type: ipv6, Location: 中国, ISP: 中国移动, Date: None, Delay: -1 ms, Speed: 0.00 M/s, Resolution: None
Name: 四川卫视, URL: http://rrs01.hw.gmcc.net:8088/PLTV/81/224/3221226659/1.m3u8, From: subscribe, IPv_Type: ipv6, Location: 中国, ISP: 中国移动, Date: None, Delay: -1 ms, Speed: 0.00 M/s, Resolution: None
Name: 四川卫视, URL: http://[2409:8087:5e08:25::16]:6610/200000001898/460000089800010115/1.m3u8, From: subscribe, IPv_Type: ipv6, Location: 中国, ISP: 中国移动, Date: None, Delay: -1 ms, Speed: 0.00 M/s, Resolution: None
Name: 四川卫视, URL: https://migu.188766.xyz/?migutoken=9b60338f5aa802b0654a71be39f09724&id=scws&type=sz, From: subscribe, IPv_Type: ipv6, Location: 美国, ISP: CloudFlare Inc., Date: None, Delay: -1 ms, Speed: 0.00 M/s, Resolution: None
Name: 四川卫视, URL: https://cc06.tv12.xyz/99.m3u8, From: subscribe, IPv_Type: ipv6, Location: 美国, ISP: CloudFlare Inc., Date: None, Delay: -1 ms, Speed: 0.00 M/s, Resolution: None
Name: 四川卫视, URL: https://shyd.695847.xyz/cms001/ch00000090990000001130/index.m3u8?IASHttpSessionId=RR4967720251014100028031761&ispcode=12, From: subscribe, IPv_Type: ipv6, Location: 美国, ISP: CloudFlare Inc., Date: None, Delay: -1 ms, Speed: 0.00 M/s, Resolution: None
Name: 四川卫视, URL: https://iptv.catvod.com/live.php?id=%E5%9B%9B%E5%B7%9D%E5%8D%AB%E8%A7%86%E5%8F%B0, From: subscribe, IPv_Type: ipv6, Location: 美国, ISP: CloudFlare Inc., Date: None, Delay: -1 ms, Speed: 0.00 M/s, Resolution: None
Name: 深圳卫视, URL: http://php.jdshipin.com/TVOD/hnyd.php?id=200000001898/460000089800010068, From: subscribe, IPv_Type: ipv6, Location: 美国, ISP: CloudFlare Inc., Date: None, Delay: 0.1 ms, Speed: inf M/s, Resolution: 1920x1080
Name: 深圳卫视, URL: http://iptv.huuc.edu.cn/hls/szhd.m3u8, From: subscribe, IPv_Type: ipv6, Location: 中国, ISP: 教育网, Date: None, Delay: 0.1 ms, Speed: inf M/s, Resolution: 1920x1080
Name: 深圳卫视, URL: https://smart.pendy.dpdns.org/Smart.php?id=shenzhen, From: subscribe, IPv_Type: ipv6, Location: 美国, ISP: CloudFlare Inc., Date: None, Delay: 0.1 ms, Speed: inf M/s, Resolution: 1920x1080
Name: 深圳卫视, URL: http://dsj.motem.top:8880/bptv/10000100000000050000000003873474.m3u8, From: subscribe, IPv_Type: ipv6, Location: 美国, ISP: CloudFlare Inc., Date: None, Delay: 0.1 ms, Speed: inf M/s, Resolution: 1920x1080
Name: 深圳卫视, URL: http://z.b.bkpcp.top/m.php?id=szws, From: subscribe, IPv_Type: ipv6, Location: 美国, ISP: CloudFlare Inc., Date: None, Delay: 0.1 ms, Speed: inf M/s, Resolution: 1920x1080
Name: 深圳卫视, URL: http://[2409:8087:2001:20:2800:0:df6e:eb11]:80/ott.mobaibox.com/PLTV/4/224/3221227555/index.m3u8, From: subscribe, IPv_Type: ipv6, Location: 中国, ISP: 中国移动, Date: None, Delay: 0.1 ms, Speed: inf M/s, Resolution: 1920x1080
Name: 深圳卫视, URL: http://yc.myds.me:35455/itv/5000000004000007410.m3u8?cdn=bestzb, From: subscribe, IPv_Type: ipv6, Location: 中国, ISP: 中国电信, Date: None, Delay: 0.1 ms, Speed: inf M/s, Resolution: 1920x1080
Name: 深圳卫视, URL: http://nas.suntao.online:35455/itv/5000000004000007410.m3u8?cdn=bestzb, From: subscribe, IPv_Type: ipv6, Location: 中国, ISP: 中国联通, Date: None, Delay: 0.1 ms, Speed: inf M/s, Resolution: 1920x1080
Name: 深圳卫视, URL: http://[2409:8087:3428:20:500::100f]:6610/PLTV/88888888/224/3221225848/index.m3u8?servicetype=1&IASHttpSessionId=RR423820220409134714119178, From: subscribe, IPv_Type: ipv6, Location: 中国, ISP: 中国移动, Date: None, Delay: 0.1 ms, Speed: inf M/s, Resolution: 1920x1080
Name: 深圳卫视, URL: http://[2409:8087:3428:20:500::1009]:6610/PLTV/88888888/224/3221225848/index.m3u8?servicetype=1&IASHttpSessionId=RR423820220409134714119178, From: subscribe, IPv_Type: ipv6, Location: 中国, ISP: 中国移动, Date: None, Delay: 0.1 ms, Speed: inf M/s, Resolution: 1920x1080
Name: 深圳卫视, URL: http://[2409:8087:2001:20:2800:0:df6e:eb1a]:80/wh7f454c46tw207777730_-119365339/ott.mobaibox.com/PLTV/3/224/3221227624/index.m3u8?icpid=3&RTS=1674380323&from=40&popid=40&hms_devid=2116&prioritypopid=40&vqe=3, From: subscribe, IPv_Type: ipv6, Location: 中国, ISP: 中国移动, Date: None, Delay: 0.1 ms, Speed: inf M/s, Resolution: 1920x1080
Name: 深圳卫视, URL: http://[2409:8087:2001:20:2800:0:df6e:eb0d]:80/wh7f454c46tw208051491_470444878/ott.mobaibox.com/PLTV/3/224/3221227677/index.m3u8?icpid=3&RTS=1674380323&from=40&popid=40&hms_devid=2040&prioritypopid=40&vqe=3, From: subscribe, IPv_Type: ipv6, Location: 中国, ISP: 中国移动, Date: None, Delay: 0.1 ms, Speed: inf M/s, Resolution: 1920x1080
Name: 深圳卫视, URL: http://[2409:8087:2001:20:2800:0:df6e:eb02]:80/wh7f454c46tw208243183_695881801/ott.mobaibox.com/PLTV/3/224/3221227695/index.m3u8?icpid=3&RTS=1674380323&from=40&popid=40&hms_devid=2039&prioritypopid=40&vqe=3, From: subscribe, IPv_Type: ipv6, Location: 中国, ISP: 中国移动, Date: None, Delay: 0.1 ms, Speed: inf M/s, Resolution: 1920x1080
Name: 深圳卫视, URL: http://[2409:8087:2001:20:2800:0:df6e:eb18]:80/wh7f454c46tw208466077_112536285/ott.mobaibox.com/PLTV/3/224/3221228236/index.m3u8?icpid=3&RTS=1674380323&from=40&popid=40&hms_devid=2113&prioritypopid=40&vqe=3, From: subscribe, IPv_Type: ipv6, Location: 中国, ISP: 中国移动, Date: None, Delay: 0.1 ms, Speed: inf M/s, Resolution: 1920x1080
Name: 深圳卫视, URL: http://[2409:8087:2001:20:2800:0:df6e:eb10]:80/wh7f454c46tw209094840_889003019/ott.mobaibox.com/PLTV/3/224/3221227555/index.m3u8?icpid=3&RTS=1674380324&from=40&popid=40&hms_devid=2110&prioritypopid=40&vqe=3, From: subscribe, IPv_Type: ipv6, Location: 中国, ISP: 中国移动, Date: None, Delay: 0.1 ms, Speed: inf M/s, Resolution: 1920x1080
Name: 深圳卫视, URL: http://[2409:8087:1e03:21::42]:6610/cms001/ch00000090990000001030/index.m3u8, From: subscribe, IPv_Type: ipv6, Location: 中国, ISP: 中国移动, Date: None, Delay: 0.1 ms, Speed: inf M/s, Resolution: 1920x1080
Name: 深圳卫视, URL: http://lu.wqwqwq.sbs/itv/1000000005000265028.m3u8?cdn=ystenlive, From: subscribe, IPv_Type: ipv6, Location: 美国, ISP: CloudFlare Inc., Date: None, Delay: 0.1 ms, Speed: inf M/s, Resolution: 1920x1080
Name: 深圳卫视, URL: http://[2409:8087:1e03:21::2]:6060/cms001/ch00000090990000001030/index.m3u8, From: subscribe, IPv_Type: ipv6, Location: 中国, ISP: 中国移动, Date: None, Delay: 0.1 ms, Speed: inf M/s, Resolution: 1920x1080
Name: 深圳卫视, URL: http://[2409:8087:2001:20:2800:0:df6e:eb0a]:80/wh7f454c46tw2172834728_-2116765000/ott.mobaibox.com/PLTV/3/224/3221227307/index.m3u8?icpid=3&RTS=1674386583&from=40&popid=40&hms_devid=2038&prioritypopid=40&vqe=3, From: subscribe, IPv_Type: ipv6, Location: 中国, ISP: 中国移动, Date: None, Delay: 0.1 ms, Speed: inf M/s, Resolution: 1920x1080
Name: 深圳卫视, URL: http://[2409:8087:2001:20:2800:0:df6e:eb07]:80/wh7f454c46tw208659612_-112921820/ott.mobaibox.com/PLTV/3/224/3221227217/index.m3u8?icpid=3&RTS=1674380324&from=40&popid=40&hms_devid=2036&prioritypopid=40&vqe=3, From: subscribe, IPv_Type: ipv6, Location: 中国, ISP: 中国移动, Date: None, Delay: 0.1 ms, Speed: inf M/s, Resolution: 1920x1080
Name: 深圳卫视, URL: http://[2409:8087:74f0:22::5]:6410/270000001128/9900000529/index.m3u8, From: subscribe, IPv_Type: ipv6, Location: 中国, ISP: 中国移动, Date: None, Delay: 0.1 ms, Speed: inf M/s, Resolution: 1920x1080
Name: 深圳卫视, URL: http://[2409:8087:5e00:24::1e]:6060/200000001898/460000089800010068/1.m3u8, From: subscribe, IPv_Type: ipv6, Location: 中国, ISP: 中国移动, Date: None, Delay: 0.1 ms, Speed: inf M/s, Resolution: 1920x1080
Name: 深圳卫视, URL: http://[2409:8087:3869:8021:1001::e5]:6610/PLTV/88888888/224/3221225741/2/index.m3u8, From: subscribe, IPv_Type: ipv6, Location: 中国, ISP: 中国移动, Date: None, Delay: -1 ms, Speed: 0.00 M/s, Resolution: None
Name: 深圳卫视, URL: http://rrs01.hw.gmcc.net:8088/PLTV/81/224/3221226688/1.m3u8, From: subscribe, IPv_Type: ipv6, Location: 中国, ISP: 中国移动, Date: None, Delay: -1 ms, Speed: 0.00 M/s, Resolution: None
Name: 深圳卫视, URL: http://[2409:8087:5e08:25::16]:6610/200000001898/460000089800010068/1.m3u8, From: subscribe, IPv_Type: ipv6, Location: 中国, ISP: 中国移动, Date: None, Delay: -1 ms, Speed: 0.00 M/s, Resolution: None
Name: 深圳卫视, URL: https://mursor.ottiptv.cc/mcp/shenzheng.m3u8, From: subscribe, IPv_Type: ipv6, Location: 美国, ISP: Oracle Corporation, Date: None, Delay: -1 ms, Speed: 0.00 M/s, Resolution: None
Name: 深圳卫视, URL: https://migu.188766.xyz/?migutoken=784b52a434d98b429ab512ff75916360&id=szws&type=sz, From: subscribe, IPv_Type: ipv6, Location: 美国, ISP: CloudFlare Inc., Date: None, Delay: -1 ms, Speed: 0.00 M/s, Resolution: None
Name: 深圳卫视, URL: https://cc06.tv12.xyz/108.m3u8, From: subscribe, IPv_Type: ipv6, Location: 美国, ISP: CloudFlare Inc., Date: None, Delay: -1 ms, Speed: 0.00 M/s, Resolution: None
Name: 深圳卫视, URL: https://shyd.695847.xyz/cms001/ch00000090990000001030/index.m3u8?IASHttpSessionId=RR4967720251014100028031761&ispcode=12, From: subscribe, IPv_Type: ipv6, Location: 美国, ISP: CloudFlare Inc., Date: None, Delay: -1 ms, Speed: 0.00 M/s, Resolution: None
Name: 深圳卫视, URL: https://iptv.catvod.com/live.php?id=%E6%B7%B1%E5%9C%B3%E5%8D%AB%E8%A7%86%E5%8F%B0, From: subscribe, IPv_Type: ipv6, Location: 美国, ISP: CloudFlare Inc., Date: None, Delay: -1 ms, Speed: 0.00 M/s, Resolution: None
Name: 三沙卫视, URL: http://dsj.motem.top:8880/bptv/10000100000000050000000003887452.m3u8, From: subscribe, IPv_Type: ipv6, Location: 美国, ISP: CloudFlare Inc., Date: None, Delay: 0.1 ms, Speed: inf M/s, Resolution: 1920x1080
Name: 三沙卫视, URL: http://[2409:8087:2001:20:2800:0:df6e:eb21]:80/ott.mobaibox.com/PLTV/4/224/3221228626/index.m3u8, From: subscribe, IPv_Type: ipv6, Location: 中国, ISP: 中国移动, Date: None, Delay: 0.1 ms, Speed: inf M/s, Resolution: 1920x1080
Name: 三沙卫视, URL: http://[2409:8087:1e03:21::2]:6060/cms001/ch00000090990000001185/index.m3u8, From: subscribe, IPv_Type: ipv6, Location: 中国, ISP: 中国移动, Date: None, Delay: 0.1 ms, Speed: inf M/s, Resolution: 1920x1080
Name: 三沙卫视, URL: http://[2409:8087:3428:20:500::100f]:6610/PLTV/88888888/224/3221227172/index.m3u8?servicetype=1&IASHttpSessionId=RR423820220409134714119178, From: subscribe, IPv_Type: ipv6, Location: 中国, ISP: 中国移动, Date: None, Delay: 0.1 ms, Speed: inf M/s, Resolution: 1920x1080
Name: 三沙卫视, URL: http://[2409:8087:3428:20:500::1009]:6610/PLTV/88888888/224/3221227172/index.m3u8?servicetype=1&IASHttpSessionId=RR423820220409134714119178, From: subscribe, IPv_Type: ipv6, Location: 中国, ISP: 中国移动, Date: None, Delay: 0.1 ms, Speed: inf M/s, Resolution: 1920x1080
Name: 三沙卫视, URL: http://[2409:8087:5e01:34::20]:6610/ZTE_CMS/08984400000000060000000000000319/index.m3u8?IAS, From: subscribe, IPv_Type: ipv6, Location: 中国, ISP: 中国移动, Date: None, Delay: 0.1 ms, Speed: inf M/s, Resolution: 1920x1080
Name: 三沙卫视, URL: http://[2409:8087:5e01:34::21]:6610/ZTE_CMS/08984400000000060000000000000319/index.m3u8, From: subscribe, IPv_Type: ipv6, Location: 中国, ISP: 中国移动, Date: None, Delay: 0.1 ms, Speed: inf M/s, Resolution: 1920x1080
Name: 三沙卫视, URL: http://[2409:8087:5e00:24::1e]:6060/000000001000/4600001000000000117/1.m3u8, From: subscribe, IPv_Type: ipv6, Location: 中国, ISP: 中国移动, Date: None, Delay: 0.1 ms, Speed: inf M/s, Resolution: 1920x1080
Name: 三沙卫视, URL: https://livessws.hnntv.cn/live/ssws_02hnntv.m3u8?_upt=c509d0ea1747156492, From: subscribe, IPv_Type: ipv6, Location: 中国, ISP: 中国电信, Date: None, Delay: -1 ms, Speed: 0.00 M/s, Resolution: None
Name: 三沙卫视, URL: https://shyd.695847.xyz/cms001/ch00000090990000001185/index.m3u8?IASHttpSessionId=RR4967720251014100028031761&ispcode=12, From: subscribe, IPv_Type: ipv6, Location: 美国, ISP: CloudFlare Inc., Date: None, Delay: -1 ms, Speed: 0.00 M/s, Resolution: None
Name: 三沙卫视, URL: https://migu.188766.xyz/?migutoken=e5dbb7429a1a836ba0b06727033e7f69&id=hn_ssws&type=sz, From: subscribe, IPv_Type: ipv6, Location: 美国, ISP: CloudFlare Inc., Date: None, Delay: -1 ms, Speed: 0.00 M/s, Resolution: None
Name: 三沙卫视, URL: https://iptv.catvod.com/live.php?id=%E4%B8%89%E6%B2%99%E5%8D%AB%E8%A7%86, From: subscribe, IPv_Type: ipv6, Location: 美国, ISP: CloudFlare Inc., Date: None, Delay: -1 ms, Speed: 0.00 M/s, Resolution: None
Name: 天津卫视, URL: http://php.jdshipin.com/TVOD/hljyd.php?id=3221226459, From: subscribe, IPv_Type: ipv6, Location: 美国, ISP: CloudFlare Inc., Date: None, Delay: 0.1 ms, Speed: inf M/s, Resolution: 1920x1080
Name: 天津卫视, URL: http://iptv.huuc.edu.cn/hls/tjhd.m3u8, From: subscribe, IPv_Type: ipv6, Location: 中国, ISP: 教育网, Date: None, Delay: 0.1 ms, Speed: inf M/s, Resolution: 1920x1080
Name: 天津卫视, URL: http://[2409:8087:1a01:df::4030]:80/TVOD/88888888/224/3221225972/main.m3u8, From: subscribe, IPv_Type: ipv6, Location: 中国, ISP: 中国移动, Date: None, Delay: 0.1 ms, Speed: inf M/s, Resolution: 1920x1080
Name: 天津卫视, URL: http://dsj.motem.top:8880/bptv/10000100000000050000000003873466.m3u8, From: subscribe, IPv_Type: ipv6, Location: 美国, ISP: CloudFlare Inc., Date: None, Delay: 0.1 ms, Speed: inf M/s, Resolution: 1920x1080
Name: 天津卫视, URL: http://[2409:8087:1e03:21::2]:6060/cms001/ch00000090990000001036/index.m3u8, From: subscribe, IPv_Type: ipv6, Location: 中国, ISP: 中国移动, Date: None, Delay: 0.1 ms, Speed: inf M/s, Resolution: 1920x1080
Name: 天津卫视, URL: http://[2409:8087:2001:20:2800:0:df6e:eb11]:80/ott.mobaibox.com/PLTV/4/224/3221227488/index.m3u8, From: subscribe, IPv_Type: ipv6, Location: 中国, ISP: 中国移动, Date: None, Delay: 0.1 ms, Speed: inf M/s, Resolution: 1920x1080
Name: 天津卫视, URL: http://yc.myds.me:35455/itv/5000000004000006827.m3u8?cdn=bestzb, From: subscribe, IPv_Type: ipv6, Location: 中国, ISP: 中国电信, Date: None, Delay: 0.1 ms, Speed: inf M/s, Resolution: 1920x1080
Name: 天津卫视, URL: http://nas.suntao.online:35455/itv/5000000004000006827.m3u8?cdn=bestzb, From: subscribe, IPv_Type: ipv6, Location: 中国, ISP: 中国联通, Date: None, Delay: 0.1 ms, Speed: inf M/s, Resolution: 1920x1080
Name: 天津卫视, URL: http://cdn.jdshipin.com:8880/ysp.php?id=tjws, From: subscribe, IPv_Type: ipv6, Location: 美国, ISP: CloudFlare Inc., Date: None, Delay: 0.1 ms, Speed: inf M/s, Resolution: 1920x1080
Name: 天津卫视, URL: http://[2409:8087:3428:20:500::100f]:6610/PLTV/88888888/224/3221225830/index.m3u8?servicetype=1&IASHttpSessionId=RR423820220409134714119178, From: subscribe, IPv_Type: ipv6, Location: 中国, ISP: 中国移动, Date: None, Delay: 0.1 ms, Speed: inf M/s, Resolution: 1920x1080
Name: 天津卫视, URL: http://[2409:8087:3428:20:500::1009]:6610/PLTV/88888888/224/3221225830/index.m3u8?servicetype=1&IASHttpSessionId=RR423820220409134714119178, From: subscribe, IPv_Type: ipv6, Location: 中国, ISP: 中国移动, Date: None, Delay: 0.1 ms, Speed: inf M/s, Resolution: 1920x1080
Name: 天津卫视, URL: http://[2409:8087:2001:20:2800:0:df6e:eb06]:80/wh7f454c46tw195619489_1991259086/ott.mobaibox.com/PLTV/3/224/3221227212/index.m3u8?icpid=3&RTS=1674380311&from=40&popid=40&hms_devid=2036&prioritypopid=40&vqe=3, From: subscribe, IPv_Type: ipv6, Location: 中国, ISP: 中国移动, Date: None, Delay: 0.1 ms, Speed: inf M/s, Resolution: 1920x1080
Name: 天津卫视, URL: http://[2409:8087:2001:20:2800:0:df6e:eb0c]:80/wh7f454c46tw1929912988_-881662239/ott.mobaibox.com/PLTV/3/224/3221227756/index.m3u8?icpid=3&RTS=1674386340&from=40&popid=40&hms_devid=2040&prioritypopid=40&vqe=3, From: subscribe, IPv_Type: ipv6, Location: 中国, ISP: 中国移动, Date: None, Delay: 0.1 ms, Speed: inf M/s, Resolution: 1920x1080
Name: 天津卫视, URL: http://[2409:8087:2001:20:2800:0:df6e:eb0b]:80/wh7f454c46tw196224632_-1061507187/ott.mobaibox.com/PLTV/3/224/3221228239/index.m3u8?icpid=3&RTS=1674380311&from=40&popid=40&hms_devid=2038&prioritypopid=40&vqe=3, From: subscribe, IPv_Type: ipv6, Location: 中国, ISP: 中国移动, Date: None, Delay: 0.1 ms, Speed: inf M/s, Resolution: 1920x1080
Name: 天津卫视, URL: http://[2409:8087:1e03:21::42]:6610/cms001/ch00000090990000001036/index.m3u8, From: subscribe, IPv_Type: ipv6, Location: 中国, ISP: 中国移动, Date: None, Delay: 0.1 ms, Speed: inf M/s, Resolution: 1920x1080
Name: 天津卫视, URL: http://[2409:8087:2001:20:2800:0:df6e:eb26]:80/wh7f454c46tw2314153559_1325890662/ott.mobaibox.com/PLTV/3/224/3221228416/index.m3u8?icpid=3&RTS=1674468328&from=40&popid=40&hms_devid=2293&prioritypopid=40&vqe=3, From: subscribe, IPv_Type: ipv6, Location: 中国, ISP: 中国移动, Date: None, Delay: 0.1 ms, Speed: inf M/s, Resolution: 1920x1080
Name: 天津卫视, URL: http://[2409:8087:4c0a:22:1::11]:6410/170000001115/UmaiCHAN3450000BESTVSMGSMG/index.m3u8?m3u8_level=2, From: subscribe, IPv_Type: ipv6, Location: 中国, ISP: 中国移动, Date: None, Delay: 0.1 ms, Speed: inf M/s, Resolution: 1920x1080
Name: 天津卫视, URL: http://[2409:8087:5e01:34::38]:6610/ZTE_CMS/00000001000000060000000000000249/index.m3u8, From: subscribe, IPv_Type: ipv6, Location: 中国, ISP: 中国移动, Date: None, Delay: 0.1 ms, Speed: inf M/s, Resolution: 1920x1080
Name: 天津卫视, URL: http://[2409:8087:5e00:24::1e]:6060/200000001898/460000089800010069/1.m3u8, From: subscribe, IPv_Type: ipv6, Location: 中国, ISP: 中国移动, Date: None, Delay: 0.1 ms, Speed: inf M/s, Resolution: 1920x1080
Name: 天津卫视, URL: http://[2409:8087:5e01:34::21]:6610/ZTE_CMS/00000001000000060000000000000249/index.m3u8?IAS, From: subscribe, IPv_Type: ipv6, Location: 中国, ISP: 中国移动, Date: None, Delay: 0.1 ms, Speed: inf M/s, Resolution: 1920x1080
Name: 天津卫视, URL: http://[2409:8087:5e01:34::22]:6610/ZTE_CMS/00000001000000060000000000000249/index.m3u8?IAS, From: subscribe, IPv_Type: ipv6, Location: 中国, ISP: 中国移动, Date: None, Delay: 0.1 ms, Speed: inf M/s, Resolution: 1920x1080
Name: 天津卫视, URL: http://[2409:8087:5e01:34::20]:6610/ZTE_CMS/00000001000000060000000000000249/index.m3u8?IAS, From: subscribe, IPv_Type: ipv6, Location: 中国, ISP: 中国移动, Date: None, Delay: 0.1 ms, Speed: inf M/s, Resolution: 1920x1080
Name: 天津卫视, URL: http://[2409:8087:5e01:34::23]:6610/ZTE_CMS/00000001000000060000000000000249/index.m3u8?IAS, From: subscribe, IPv_Type: ipv6, Location: 中国, ISP: 中国移动, Date: None, Delay: 0.1 ms, Speed: inf M/s, Resolution: 1920x1080
Name: 天津卫视, URL: http://lu.wqwqwq.sbs/itv/1000000005000265026.m3u8?cdn=ystenlive, From: subscribe, IPv_Type: ipv6, Location: 美国, ISP: CloudFlare Inc., Date: None, Delay: 0.1 ms, Speed: inf M/s, Resolution: 1920x1080
Name: 天津卫视, URL: http://[2409:8087:2001:20:2800:0:df6e:eb07]:80/wh7f454c46tw1542691313_-1687194417/ott.mobaibox.com/PLTV/3/224/3221227633/index.m3u8?icpid=3&RTS=1674385953&from=40&popid=40&hms_devid=2036&prioritypopid=40&vqe=3, From: subscribe, IPv_Type: ipv6, Location: 中国, ISP: 中国移动, Date: None, Delay: 0.1 ms, Speed: inf M/s, Resolution: 1920x1080
Name: 天津卫视, URL: http://[2409:8087:74f0:22::6]:6410/270000001128/9900000530/index.m3u8, From: subscribe, IPv_Type: ipv6, Location: 中国, ISP: 中国移动, Date: None, Delay: 0.1 ms, Speed: inf M/s, Resolution: 1920x1080
Name: 天津卫视, URL: http://[2409:8087:3869:8021:1001::e5]:6610/PLTV/88888910/224/3221225698/index.m3u8, From: subscribe, IPv_Type: ipv6, Location: 中国, ISP: 中国移动, Date: None, Delay: 0.1 ms, Speed: inf M/s, Resolution: 1920x1080
Name: 天津卫视, URL: http://rrs01.hw.gmcc.net:8088/PLTV/81/224/3221226686/1.m3u8, From: subscribe, IPv_Type: ipv6, Location: 中国, ISP: 中国移动, Date: None, Delay: -1 ms, Speed: 0.00 M/s, Resolution: None
Name: 天津卫视, URL: http://live.wqwqwq.sbs/itv/5000000004000006827.m3u8?cdn=bestzb, From: subscribe, IPv_Type: ipv6, Location: 美国, ISP: CloudFlare Inc., Date: None, Delay: -1 ms, Speed: 0.00 M/s, Resolution: None
Name: 天津卫视, URL: http://[2409:8087:5e08:25::16]:6610/200000001898/460000089800010069/1.m3u8, From: subscribe, IPv_Type: ipv6, Location: 中国, ISP: 中国移动, Date: None, Delay: -1 ms, Speed: 0.00 M/s, Resolution: None
Name: 天津卫视, URL: https://mursor.ottiptv.cc/mcp/tianjing.m3u8, From: subscribe, IPv_Type: ipv6, Location: 美国, ISP: Oracle Corporation, Date: None, Delay: -1 ms, Speed: 0.00 M/s, Resolution: None
Name: 天津卫视, URL: https://migu.188766.xyz/?migutoken=eba1b5711daf3281042617384fe44b12&id=tjws&type=sz, From: subscribe, IPv_Type: ipv6, Location: 美国, ISP: CloudFlare Inc., Date: None, Delay: -1 ms, Speed: 0.00 M/s, Resolution: None
Name: 天津卫视, URL: https://jzb.wwkejishe.top/?id=611, From: subscribe, IPv_Type: ipv6, Location: 美国, ISP: CloudFlare Inc., Date: None, Delay: -1 ms, Speed: 0.00 M/s, Resolution: None
Name: 天津卫视, URL: https://shyd.695847.xyz/cms001/ch00000090990000001036/index.m3u8?IASHttpSessionId=RR4967720251014100028031761&ispcode=12, From: subscribe, IPv_Type: ipv6, Location: 美国, ISP: CloudFlare Inc., Date: None, Delay: -1 ms, Speed: 0.00 M/s, Resolution: None
Name: 天津卫视, URL: https://iptv.catvod.com/live.php?id=%E5%A4%A9%E6%B4%A5%E5%8D%AB%E8%A7%86%E5%8F%B0, From: subscribe, IPv_Type: ipv6, Location: 美国, ISP: CloudFlare Inc., Date: None, Delay: -1 ms, Speed: 0.00 M/s, Resolution: None
Name: 西藏卫视, URL: http://php.jdshipin.com/TVOD/hljyd.php?id=3221225638, From: subscribe, IPv_Type: ipv6, Location: 美国, ISP: CloudFlare Inc., Date: None, Delay: -1 ms, Speed: 0.00 M/s, Resolution: None
Name: 西藏卫视, URL: http://z.b.bkpcp.top/m.php?id=xzws, From: subscribe, IPv_Type: ipv6, Location: 美国, ISP: CloudFlare Inc., Date: None, Delay: 0.1 ms, Speed: inf M/s, Resolution: 1920x1080
Name: 西藏卫视, URL: http://goo.bkpcp.top/mg/xzws, From: subscribe, IPv_Type: ipv6, Location: 美国, ISP: CloudFlare Inc., Date: None, Delay: 0.1 ms, Speed: inf M/s, Resolution: 1920x1080
Name: 西藏卫视, URL: http://dsj.motem.top:8880/bptv/10000100000000050000000003887434.m3u8, From: subscribe, IPv_Type: ipv6, Location: 美国, ISP: CloudFlare Inc., Date: None, Delay: 0.1 ms, Speed: inf M/s, Resolution: 1920x1080
Name: 西藏卫视, URL: https://tv.vtibet.cn/live/h701F9MpxzPDyE.m3u8?secret=4eca0fb428c7390f0e7cdee6a0044c78&time=6817e4bb, From: subscribe, IPv_Type: ipv6, Location: 中国, ISP: 中国电信, Date: None, Delay: 0.1 ms, Speed: inf M/s, Resolution: 1920x1080
Name: 西藏卫视, URL: http://[2409:8087:1e03:21::2]:6060/cms001/ch00000090990000001072/index.m3u8, From: subscribe, IPv_Type: ipv6, Location: 中国, ISP: 中国移动, Date: None, Delay: 0.1 ms, Speed: inf M/s, Resolution: 1920x1080
Name: 西藏卫视, URL: http://[2409:8087:3428:20:500::100f]:6610/PLTV/88888888/224/3221226847/index.m3u8?servicetype=1&IASHttpSessionId=RR423820220409134714119178, From: subscribe, IPv_Type: ipv6, Location: 中国, ISP: 中国移动, Date: None, Delay: 0.1 ms, Speed: inf M/s, Resolution: 1920x1080
Name: 西藏卫视, URL: http://[2409:8087:3428:20:500::1009]:6610/PLTV/88888888/224/3221226847/index.m3u8?servicetype=1&IASHttpSessionId=RR423820220409134714119178, From: subscribe, IPv_Type: ipv6, Location: 中国, ISP: 中国移动, Date: None, Delay: 0.1 ms, Speed: inf M/s, Resolution: 1920x1080
Name: 西藏卫视, URL: http://[2409:8087:3869:8021:1001::e5]:6610/PLTV/88888888/224/3221225723/2/index.m3u8, From: subscribe, IPv_Type: ipv6, Location: 中国, ISP: 中国移动, Date: None, Delay: -1 ms, Speed: 0.00 M/s, Resolution: None
Name: 西藏卫视, URL: http://rrs01.hw.gmcc.net:8088/PLTV/81/224/3221226710/1.m3u8, From: subscribe, IPv_Type: ipv6, Location: 中国, ISP: 中国移动, Date: None, Delay: -1 ms, Speed: 0.00 M/s, Resolution: None
Name: 西藏卫视, URL: http://[2409:8087:5e08:25::16]:6610/200000001898/460000089800010123/1.m3u8, From: subscribe, IPv_Type: ipv6, Location: 中国, ISP: 中国移动, Date: None, Delay: -1 ms, Speed: 0.00 M/s, Resolution: None
Name: 西藏卫视, URL: https://mursor.ottiptv.cc/mcp/xizang.m3u8, From: subscribe, IPv_Type: ipv6, Location: 美国, ISP: Oracle Corporation, Date: None, Delay: -1 ms, Speed: 0.00 M/s, Resolution: None
Name: 西藏卫视, URL: https://migu.188766.xyz/?migutoken=fef142d22e7917bad2d664bc00df5669&id=%E8%A5%BF%E8%97%8F%E5%8D%AB%E8%A7%86&pp=1, From: subscribe, IPv_Type: ipv6, Location: 美国, ISP: CloudFlare Inc., Date: None, Delay: -1 ms, Speed: 0.00 M/s, Resolution: None
Name: 西藏卫视, URL: http://k.061899.xyz/m.php?id=xzws, From: subscribe, IPv_Type: ipv6, Location: 新加坡, ISP: Aceville Pte.Ltd., Date: None, Delay: -1 ms, Speed: 0.00 M/s, Resolution: None
Name: 西藏卫视, URL: http://cc02.tv12.xyz/9.m3u8, From: subscribe, IPv_Type: ipv6, Location: 美国, ISP: CloudFlare Inc., Date: None, Delay: -1 ms, Speed: 0.00 M/s, Resolution: None
Name: 西藏卫视, URL: https://cc06.tv12.xyz/112.m3u8, From: subscribe, IPv_Type: ipv6, Location: 美国, ISP: CloudFlare Inc., Date: None, Delay: -1 ms, Speed: 0.00 M/s, Resolution: None
Name: 西藏卫视, URL: https://shyd.695847.xyz/cms001/ch00000090990000001072/index.m3u8?IASHttpSessionId=RR4967720251014100028031761&ispcode=12, From: subscribe, IPv_Type: ipv6, Location: 美国, ISP: CloudFlare Inc., Date: None, Delay: -1 ms, Speed: 0.00 M/s, Resolution: None
Name: 西藏卫视, URL: https://iptv.catvod.com/live.php?id=%E8%A5%BF%E8%97%8F%E5%8D%AB%E8%A7%86, From: subscribe, IPv_Type: ipv6, Location: 美国, ISP: CloudFlare Inc., Date: None, Delay: -1 ms, Speed: 0.00 M/s, Resolution: None
Name: 新疆卫视, URL: http://php.jdshipin.com/TVOD/hljyd.php?id=3221225635, From: subscribe, IPv_Type: ipv6, Location: 美国, ISP: CloudFlare Inc., Date: None, Delay: 0.1 ms, Speed: inf M/s, Resolution: 1920x1080
Name: 新疆卫视, URL: http://z.b.bkpcp.top/m.php?id=xjws, From: subscribe, IPv_Type: ipv6, Location: 美国, ISP: CloudFlare Inc., Date: None, Delay: 0.1 ms, Speed: inf M/s, Resolution: 1920x1080
Name: 新疆卫视, URL: http://goo.bkpcp.top/mg/xjws, From: subscribe, IPv_Type: ipv6, Location: 美国, ISP: CloudFlare Inc., Date: None, Delay: 0.1 ms, Speed: inf M/s, Resolution: 1920x1080
Name: 新疆卫视, URL: http://dsj.motem.top:8880/bptv/10000100000000050000000003887448.m3u8, From: subscribe, IPv_Type: ipv6, Location: 美国, ISP: CloudFlare Inc., Date: None, Delay: 0.1 ms, Speed: inf M/s, Resolution: 1920x1080
Name: 新疆卫视, URL: http://[2409:8087:2001:20:2800:0:df6e:eb0b]/wh7f454c46tw993550557_162751766/ott.mobaibox.com/PLTV/3/224/3221228290/index.m3u8?icpid=3&RTS=1668604377&from=40&popid=40&hms_devid=2038&prioritypopid=40&vqe=3, From: subscribe, IPv_Type: ipv6, Location: 中国, ISP: 中国移动, Date: None, Delay: 0.1 ms, Speed: inf M/s, Resolution: 1920x1080
Name: 新疆卫视, URL: http://[2409:8087:1e03:21::2]:6060/cms001/ch00000090990000001065/index.m3u8, From: subscribe, IPv_Type: ipv6, Location: 中国, ISP: 中国移动, Date: None, Delay: 0.1 ms, Speed: inf M/s, Resolution: 1920x1080
Name: 新疆卫视, URL: http://[2409:8087:3428:20:500::100f]:6610/PLTV/88888888/224/3221227248/index.m3u8?servicetype=1&IASHttpSessionId=RR423820220409134714119178, From: subscribe, IPv_Type: ipv6, Location: 中国, ISP: 中国移动, Date: None, Delay: 0.1 ms, Speed: inf M/s, Resolution: 1920x1080
Name: 新疆卫视, URL: http://[2409:8087:3428:20:500::1009]:6610/PLTV/88888888/224/3221227248/index.m3u8?servicetype=1&IASHttpSessionId=RR423820220409134714119178, From: subscribe, IPv_Type: ipv6, Location: 中国, ISP: 中国移动, Date: None, Delay: 0.1 ms, Speed: inf M/s, Resolution: 1920x1080
Name: 新疆卫视, URL: http://[2409:8087:2001:20:2800:0:df6e:eb0a]/ott.mobaibox.com/PLTV/3/224/3221228290/index.m3u8, From: subscribe, IPv_Type: ipv6, Location: 中国, ISP: 中国移动, Date: None, Delay: 0.1 ms, Speed: inf M/s, Resolution: 1920x1080
Name: 新疆卫视, URL: http://[2409:8087:5e01:34::23]:6610/ZTE_CMS/00000001000000060000000000000316/index.m3u8, From: subscribe, IPv_Type: ipv6, Location: 中国, ISP: 中国移动, Date: None, Delay: 0.1 ms, Speed: inf M/s, Resolution: 1920x1080
Name: 新疆卫视, URL: http://nas.jdshipin.com:8801/xjtv.php?id=xjws, From: subscribe, IPv_Type: ipv6, Location: 美国, ISP: CloudFlare Inc., Date: None, Delay: 0.1 ms, Speed: inf M/s, Resolution: 1920x1080
Name: 新疆卫视, URL: http://cdn.jdshipin.com:8880/ysp.php?id=xjws, From: subscribe, IPv_Type: ipv6, Location: 美国, ISP: CloudFlare Inc., Date: None, Delay: 0.1 ms, Speed: inf M/s, Resolution: 1920x1080
Name: 新疆卫视, URL: http://[2409:8087:3869:8021:1001::e5]:6610/PLTV/88888888/224/3221225725/2/index.m3u8, From: subscribe, IPv_Type: ipv6, Location: 中国, ISP: 中国移动, Date: None, Delay: -1 ms, Speed: 0.00 M/s, Resolution: None
Name: 新疆卫视, URL: http://rrs01.hw.gmcc.net:8088/PLTV/81/224/3221226700/1.m3u8, From: subscribe, IPv_Type: ipv6, Location: 中国, ISP: 中国移动, Date: None, Delay: -1 ms, Speed: 0.00 M/s, Resolution: None
Name: 新疆卫视, URL: http://[2409:8087:5e08:25::16]:6610/200000001898/460000089800010116/1.m3u8, From: subscribe, IPv_Type: ipv6, Location: 中国, ISP: 中国移动, Date: None, Delay: -1 ms, Speed: 0.00 M/s, Resolution: None
Name: 新疆卫视, URL: https://mursor.ottiptv.cc/mcp/xinjiang.m3u8, From: subscribe, IPv_Type: ipv6, Location: 美国, ISP: Oracle Corporation, Date: None, Delay: -1 ms, Speed: 0.00 M/s, Resolution: None
Name: 新疆卫视, URL: http://cc02.tv12.xyz/10.m3u8, From: subscribe, IPv_Type: ipv6, Location: 美国, ISP: CloudFlare Inc., Date: None, Delay: -1 ms, Speed: 0.00 M/s, Resolution: None
Name: 新疆卫视, URL: https://migu.188766.xyz/?migutoken=0510d20f731c4c17e3966897c666f863&id=xjws_hd&type=sz, From: subscribe, IPv_Type: ipv6, Location: 美国, ISP: CloudFlare Inc., Date: None, Delay: -1 ms, Speed: 0.00 M/s, Resolution: None
Name: 新疆卫视, URL: https://cc06.tv12.xyz/109.m3u8, From: subscribe, IPv_Type: ipv6, Location: 美国, ISP: CloudFlare Inc., Date: None, Delay: -1 ms, Speed: 0.00 M/s, Resolution: None
Name: 新疆卫视, URL: https://jzb.wwkejishe.top/?id=623, From: subscribe, IPv_Type: ipv6, Location: 美国, ISP: CloudFlare Inc., Date: None, Delay: -1 ms, Speed: 0.00 M/s, Resolution: None
Name: 新疆卫视, URL: https://shyd.695847.xyz/cms001/ch00000090990000001065/index.m3u8?IASHttpSessionId=RR4967720251014100028031761&ispcode=12, From: subscribe, IPv_Type: ipv6, Location: 美国, ISP: CloudFlare Inc., Date: None, Delay: -1 ms, Speed: 0.00 M/s, Resolution: None
Name: 新疆卫视, URL: https://iptv.catvod.com/live.php?id=%E6%96%B0%E7%96%86%E5%8D%AB%E8%A7%86%E5%8F%B0, From: subscribe, IPv_Type: ipv6, Location: 美国, ISP: CloudFlare Inc., Date: None, Delay: -1 ms, Speed: 0.00 M/s, Resolution: None
Name: 云南卫视, URL: http://php.jdshipin.com/TVOD/hljyd.php?id=3221226444, From: subscribe, IPv_Type: ipv6, Location: 美国, ISP: CloudFlare Inc., Date: None, Delay: 0.1 ms, Speed: inf M/s, Resolution: 1920x1080
Name: 云南卫视, URL: http://z.b.bkpcp.top/m.php?id=ynws, From: subscribe, IPv_Type: ipv6, Location: 美国, ISP: CloudFlare Inc., Date: None, Delay: 0.1 ms, Speed: inf M/s, Resolution: 1920x1080
Name: 云南卫视, URL: http://goo.bkpcp.top/mg/ynws, From: subscribe, IPv_Type: ipv6, Location: 美国, ISP: CloudFlare Inc., Date: None, Delay: 0.1 ms, Speed: inf M/s, Resolution: 1920x1080
Name: 云南卫视, URL: http://dsj.motem.top:8880/bptv/10000100000000050000000003887453.m3u8, From: subscribe, IPv_Type: ipv6, Location: 美国, ISP: CloudFlare Inc., Date: None, Delay: 0.1 ms, Speed: inf M/s, Resolution: 1920x1080
Name: 云南卫视, URL: http://[2409:8087:1e03:21::2]:6060/cms001/ch00000090990000001223/index.m3u8, From: subscribe, IPv_Type: ipv6, Location: 中国, ISP: 中国移动, Date: None, Delay: 0.1 ms, Speed: inf M/s, Resolution: 1920x1080
Name: 云南卫视, URL: http://[2409:8087:3428:20:500::100f]:6610/PLTV/88888888/224/3221227181/index.m3u8?servicetype=1&IASHttpSessionId=RR423820220409134714119178, From: subscribe, IPv_Type: ipv6, Location: 中国, ISP: 中国移动, Date: None, Delay: 0.1 ms, Speed: inf M/s, Resolution: 1920x1080
Name: 云南卫视, URL: http://[2409:8087:3428:20:500::1009]:6610/PLTV/88888888/224/3221225853/index.m3u8?servicetype=1&IASHttpSessionId=RR423820220409134714119178, From: subscribe, IPv_Type: ipv6, Location: 中国, ISP: 中国移动, Date: None, Delay: 0.1 ms, Speed: inf M/s, Resolution: 1920x1080
Name: 云南卫视, URL: http://[2409:8087:1e03:21::42]:6610/cms001/ch00000090990000001223/index.m3u8, From: subscribe, IPv_Type: ipv6, Location: 中国, ISP: 中国移动, Date: None, Delay: 0.1 ms, Speed: inf M/s, Resolution: 1920x1080
Name: 云南卫视, URL: http://[2409:8087:2001:20:2800:0:df6e:eb05]:80/ott.mobaibox.com/PLTV/4/224/3221225591/index.m3u8, From: subscribe, IPv_Type: ipv6, Location: 中国, ISP: 中国移动, Date: None, Delay: 0.1 ms, Speed: inf M/s, Resolution: 1920x1080
Name: 云南卫视, URL: http://nas.suntao.online:35455/itv/5000000011000031120.m3u8?cdn=bestzb, From: subscribe, IPv_Type: ipv6, Location: 中国, ISP: 中国联通, Date: None, Delay: 0.1 ms, Speed: inf M/s, Resolution: 1920x1080
Name: 云南卫视, URL: http://[2409:8087:2001:20:2800:0:df6e:eb04]/ott.mobaibox.com/PLTV/3/224/3221225591/index.m3u8, From: subscribe, IPv_Type: ipv6, Location: 中国, ISP: 中国移动, Date: None, Delay: 0.1 ms, Speed: inf M/s, Resolution: 1920x1080
Name: 云南卫视, URL: http://[2409:8087:2001:20:2800:0:df6e:eb18]:80/wh7f454c46tw935748466_239885853/ott.mobaibox.com/PLTV/3/224/3221227571/index.m3u8?icpid=3&RTS=1674381051&from=40&popid=40&hms_devid=2113&prioritypopid=40&vqe=3, From: subscribe, IPv_Type: ipv6, Location: 中国, ISP: 中国移动, Date: None, Delay: 0.1 ms, Speed: inf M/s, Resolution: 1920x1080
Name: 云南卫视, URL: https://live.v1.mk/api/bestv.php?id=ynwshd8m/8000000, From: subscribe, IPv_Type: ipv6, Location: 美国, ISP: CloudFlare Inc., Date: None, Delay: 0.1 ms, Speed: inf M/s, Resolution: 1920x1080
Name: 云南卫视, URL: http://[2409:8087:5e00:24::1e]:6060/200000001898/460000089800010119/1.m3u8, From: subscribe, IPv_Type: ipv6, Location: 中国, ISP: 中国移动, Date: None, Delay: 0.1 ms, Speed: inf M/s, Resolution: 1920x1080
Name: 云南卫视, URL: http://[2409:8087:74f0:22::7]:6410/270000001128/9900000035/index.m3u8, From: subscribe, IPv_Type: ipv6, Location: 中国, ISP: 中国移动, Date: None, Delay: 0.1 ms, Speed: inf M/s, Resolution: 1920x1080
Name: 云南卫视, URL: http://[2409:8087:3869:8021:1001::e5]:6610/PLTV/88888888/224/3221225723/2/index.m3u8, From: subscribe, IPv_Type: ipv6, Location: 中国, ISP: 中国移动, Date: None, Delay: -1 ms, Speed: 0.00 M/s, Resolution: None
Name: 云南卫视, URL: http://rrs01.hw.gmcc.net:8088/PLTV/81/224/3221226709/1.m3u8, From: subscribe, IPv_Type: ipv6, Location: 中国, ISP: 中国移动, Date: None, Delay: -1 ms, Speed: 0.00 M/s, Resolution: None
Name: 云南卫视, URL: http://[2409:8087:5e08:25::16]:6610/200000001898/460000089800010119/1.m3u8, From: subscribe, IPv_Type: ipv6, Location: 中国, ISP: 中国移动, Date: None, Delay: -1 ms, Speed: 0.00 M/s, Resolution: None
Name: 云南卫视, URL: https://mursor.ottiptv.cc/mcp/yunnan.m3u8, From: subscribe, IPv_Type: ipv6, Location: 美国, ISP: Oracle Corporation, Date: None, Delay: -1 ms, Speed: 0.00 M/s, Resolution: None
Name: 云南卫视, URL: https://migu.188766.xyz/?migutoken=c2049841bc66ef12838aaa7464d9b105&id=ynws&type=sz, From: subscribe, IPv_Type: ipv6, Location: 美国, ISP: CloudFlare Inc., Date: None, Delay: -1 ms, Speed: 0.00 M/s, Resolution: None
Name: 云南卫视, URL: https://cc06.tv12.xyz/114.m3u8, From: subscribe, IPv_Type: ipv6, Location: 美国, ISP: CloudFlare Inc., Date: None, Delay: -1 ms, Speed: 0.00 M/s, Resolution: None
Name: 云南卫视, URL: https://shyd.695847.xyz/cms001/ch00000090990000001223/index.m3u8?IASHttpSessionId=RR4967720251014100028031761&ispcode=12, From: subscribe, IPv_Type: ipv6, Location: 美国, ISP: CloudFlare Inc., Date: None, Delay: -1 ms, Speed: 0.00 M/s, Resolution: None
Name: 云南卫视, URL: https://iptv.catvod.com/live.php?id=%E4%BA%91%E5%8D%97%E5%8D%AB%E8%A7%86%E5%8F%B0, From: subscribe, IPv_Type: ipv6, Location: 美国, ISP: CloudFlare Inc., Date: None, Delay: -1 ms, Speed: 0.00 M/s, Resolution: None
Name: 河北都市, URL: https://jwplay.hebyun.com.cn/live/hbdstv/1500k/tzwj_video.m3u8#http://tv.pull.hebtv.com/jishi/dushipindao.m3u8?t=2510710360&k=4380da13735a230c080ce8ff404033af, From: subscribe, IPv_Type: ipv6, Location: 中国, ISP: 中国联通, Date: None, Delay: 0.1 ms, Speed: inf M/s, Resolution: 1920x1080
Name: 河北都市, URL: http://jwplay.hebyun.com.cn/live/hbnmtv/1500k/tzwj_video.m3u8, From: subscribe, IPv_Type: ipv6, Location: 中国, ISP: 中国联通, Date: None, Delay: 0.1 ms, Speed: inf M/s, Resolution: 1920x1080
Name: 河北都市, URL: https://event.pull.hebtv.com/jishi/dushipindao.m3u8, From: subscribe, IPv_Type: ipv6, Location: 中国, ISP: 中国电信, Date: None, Delay: 0.1 ms, Speed: inf M/s, Resolution: 1920x1080
Name: 河北都市, URL: https://live.lalifeier.eu.org/hebtv/hbds.m3u8?t=1745774515&key=ce739e0d0528ad5a5e6434e48c963ced, From: subscribe, IPv_Type: ipv6, Location: 美国, ISP: CloudFlare Inc., Date: None, Delay: 0.1 ms, Speed: inf M/s, Resolution: 1920x1080
Name: 河北都市, URL: rtmp://tv.pull.hebtv.com/jishi/dushipindao?t=2510710360&k=b43f406360a945d199904faf3b6e2c18, From: subscribe, IPv_Type: ipv6, Location: 中国, ISP: 中国电信, Date: None, Delay: 0.1 ms, Speed: inf M/s, Resolution: 1920x1080
Name: 河北都市, URL: https://radio.pull.hebtv.com/live/hebnczx.m3u8, From: subscribe, IPv_Type: ipv4, Location: 中国-北京-北京, ISP: 电信, Date: None, Delay: 992 ms, Speed: 0.10 M/s, Resolution: None
Name: 河北农民, URL: https://jwplay.hebyun.com.cn/live/hbnmtv/1500k/tzwj_video.m3u8?zhebd#http://hbfc.chinashadt.com:2036/live/1003.stream/playlist.m3u8#http://tv.pull.hebtv.com/jishi/nongminpindao.m3u8?t=2510710360&k=75118c17760542fe4385e93cc4f03d38, From: subscribe, IPv_Type: ipv6, Location: 中国, ISP: 中国联通, Date: None, Delay: -1 ms, Speed: 0.00 M/s, Resolution: None
Name: 河北农民, URL: https://event.pull.hebtv.com/jishi/nongminpindao.m3u8, From: subscribe, IPv_Type: ipv6, Location: 中国, ISP: 中国电信, Date: None, Delay: 0.1 ms, Speed: inf M/s, Resolution: 1920x1080
Name: 河北农民, URL: https://jwcdnqx.hebyun.com.cn/live/clzhpd/1500k/tzwj_video.m3u8?zhebd, From: subscribe, IPv_Type: ipv6, Location: 中国, ISP: 中国联通, Date: None, Delay: 0.1 ms, Speed: inf M/s, Resolution: 1920x1080
Name: 河北农民, URL: https://live.lalifeier.eu.org/hebtv/hbnm.m3u8?t=1745774515&key=fec9ea387b470ccb0dc8e6e0e5b36bec, From: subscribe, IPv_Type: ipv6, Location: 美国, ISP: CloudFlare Inc., Date: None, Delay: 0.1 ms, Speed: inf M/s, Resolution: 1920x1080
Name: 河北农民, URL: https://tv.pull.hebtv.com/jishi/nongminpindao.m3u8?t=1963555153&k=322fe32502d1e3695b0bdef5e698635e, From: subscribe, IPv_Type: ipv6, Location: 中国, ISP: 中国电信, Date: None, Delay: 0.1 ms, Speed: inf M/s, Resolution: 1920x1080
Name: 河北农民, URL: rtmp://tv.pull.hebtv.com/jishi/nongminpindao?t=2510710360&k=a3c2c0f740a31dc24d48ad098cd1eec3, From: subscribe, IPv_Type: ipv6, Location: 中国, ISP: 中国电信, Date: None, Delay: 0.1 ms, Speed: inf M/s, Resolution: 1920x1080
Name: 翡翠台, URL: http://php.jdshipin.com:8880/TVOD/iptv.php?id=fct3&token=512df05ba47edb46400575c93e179adb7981226d414516400ed1d382cb126adc517715d4ccd3a2276bf3c7b72d52f58905225cf0b1cc461b7888443f, From: subscribe, IPv_Type: ipv6, Location: 美国, ISP: CloudFlare Inc., Date: None, Delay: -1 ms, Speed: 0.00 M/s, Resolution: None
Name: 翡翠台, URL: http://cdn9.163189.xyz/smt1.1.php?id=jade_twn, From: subscribe, IPv_Type: ipv6, Location: 美国, ISP: CloudFlare Inc., Date: None, Delay: 0.1 ms, Speed: inf M/s, Resolution: 1920x1080
Name: 翡翠台, URL: http://v2h.jdshipin.com:80/jade2/jade.stream/chunklist_w100.m3u8, From: subscribe, IPv_Type: ipv6, Location: 美国, ISP: CloudFlare Inc., Date: None, Delay: -1 ms, Speed: 0.00 M/s, Resolution: None
Name: 翡翠台, URL: https://cdn3.163189.xyz/live/fct/stream.m3u8, From: subscribe, IPv_Type: ipv6, Location: 美国, ISP: CloudFlare Inc., Date: None, Delay: 0.1 ms, Speed: inf M/s, Resolution: 1920x1080
Name: 翡翠台, URL: https://cdn5.1678520.xyz/live/live2.1.php?id=j1, From: subscribe, IPv_Type: ipv6, Location: 美国, ISP: CloudFlare Inc., Date: None, Delay: 0.1 ms, Speed: inf M/s, Resolution: 1920x1080
Name: 翡翠台, URL: https://cdn.163189.xyz/live/fct4k/stream.m3u8, From: subscribe, IPv_Type: ipv6, Location: 美国, ISP: CloudFlare Inc., Date: None, Delay: 0.1 ms, Speed: inf M/s, Resolution: 1920x1080
Name: 翡翠台, URL: http://cdn5.1678520.xyz/live/?id=fct, From: subscribe, IPv_Type: ipv6, Location: 美国, ISP: CloudFlare Inc., Date: None, Delay: 0.1 ms, Speed: inf M/s, Resolution: 1920x1080
Name: 翡翠台, URL: http://api.mg.itv888.cn:8080/hls/4bb8922027c/index.m3u8, From: subscribe, IPv_Type: ipv6, Location: 新加坡, ISP: Aceville Pte.Ltd., Date: None, Delay: -1 ms, Speed: 0.00 M/s, Resolution: None
Name: 翡翠台, URL: http://s1.an94tv.cfd/aktv/CH-0/AKTV.m3u8, From: subscribe, IPv_Type: ipv6, Location: 美国, ISP: CloudFlare Inc., Date: None, Delay: -1 ms, Speed: 0.00 M/s, Resolution: None
Name: 翡翠台, URL: https://live.tvfix.org/live/jade/index.m3u8, From: subscribe, IPv_Type: ipv6, Location: 新加坡, ISP: Aceville Pte.Ltd., Date: None, Delay: -1 ms, Speed: 0.00 M/s, Resolution: None
Name: 翡翠台, URL: http://bxtv.3a.ink/api.php?id=fct, From: subscribe, IPv_Type: ipv6, Location: 美国, ISP: CloudFlare Inc., Date: None, Delay: -1 ms, Speed: 0.00 M/s, Resolution: None
Name: 翡翠台, URL: https://migu.188766.xyz/?migutoken=65245ebb9a7037bf6977170f1ef471de&id=%E7%BF%A1%E7%BF%A0%E5%8F%B0&pp=1, From: subscribe, IPv_Type: ipv6, Location: 美国, ISP: CloudFlare Inc., Date: None, Delay: -1 ms, Speed: 0.00 M/s, Resolution: None
Name: 翡翠台, URL: https://mytv.cdn.loc.cc/o12.php?id=fct, From: subscribe, IPv_Type: ipv6, Location: 美国, ISP: CloudFlare Inc., Date: None, Delay: -1 ms, Speed: 0.00 M/s, Resolution: None
Name: 翡翠台, URL: https://012v4.pendy.dpdns.org/hls/a46a302c-3984-490c-847b-0ead582269e4/playlist.m3u8, From: subscribe, IPv_Type: ipv6, Location: 美国, ISP: CloudFlare Inc., Date: None, Delay: -1 ms, Speed: 0.00 M/s, Resolution: None
Name: 翡翠台, URL: https://smart.pendy.dpdns.org/Smart.php?id=jade_twn, From: subscribe, IPv_Type: ipv6, Location: 美国, ISP: CloudFlare Inc., Date: None, Delay: -1 ms, Speed: 0.00 M/s, Resolution: None
Name: 翡翠台, URL: https://hk.188766.xyz/?migutoken=512301912aa4490a37ab1b1faab4a65d&id=hk_fct&type=dy, From: subscribe, IPv_Type: ipv6, Location: 美国, ISP: CloudFlare Inc., Date: None, Delay: -1 ms, Speed: 0.00 M/s, Resolution: None
Name: 翡翠台, URL: https://live.catvod.com/iptv.php?id=fctsub&token=0b3450f18ebf13aaf9c3607384c1348c0e38ca0952f0f37c89db26969827221e%3A1764897761%3AMTcyLjE4My45MS4zMg%3D%3D, From: subscribe, IPv_Type: ipv6, Location: 美国, ISP: CloudFlare Inc., Date: None, Delay: -1 ms, Speed: 0.00 M/s, Resolution: None
Name: 翡翠台, URL: https://mgev.188766.xyz/?migutoken=9fc145bb74a42dee5cba0ef6010d1b83&id=hk_fct&type=dy, From: subscribe, IPv_Type: ipv6, Location: 美国, ISP: CloudFlare Inc., Date: None, Delay: -1 ms, Speed: 0.00 M/s, Resolution: None
Name: 翡翠台, URL: http://r.jdshipin.com/GeWKr, From: subscribe, IPv_Type: ipv6, Location: 美国, ISP: CloudFlare Inc., Date: None, Delay: -1 ms, Speed: 0.00 M/s, Resolution: None
Name: 翡翠台, URL: http://api.kkitv.itv888.vip:8080/streams/91wc8xdtj8/index.m3u8, From: subscribe, IPv_Type: ipv6, Location: 美国, ISP: CloudFlare Inc., Date: None, Delay: -1 ms, Speed: 0.00 M/s, Resolution: None
Name: 翡翠台, URL: https://cdn.iptv8k.top/dl/jrys.php?id=3&time=20240926215313&ip=111.229.253.40『线路08』, From: subscribe, IPv_Type: ipv4, Location: 美国, ISP: CloudFlare节点, Date: None, Delay: 61 ms, Speed: 5.08 M/s, Resolution: 1920x1080
Name: 明珠台, URL: http://cdn9.163189.xyz/smt1.1.php?id=pearl_twn, From: subscribe, IPv_Type: ipv6, Location: 美国, ISP: CloudFlare Inc., Date: None, Delay: -1 ms, Speed: 0.00 M/s, Resolution: None
Name: 明珠台, URL: http://php.jdshipin.com:8880/smt.php?id=pearl_twn, From: subscribe, IPv_Type: ipv6, Location: 美国, ISP: CloudFlare Inc., Date: None, Delay: -1 ms, Speed: 0.00 M/s, Resolution: None
Name: 明珠台, URL: http://s1.an94tv.cfd/aktv/CH-2/AKTV.m3u8, From: subscribe, IPv_Type: ipv6, Location: 美国, ISP: CloudFlare Inc., Date: None, Delay: -1 ms, Speed: 0.00 M/s, Resolution: None
Name: 明珠台, URL: https://live.tvfix.org/live/pearl/1/v4000000/index.m3u8, From: subscribe, IPv_Type: ipv6, Location: 新加坡, ISP: Aceville Pte.Ltd., Date: None, Delay: -1 ms, Speed: 0.00 M/s, Resolution: None
Name: 明珠台, URL: http://bxtv.3a.ink/api.php?id=mz, From: subscribe, IPv_Type: ipv6, Location: 美国, ISP: CloudFlare Inc., Date: None, Delay: -1 ms, Speed: 0.00 M/s, Resolution: None
Name: 明珠台, URL: https://migu.188766.xyz/?migutoken=7587aa81b1dcc4ed3adff2166ecdaf82&id=pearl_twn&type=dy, From: subscribe, IPv_Type: ipv6, Location: 美国, ISP: CloudFlare Inc., Date: None, Delay: -1 ms, Speed: 0.00 M/s, Resolution: None
Name: 明珠台, URL: https://mytv.cdn.loc.cc/o12.php?id=mzt, From: subscribe, IPv_Type: ipv6, Location: 美国, ISP: CloudFlare Inc., Date: None, Delay: -1 ms, Speed: 0.00 M/s, Resolution: None
Name: 明珠台, URL: https://hk.188766.xyz/?migutoken=d4a1b1957bf78a8dc0f7168dda78a81e&id=hk_mzt&type=dy, From: subscribe, IPv_Type: ipv6, Location: 美国, ISP: CloudFlare Inc., Date: None, Delay: -1 ms, Speed: 0.00 M/s, Resolution: None
Name: 明珠台, URL: https://live.catvod.com/iptv.php?id=mztsub&token=d98f532aded8a74e4e96f19b9e2b23448d4b7b68490aaf6ed1c33fd658b2342a%3A1764897761%3AMTcyLjE4My45MS4zMg%3D%3D, From: subscribe, IPv_Type: ipv6, Location: 美国, ISP: CloudFlare Inc., Date: None, Delay: -1 ms, Speed: 0.00 M/s, Resolution: None
Name: 明珠台, URL: https://mgev.188766.xyz/?migutoken=5a4d89aab5833a679e8a3af1c6aa172d&id=hk_mzt&type=dy, From: subscribe, IPv_Type: ipv6, Location: 美国, ISP: CloudFlare Inc., Date: None, Delay: -1 ms, Speed: 0.00 M/s, Resolution: None
Name: 明珠台, URL: http://r.jdshipin.com/ZQ4kN, From: subscribe, IPv_Type: ipv6, Location: 美国, ISP: CloudFlare Inc., Date: None, Delay: -1 ms, Speed: 0.00 M/s, Resolution: None
Name: 明珠台, URL: http://api.kkitv.itv888.vip:8080/streams/qi0oiujn7hh/index.m3u8, From: subscribe, IPv_Type: ipv6, Location: 美国, ISP: CloudFlare Inc., Date: None, Delay: -1 ms, Speed: 0.00 M/s, Resolution: None
Name: 凤凰中文, URL: http://php.jdshipin.com:8880/TVOD/iptv.php?id=fhzw, From: subscribe, IPv_Type: ipv6, Location: 美国, ISP: CloudFlare Inc., Date: None, Delay: -1 ms, Speed: 0.00 M/s, Resolution: None
Name: 凤凰中文, URL: https://k44991.kylintv.tv/live/pxna_iphone.m3u8, From: subscribe, IPv_Type: ipv6, Location: 美国-德克萨斯州-奥斯汀, ISP: Confluence-Networks, Date: None, Delay: 0.1 ms, Speed: inf M/s, Resolution: 1920x1080
Name: 凤凰中文, URL: https://cdn.163189.xyz/live/fhzw/stream.m3u8, From: subscribe, IPv_Type: ipv6, Location: 美国, ISP: CloudFlare Inc., Date: None, Delay: 0.1 ms, Speed: inf M/s, Resolution: 1920x1080
Name: 凤凰中文, URL: http://cdn.163.dedyn.io/live/fhzw/stream.m3u8, From: subscribe, IPv_Type: ipv6, Location: 美国, ISP: CloudFlare Inc., Date: None, Delay: 0.1 ms, Speed: inf M/s, Resolution: 1920x1080
Name: 凤凰中文, URL: http://cdn.163189.xyz/live/fhzw/stream.m3u8, From: subscribe, IPv_Type: ipv6, Location: 美国, ISP: CloudFlare Inc., Date: None, Delay: 0.1 ms, Speed: inf M/s, Resolution: 1920x1080
Name: 凤凰中文, URL: http://cdn5.1678520.xyz:80/live/live2.1.php?id=fhzw, From: subscribe, IPv_Type: ipv6, Location: 美国, ISP: CloudFlare Inc., Date: None, Delay: -1 ms, Speed: 0.00 M/s, Resolution: None
Name: 凤凰中文, URL: http://www.terrykang.cn:5678/sxg.php?id=test1_4000, From: subscribe, IPv_Type: ipv6, Location: 中国, ISP: 中国电信, Date: None, Delay: 0.1 ms, Speed: inf M/s, Resolution: 1920x1080
Name: 凤凰中文, URL: http://php.17186.eu.org/phtv/fhzw.m3u8, From: subscribe, IPv_Type: ipv6, Location: 美国, ISP: CloudFlare Inc., Date: None, Delay: 0.1 ms, Speed: inf M/s, Resolution: 1920x1080
Name: 凤凰中文, URL: https://live.tvfix.org/live/fhzw/index.m3u8, From: subscribe, IPv_Type: ipv6, Location: 新加坡, ISP: Aceville Pte.Ltd., Date: None, Delay: -1 ms, Speed: 0.00 M/s, Resolution: None
Name: 凤凰中文, URL: https://migu.188766.xyz/?migutoken=fd823f5c788f9f2c05986d155ff32e63&id=fhzw&pp=1, From: subscribe, IPv_Type: ipv6, Location: 美国, ISP: CloudFlare Inc., Date: None, Delay: -1 ms, Speed: 0.00 M/s, Resolution: None
Name: 凤凰中文, URL: http://api.mg.itv888.cn:8080/hls/2f80047f91e/index.m3u8, From: subscribe, IPv_Type: ipv6, Location: 新加坡, ISP: Aceville Pte.Ltd., Date: None, Delay: -1 ms, Speed: 0.00 M/s, Resolution: None
Name: 凤凰中文, URL: https://smart.pendy.dpdns.org/Smart.php?id=phoenixtv_hd, From: subscribe, IPv_Type: ipv6, Location: 美国, ISP: CloudFlare Inc., Date: None, Delay: -1 ms, Speed: 0.00 M/s, Resolution: None
Name: 凤凰中文, URL: https://cdn9.163189.xyz/smt3.1.1.php?id=phoenixtv_hd, From: subscribe, IPv_Type: ipv6, Location: 美国, ISP: CloudFlare Inc., Date: None, Delay: -1 ms, Speed: 0.00 M/s, Resolution: None
Name: 凤凰中文, URL: https://smt.1678520.xyz/smt3.2.1.php?id=phoenixtv_hd, From: subscribe, IPv_Type: ipv6, Location: 美国, ISP: CloudFlare Inc., Date: None, Delay: -1 ms, Speed: 0.00 M/s, Resolution: None
Name: 凤凰中文, URL: https://mgev.188766.xyz/?migutoken=0447c4cbb5b59de9eb3c785abcecb5d4&id=hk_fhzw&type=dy, From: subscribe, IPv_Type: ipv6, Location: 美国, ISP: CloudFlare Inc., Date: None, Delay: -1 ms, Speed: 0.00 M/s, Resolution: None
Name: 凤凰中文, URL: https://cdn6.101.qzz.io/163189/fhzw, From: subscribe, IPv_Type: ipv6, Location: 美国, ISP: CloudFlare Inc., Date: None, Delay: -1 ms, Speed: 0.00 M/s, Resolution: None
Name: 凤凰中文, URL: https://hk.188766.xyz/?migutoken=acd0ca5b8ef7ec659301ecb92f7803f3&id=hk_fhzw&type=dy, From: subscribe, IPv_Type: ipv6, Location: 美国, ISP: CloudFlare Inc., Date: None, Delay: -1 ms, Speed: 0.00 M/s, Resolution: None
Name: 凤凰中文, URL: http://cdn6.163189.xyz/163189/fhzw, From: subscribe, IPv_Type: ipv6, Location: 新加坡, ISP: Aceville Pte.Ltd., Date: None, Delay: -1 ms, Speed: 0.00 M/s, Resolution: None
Name: 凤凰中文, URL: https://cdn.iptv8k.top/dl/jrys.php?id=19&time=20240926215313&ip=111.229.253.40, From: subscribe, IPv_Type: ipv4, Location: 美国, ISP: CloudFlare节点, Date: None, Delay: 61 ms, Speed: 5.01 M/s, Resolution: 1920x1080
Name: 凤凰资讯, URL: http://php.jdshipin.com:8880/smt.php?id=phoenixinfo_hd, From: subscribe, IPv_Type: ipv6, Location: 美国, ISP: CloudFlare Inc., Date: None, Delay: -1 ms, Speed: 0.00 M/s, Resolution: None
Name: 凤凰资讯, URL: https://cdn6.163189.xyz/live/fhzx/stream.m3u8, From: subscribe, IPv_Type: ipv6, Location: 美国, ISP: CloudFlare Inc., Date: None, Delay: 0.1 ms, Speed: inf M/s, Resolution: 1920x1080
Name: 凤凰资讯, URL: https://smart.pendy.dpdns.org/Smart.php?id=phoenixinfo_hd, From: subscribe, IPv_Type: ipv6, Location: 美国, ISP: CloudFlare Inc., Date: None, Delay: 0.1 ms, Speed: inf M/s, Resolution: 1920x1080
Name: 凤凰资讯, URL: http://cdn3.163189.xyz/live/fhzx/stream.m3u8, From: subscribe, IPv_Type: ipv6, Location: 美国, ISP: CloudFlare Inc., Date: None, Delay: 0.1 ms, Speed: inf M/s, Resolution: 1920x1080
Name: 凤凰资讯, URL: https://cdn3.163189.xyz/live/fhzx/stream.m3u8, From: subscribe, IPv_Type: ipv6, Location: 美国, ISP: CloudFlare Inc., Date: None, Delay: 0.1 ms, Speed: inf M/s, Resolution: 1920x1080
Name: 凤凰资讯, URL: http://cdn5.1678520.xyz:80/live/live2.1.php?id=fhzx, From: subscribe, IPv_Type: ipv6, Location: 美国, ISP: CloudFlare Inc., Date: None, Delay: -1 ms, Speed: 0.00 M/s, Resolution: None
Name: 凤凰资讯, URL: http://www.terrykang.cn:5678/sxg.php?id=test2_4000, From: subscribe, IPv_Type: ipv6, Location: 中国, ISP: 中国电信, Date: None, Delay: 0.1 ms, Speed: inf M/s, Resolution: 1920x1080
Name: 凤凰资讯, URL: https://k44991.kylintv.tv/live/pxinhd_iphone.m3u8, From: subscribe, IPv_Type: ipv6, Location: 美国-德克萨斯州-奥斯汀, ISP: Confluence-Networks, Date: None, Delay: 0.1 ms, Speed: inf M/s, Resolution: 1920x1080
Name: 凤凰资讯, URL: http://cdn3.132.us.kg/live/fhzx/stream.m3u8, From: subscribe, IPv_Type: ipv6, Location: 美国, ISP: CloudFlare Inc., Date: None, Delay: 0.1 ms, Speed: inf M/s, Resolution: 1920x1080
Name: 凤凰资讯, URL: http://api.mg.itv888.cn:8080/hls/11ef1dc70d8/index.m3u8, From: subscribe, IPv_Type: ipv6, Location: 新加坡, ISP: Aceville Pte.Ltd., Date: None, Delay: -1 ms, Speed: 0.00 M/s, Resolution: None
Name: 凤凰资讯, URL: https://hls-gateway.vpstv.net/streams/476958.m3u8, From: subscribe, IPv_Type: ipv6, Location: 美国, ISP: CloudFlare Inc., Date: None, Delay: -1 ms, Speed: 0.00 M/s, Resolution: None
Name: 凤凰资讯, URL: https://live.tvfix.org/live/fwzx/index.m3u8, From: subscribe, IPv_Type: ipv6, Location: 新加坡, ISP: Aceville Pte.Ltd., Date: None, Delay: -1 ms, Speed: 0.00 M/s, Resolution: None
Name: 凤凰资讯, URL: https://migu.188766.xyz/?migutoken=f1635aa092a4ddd69466b1f4dad0ade6&id=fhzx&pp=1, From: subscribe, IPv_Type: ipv6, Location: 美国, ISP: CloudFlare Inc., Date: None, Delay: -1 ms, Speed: 0.00 M/s, Resolution: None
Name: 凤凰资讯, URL: https://cdn9.163189.xyz/smt3.1.1.php?id=phoenixinfo_hd, From: subscribe, IPv_Type: ipv6, Location: 美国, ISP: CloudFlare Inc., Date: None, Delay: -1 ms, Speed: 0.00 M/s, Resolution: None
Name: 凤凰资讯, URL: https://smt.1678520.xyz/smt3.2.1.php?id=phoenixinfo_hd, From: subscribe, IPv_Type: ipv6, Location: 美国, ISP: CloudFlare Inc., Date: None, Delay: -1 ms, Speed: 0.00 M/s, Resolution: None
Name: 凤凰资讯, URL: https://mgev.188766.xyz/?migutoken=9f9641380ad3c2efc499555c7b08fa8d&id=hk_fhzx&type=dy, From: subscribe, IPv_Type: ipv6, Location: 美国, ISP: CloudFlare Inc., Date: None, Delay: -1 ms, Speed: 0.00 M/s, Resolution: None
Name: 凤凰资讯, URL: https://cdn6.101.qzz.io/163189/fhzx, From: subscribe, IPv_Type: ipv6, Location: 美国, ISP: CloudFlare Inc., Date: None, Delay: -1 ms, Speed: 0.00 M/s, Resolution: None
Name: 凤凰资讯, URL: https://hk.188766.xyz/?migutoken=bb689afb265117c6b96a75b01054fd81&id=hk_fhzx&type=dy, From: subscribe, IPv_Type: ipv6, Location: 美国, ISP: CloudFlare Inc., Date: None, Delay: -1 ms, Speed: 0.00 M/s, Resolution: None
Name: 凤凰资讯, URL: http://api.kkitv.itv888.vip:8080/streams/wzt3qbit80m/index.m3u8, From: subscribe, IPv_Type: ipv6, Location: 美国, ISP: CloudFlare Inc., Date: None, Delay: -1 ms, Speed: 0.00 M/s, Resolution: None
Name: 凤凰香港, URL: http://php.jdshipin.com:8880/smt.php?id=hkphoenix_twn, From: subscribe, IPv_Type: ipv6, Location: 美国, ISP: CloudFlare Inc., Date: None, Delay: -1 ms, Speed: 0.00 M/s, Resolution: None
Name: 凤凰香港, URL: https://cdn6.163189.xyz/live/fhhk/stream.m3u8, From: subscribe, IPv_Type: ipv6, Location: 美国, ISP: CloudFlare Inc., Date: None, Delay: 0.1 ms, Speed: inf M/s, Resolution: 1920x1080
Name: 凤凰香港, URL: http://cdn3.132.us.kg/live/fhhk/stream.m3u8, From: subscribe, IPv_Type: ipv6, Location: 美国, ISP: CloudFlare Inc., Date: None, Delay: 0.1 ms, Speed: inf M/s, Resolution: 1920x1080
Name: 凤凰香港, URL: https://smart.pendy.dpdns.org/Smart.php?id=hkphoenix_twn, From: subscribe, IPv_Type: ipv6, Location: 美国, ISP: CloudFlare Inc., Date: None, Delay: 0.1 ms, Speed: inf M/s, Resolution: 1920x1080
Name: 凤凰香港, URL: https://epg.pw/stream/8770e89223a086eb1b8a0c931e42296d772a8069ad3eb72540e0c434e7cb3e93.m3u8, From: subscribe, IPv_Type: ipv6, Location: 美国, ISP: CloudFlare Inc., Date: None, Delay: 0.1 ms, Speed: inf M/s, Resolution: 1920x1080
Name: 凤凰香港, URL: http://php.17186.eu.org/phtv/fhhk.m3u8, From: subscribe, IPv_Type: ipv6, Location: 美国, ISP: CloudFlare Inc., Date: None, Delay: 0.1 ms, Speed: inf M/s, Resolution: 1920x1080
Name: 凤凰香港, URL: http://[2409:8087:3869:8021:1001::e5]:6610/PLTV/88888910/224/3221226251/index.m3u8, From: subscribe, IPv_Type: ipv6, Location: 中国, ISP: 中国移动, Date: None, Delay: -1 ms, Speed: 0.00 M/s, Resolution: None
Name: 凤凰香港, URL: http://api.mg.itv888.cn:8080/hls/e9660dce9a6/index.m3u8, From: subscribe, IPv_Type: ipv6, Location: 新加坡, ISP: Aceville Pte.Ltd., Date: None, Delay: -1 ms, Speed: 0.00 M/s, Resolution: None
Name: 凤凰香港, URL: https://live.tvfix.org/live/fwxg/index.m3u8, From: subscribe, IPv_Type: ipv6, Location: 新加坡, ISP: Aceville Pte.Ltd., Date: None, Delay: -1 ms, Speed: 0.00 M/s, Resolution: None
Name: 凤凰香港, URL: https://migu.188766.xyz/?migutoken=9ecafb73d10bfcb8654557f74c044d85&id=fhhk&pp=1, From: subscribe, IPv_Type: ipv6, Location: 美国, ISP: CloudFlare Inc., Date: None, Delay: -1 ms, Speed: 0.00 M/s, Resolution: None
Name: 凤凰香港, URL: https://cdn9.163189.xyz/smt3.1.1.php?id=hkphoenix_twn, From: subscribe, IPv_Type: ipv6, Location: 美国, ISP: CloudFlare Inc., Date: None, Delay: -1 ms, Speed: 0.00 M/s, Resolution: None
Name: 凤凰香港, URL: https://mgev.188766.xyz/?migutoken=c53f47ef86391cfe991905ef262f36ee&id=hk_fhhk&type=dy, From: subscribe, IPv_Type: ipv6, Location: 美国, ISP: CloudFlare Inc., Date: None, Delay: -1 ms, Speed: 0.00 M/s, Resolution: None
Name: 凤凰香港, URL: https://cdn6.101.qzz.io/163189/fhhk, From: subscribe, IPv_Type: ipv6, Location: 美国, ISP: CloudFlare Inc., Date: None, Delay: -1 ms, Speed: 0.00 M/s, Resolution: None
Name: 凤凰香港, URL: https://smt.1678520.xyz/smt3.2.1.php?id=hkphoenix_twn, From: subscribe, IPv_Type: ipv6, Location: 美国, ISP: CloudFlare Inc., Date: None, Delay: -1 ms, Speed: 0.00 M/s, Resolution: None
Name: 凤凰香港, URL: https://hk.188766.xyz/?migutoken=7567cd1ec463130a80a536d9d199d871&id=hk_fhhk&type=dy, From: subscribe, IPv_Type: ipv6, Location: 美国, ISP: CloudFlare Inc., Date: None, Delay: -1 ms, Speed: 0.00 M/s, Resolution: None
Name: 凤凰香港, URL: http://cdn6.163189.xyz/163189/fhhk, From: subscribe, IPv_Type: ipv6, Location: 新加坡, ISP: Aceville Pte.Ltd., Date: None, Delay: -1 ms, Speed: 0.00 M/s, Resolution: None
Name: 凤凰香港, URL: http://api.kkitv.itv888.vip:8080/streams/mty4v56ud39/index.m3u8, From: subscribe, IPv_Type: ipv6, Location: 美国, ISP: CloudFlare Inc., Date: None, Delay: -1 ms, Speed: 0.00 M/s, Resolution: None
Name: 凤凰香港, URL: https://cdn.iptv8k.top/dl/jrys.php?id=18&time=20240926215313&ip=111.229.253.40, From: subscribe, IPv_Type: ipv4, Location: 美国, ISP: CloudFlare节点, Date: None, Delay: 65 ms, Speed: 4.81 M/s, Resolution: 1920x1080
Name: 凤凰卫视, URL: http://cdn.132.us.kg/live/fhzw/stream.m3u8, From: subscribe, IPv_Type: ipv6, Location: 美国, ISP: CloudFlare Inc., Date: None, Delay: 0.1 ms, Speed: inf M/s, Resolution: 1920x1080
Name: 凤凰卫视, URL: http://php.jdshipin.com:8880/smt.php?id=phoenixtv_hd, From: None, IPv_Type: ipv6, Location: 美国, ISP: CloudFlare Inc., Date: None, Delay: -1 ms, Speed: 0.00 M/s, Resolution: None
Name: 凤凰卫视, URL: https://smart.pendy.dpdns.org/Smart.php?id=phoenixtv_hd, From: subscribe, IPv_Type: ipv6, Location: 美国, ISP: CloudFlare Inc., Date: None, Delay: 0.1 ms, Speed: inf M/s, Resolution: 1920x1080
Name: 凤凰卫视, URL: http://api.mg.itv888.cn:8080/hls/2f80047f91e/index.m3u8, From: subscribe, IPv_Type: ipv6, Location: 新加坡, ISP: Aceville Pte.Ltd., Date: None, Delay: -1 ms, Speed: 0.00 M/s, Resolution: None
Name: 凤凰卫视, URL: http://api.kkitv.itv888.vip:8080/streams/vny1wblsnch/index.m3u8, From: subscribe, IPv_Type: ipv6, Location: 美国, ISP: CloudFlare Inc., Date: None, Delay: -1 ms, Speed: 0.00 M/s, Resolution: None
Name: TVBS亚洲, URL: http://d2e1asnsl7br7b.cloudfront.net/7782e205e72f43aeb4a48ec97f66ebbe/index_5.m3u8?zshijd, From: subscribe, IPv_Type: ipv6, Location: 美国, ISP: Amazon, Date: None, Delay: 0.1 ms, Speed: inf M/s, Resolution: 1920x1080
Name: TVBS亚洲, URL: https://live.tvfix.org/live/tvbs/index.m3u8, From: subscribe, IPv_Type: ipv6, Location: 新加坡, ISP: Aceville Pte.Ltd., Date: None, Delay: -1 ms, Speed: 0.00 M/s, Resolution: None
Name: TVBS亚洲, URL: http://38.64.72.148:80/hls/modn/list/4005/chunklist1.m3u8, From: subscribe, IPv_Type: ipv4, Location: 美国-加利福尼亚州-洛杉矶, ISP: Cogent, Date: None, Delay: 4651 ms, Speed: 0.24 M/s, Resolution: 1920x1080
Name: 香港卫视, URL: http://cctvtxyh5c.liveplay.myqcloud.com/cstv/xianggangweishi_2/index.m3u8, From: subscribe, IPv_Type: ipv6, Location: 中国, ISP: 中国联通, Date: None, Delay: 0.1 ms, Speed: inf M/s, Resolution: 1920x1080
Name: 香港卫视, URL: https://yvxymm.tv12.xyz/175.m3u8, From: subscribe, IPv_Type: ipv6, Location: 美国, ISP: CloudFlare Inc., Date: None, Delay: -1 ms, Speed: 0.00 M/s, Resolution: None
Name: 香港卫视, URL: https://migu.188766.xyz/?migutoken=71c1dbe4568d6c43573e0f04671d588f&id=%E9%A6%99%E6%B8%AF%E5%8D%AB%E8%A7%86&pp=1, From: subscribe, IPv_Type: ipv6, Location: 美国, ISP: CloudFlare Inc., Date: None, Delay: -1 ms, Speed: 0.00 M/s, Resolution: None
Name: 香港卫视, URL: http://webcast.hkstv.tv/livestream/mutfysrq/playlist.m3u8, From: subscribe, IPv_Type: ipv6, Location: 美国, ISP: , Date: None, Delay: -1 ms, Speed: 0.00 M/s, Resolution: None
Name: 三立台湾, URL: https://cdn.iptv8k.top/dl/jrys.php?id=269&time=20240926215313&ip=111.229.253.40, From: subscribe, IPv_Type: ipv4, Location: 美国, ISP: CloudFlare节点, Date: None, Delay: 59 ms, Speed: 5.20 M/s, Resolution: 1920x1080
Name: 无线新闻, URL: http://php.jdshipin.com:8880/TVOD/iptv.php?id=tvbxw, From: subscribe, IPv_Type: ipv6, Location: 美国, ISP: CloudFlare Inc., Date: None, Delay: 0.1 ms, Speed: inf M/s, Resolution: 1920x1080
Name: 无线新闻, URL: https://cdn9.163189.xyz/smt3.1.1.php?id=inews_twn, From: subscribe, IPv_Type: ipv6, Location: 美国, ISP: CloudFlare Inc., Date: None, Delay: 0.1 ms, Speed: inf M/s, Resolution: 1920x1080
Name: 无线新闻, URL: http://cdn9.163189.xyz/smt1.1.php?id=inews_twn, From: subscribe, IPv_Type: ipv6, Location: 美国, ISP: CloudFlare Inc., Date: None, Delay: 0.1 ms, Speed: inf M/s, Resolution: 1920x1080
Name: 无线新闻, URL: https://v2hcdn.jdshipin.com/news/news.stream/chunklist_w105.m3u8, From: subscribe, IPv_Type: ipv6, Location: 美国, ISP: CloudFlare Inc., Date: None, Delay: 0.1 ms, Speed: inf M/s, Resolution: 1920x1080
Name: 无线新闻, URL: http://v2hcdn.jdshipin.com/news/news.stream/chunklist_w1005.m3u8, From: subscribe, IPv_Type: ipv6, Location: 美国, ISP: CloudFlare Inc., Date: None, Delay: 0.1 ms, Speed: inf M/s, Resolution: 1920x1080
Name: 三立新闻, URL: https://tv.iill.top/4gtv/229, From: subscribe, IPv_Type: ipv6, Location: 美国, ISP: CloudFlare Inc., Date: None, Delay: 0.1 ms, Speed: inf M/s, Resolution: 1920x1080
Name: 三立新闻, URL: https://raw.githubusercontent.com/ChiSheng9/iptv/master/TV32.m3u8, From: subscribe, IPv_Type: ipv6, Location: 美国, ISP: GitHub+Fastly节点, Date: None, Delay: 0.1 ms, Speed: inf M/s, Resolution: 1920x1080
Name: 三立新闻, URL: https://epg.pw/stream/6b49e3faa38adda85abab446f032dc1e686baa0760a9cfa66e2df8fd6fe3b445.m3u8, From: subscribe, IPv_Type: ipv6, Location: 美国, ISP: CloudFlare Inc., Date: None, Delay: 0.1 ms, Speed: inf M/s, Resolution: 1920x1080
Name: 三立新闻, URL: https://hls-gateway.vpstv.net/streams/492922.m3u8, From: subscribe, IPv_Type: ipv6, Location: 美国, ISP: CloudFlare Inc., Date: None, Delay: -1 ms, Speed: 0.00 M/s, Resolution: None
Name: 三立新闻, URL: http://pullpackage.alivecdn.com/live/GDGMQBLKWMPhyKJYSPPR6dnb2lS3FvykpFuj8AZf19Mbfd2yjx.flv, From: subscribe, IPv_Type: ipv6, Location: 美国-加利福尼亚州-洛杉矶, ISP: Level3, Date: None, Delay: -1 ms, Speed: 0.00 M/s, Resolution: None
Name: 三立新闻, URL: https://cdn.iptv8k.top/dl/jrys.php?id=273&time=20240926215313&ip=111.229.253.40, From: subscribe, IPv_Type: ipv4, Location: 美国, ISP: CloudFlare节点, Date: None, Delay: 58 ms, Speed: 5.28 M/s, Resolution: 1920x1080
Name: 东森综合, URL: https://smart.pendy.dpdns.org/Smart.php?id=ettvzhonghe, From: subscribe, IPv_Type: ipv6, Location: 美国, ISP: CloudFlare Inc., Date: None, Delay: 0.1 ms, Speed: inf M/s, Resolution: 1920x1080
Name: 东森综合, URL: https://hls-gateway.vpstv.net/streams/476987.m3u8, From: subscribe, IPv_Type: ipv6, Location: 美国, ISP: CloudFlare Inc., Date: None, Delay: -1 ms, Speed: 0.00 M/s, Resolution: None
Name: 东森综合, URL: https://cdn.iptv8k.top/dl/jrys.php?id=221&amp;time=20240926215313&amp;ip=111.229.253.40, From: subscribe, IPv_Type: ipv4, Location: 美国, ISP: CloudFlare节点, Date: None, Delay: 62 ms, Speed: 4.93 M/s, Resolution: 1920x1080
